{"type": "FeatureCollection", "features": [{"type": "Feature", "geometry": {"type": "Point", "coordinates": [-73.133056, -36.740278]}, "properties": {"nombre": "Frente Huachipato", "cod": "100-A-Sv", "overallTrend": "flat", "dataYears": [1993, 1996], "nYears": 4, "trends": {"Plomo Total": {"direction": "up", "slopePerDecade": 511.3, "latestValue": 11.5067, "latestYear": 1996, "nYears": 4}, "Mercurio Total": {"direction": "down", "slopePerDecade": -808.0, "latestValue": 0.045, "latestYear": 1996, "nYears": 4}, "Cobre Total": {"direction": "up", "slopePerDecade": 240.0, "latestValue": 0.6133, "latestYear": 1996, "nYears": 4}, "Cadmio Total": {"direction": "down", "slopePerDecade": -20.7, "latestValue": 0.1633, "latestYear": 1996, "nYears": 4}}}}, {"type": "Feature", "geometry": {"type": "Point", "coordinates": [-70.213333, -22.091111]}, "properties": {"nombre": "Weste muelle Codelco", "cod": "080-A-To", "overallTrend": "up", "dataYears": [1993, 1996], "nYears": 4, "trends": {"Cadmio Total": {"direction": "up", "slopePerDecade": 73.0, "latestValue": 0.2167, "latestYear": 1996, "nYears": 4}, "Mercurio Total": {"direction": "down", "slopePerDecade": -430.6, "latestValue": 0.0927, "latestYear": 1996, "nYears": 4}, "Plomo Total": {"direction": "up", "slopePerDecade": 483.5, "latestValue": 2.4167, "latestYear": 1996, "nYears": 4}, "Cobre Total": {"direction": "up", "slopePerDecade": 135.7, "latestValue": 23.8933, "latestYear": 1996, "nYears": 4}}}}, {"type": "Feature", "geometry": {"type": "Point", "coordinates": [-71.591667, -33.027222]}, "properties": {"nombre": "Escuela Industrial", "cod": "190-A-Vp", "overallTrend": "down", "dataYears": [1993, 1996], "nYears": 4, "trends": {"Mercurio Total": {"direction": "down", "slopePerDecade": -394.0, "latestValue": 0.1173, "latestYear": 1996, "nYears": 4}, "Plomo Total": {"direction": "up", "slopePerDecade": 84.8, "latestValue": 1.92, "latestYear": 1996, "nYears": 4}, "Cadmio Total": {"direction": "down", "slopePerDecade": -518.7, "latestValue": 0.1133, "latestYear": 1996, "nYears": 4}, "Cobre Total": {"direction": "flat", "slopePerDecade": 5.6, "latestValue": 2.2967, "latestYear": 1996, "nYears": 4}}}}, {"type": "Feature", "geometry": {"type": "Point", "coordinates": [-73.141389, -36.737222]}, "properties": {"nombre": "Este Poza", "cod": "070-A-Sv", "overallTrend": "flat", "dataYears": [1993, 1996], "nYears": 4, "trends": {"Plomo Total": {"direction": "up", "slopePerDecade": 639.5, "latestValue": 10.16, "latestYear": 1996, "nYears": 4}, "Mercurio Total": {"direction": "down", "slopePerDecade": -847.1, "latestValue": 0.065, "latestYear": 1996, "nYears": 4}, "Cobre Total": {"direction": "up", "slopePerDecade": 279.4, "latestValue": 1.66, "latestYear": 1996, "nYears": 4}, "Cadmio Total": {"direction": "down", "slopePerDecade": -56.1, "latestValue": 0.1733, "latestYear": 1996, "nYears": 4}}}}, {"type": "Feature", "geometry": {"type": "Point", "coordinates": [-71.624167, -33.031389]}, "properties": {"nombre": "Poza de abrigo", "cod": "210-A-Vp", "overallTrend": "down", "dataYears": [1993, 1996], "nYears": 4, "trends": {"Cadmio Total": {"direction": "down", "slopePerDecade": -354.3, "latestValue": 0.1467, "latestYear": 1996, "nYears": 4}, "Mercurio Total": {"direction": "down", "slopePerDecade": -297.0, "latestValue": 0.1823, "latestYear": 1996, "nYears": 4}, "Plomo Total": {"direction": "up", "slopePerDecade": 386.9, "latestValue": 1.91, "latestYear": 1996, "nYears": 4}, "Cobre Total": {"direction": "down", "slopePerDecade": -347.2, "latestValue": 1.53, "latestYear": 1996, "nYears": 4}}}}, {"type": "Feature", "geometry": {"type": "Point", "coordinates": [-70.408611, -23.669444]}, "properties": {"nombre": "Balneario Municipal", "cod": "160-A-An", "overallTrend": "flat", "dataYears": [1993, 1996], "nYears": 4, "trends": {"Mercurio Total": {"direction": "down", "slopePerDecade": -110.0, "latestValue": 0.1643, "latestYear": 1996, "nYears": 4}, "Cadmio Total": {"direction": "down", "slopePerDecade": -214.9, "latestValue": 0.14, "latestYear": 1996, "nYears": 4}, "Cobre Total": {"direction": "up", "slopePerDecade": 226.8, "latestValue": 2.0167, "latestYear": 1996, "nYears": 4}, "Plomo Total": {"direction": "up", "slopePerDecade": 392.9, "latestValue": 3.5567, "latestYear": 1996, "nYears": 4}}}}, {"type": "Feature", "geometry": {"type": "Point", "coordinates": [-73.634167, -42.483611]}, "properties": {"nombre": "Punta Pullao", "cod": "030-A-Cs", "overallTrend": "flat", "dataYears": [1993, 1996], "nYears": 4, "trends": {"Cadmio Total": {"direction": "down", "slopePerDecade": -162.0, "latestValue": 0.1233, "latestYear": 1996, "nYears": 4}, "Mercurio Total": {"direction": "down", "slopePerDecade": -775.7, "latestValue": 0.0497, "latestYear": 1996, "nYears": 4}, "Cobre Total": {"direction": "up", "slopePerDecade": 233.6, "latestValue": 1.0433, "latestYear": 1996, "nYears": 4}, "Plomo Total": {"direction": "up", "slopePerDecade": 178.3, "latestValue": 1.5533, "latestYear": 1996, "nYears": 4}}}}, {"type": "Feature", "geometry": {"type": "Point", "coordinates": [-73.636667, -42.377778]}, "properties": {"nombre": "Punta Quiquel", "cod": "020-A-Cd", "overallTrend": "up", "dataYears": [1993, 2011], "nYears": 19, "trends": {"Mercurio Total": {"direction": "up", "slopePerDecade": 127.8, "latestValue": 1.0, "latestYear": 2007, "nYears": 15}, "Plomo Total": {"direction": "up", "slopePerDecade": 19.0, "latestValue": 0.345, "latestYear": 2009, "nYears": 17}, "Cobre Total": {"direction": "down", "slopePerDecade": -47.3, "latestValue": 2.34, "latestYear": 2011, "nYears": 19}, "Cadmio Total": {"direction": "up", "slopePerDecade": 34.3, "latestValue": 0.245, "latestYear": 2009, "nYears": 17}}}}, {"type": "Feature", "geometry": {"type": "Point", "coordinates": [-73.155278, -36.759167]}, "properties": {"nombre": "Playa Lenga Emisario", "cod": "150-A-Sv", "overallTrend": "flat", "dataYears": [1993, 1996], "nYears": 4, "trends": {"Plomo Total": {"direction": "up", "slopePerDecade": 518.0, "latestValue": 4.06, "latestYear": 1996, "nYears": 4}, "Cobre Total": {"direction": "up", "slopePerDecade": 305.3, "latestValue": 1.0233, "latestYear": 1996, "nYears": 4}, "Cadmio Total": {"direction": "down", "slopePerDecade": -205.4, "latestValue": 0.13, "latestYear": 1996, "nYears": 4}, "Mercurio Total": {"direction": "down", "slopePerDecade": -91.2, "latestValue": 0.0507, "latestYear": 1996, "nYears": 4}}}}, {"type": "Feature", "geometry": {"type": "Point", "coordinates": [-70.926111, -53.230833]}, "properties": {"nombre": "Desembocadura R\u00edo Le\u00f1adura", "cod": "160-A-Pr", "overallTrend": "flat", "dataYears": [1993, 1996], "nYears": 4, "trends": {"Cobre Total": {"direction": "up", "slopePerDecade": 356.4, "latestValue": 1.45, "latestYear": 1996, "nYears": 4}, "Plomo Total": {"direction": "up", "slopePerDecade": 210.3, "latestValue": 1.1867, "latestYear": 1996, "nYears": 4}, "Cadmio Total": {"direction": "down", "slopePerDecade": -200.0, "latestValue": 0.1, "latestYear": 1996, "nYears": 4}, "Mercurio Total": {"direction": "down", "slopePerDecade": -79.9, "latestValue": 0.135, "latestYear": 1996, "nYears": 4}}}}, {"type": "Feature", "geometry": {"type": "Point", "coordinates": [-71.616667, -33.034722]}, "properties": {"nombre": "Punta espigon", "cod": "230-A-Vp", "overallTrend": "down", "dataYears": [1993, 1996], "nYears": 4, "trends": {"Cadmio Total": {"direction": "down", "slopePerDecade": -205.9, "latestValue": 0.1067, "latestYear": 1996, "nYears": 4}, "Mercurio Total": {"direction": "down", "slopePerDecade": -393.5, "latestValue": 0.1223, "latestYear": 1996, "nYears": 4}, "Plomo Total": {"direction": "up", "slopePerDecade": 335.7, "latestValue": 1.93, "latestYear": 1996, "nYears": 4}, "Cobre Total": {"direction": "down", "slopePerDecade": -76.0, "latestValue": 2.2767, "latestYear": 1996, "nYears": 4}}}}, {"type": "Feature", "geometry": {"type": "Point", "coordinates": [-71.550833, -32.990278]}, "properties": {"nombre": "Punta Osas", "cod": "050-A-Vp", "overallTrend": "flat", "dataYears": [1993, 1996], "nYears": 4, "trends": {"Mercurio Total": {"direction": "down", "slopePerDecade": -389.6, "latestValue": 0.1583, "latestYear": 1996, "nYears": 4}, "Plomo Total": {"direction": "up", "slopePerDecade": 694.6, "latestValue": 3.69, "latestYear": 1996, "nYears": 4}, "Cadmio Total": {"direction": "down", "slopePerDecade": -343.8, "latestValue": 0.14, "latestYear": 1996, "nYears": 4}, "Cobre Total": {"direction": "up", "slopePerDecade": 37.0, "latestValue": 4.8067, "latestYear": 1996, "nYears": 4}}}}, {"type": "Feature", "geometry": {"type": "Point", "coordinates": [-70.208889, -22.0925]}, "properties": {"nombre": "Lado Norte Brazo Mec\u00e1nico", "cod": "090-A-To", "overallTrend": "down", "dataYears": [1993, 2011], "nYears": 17, "trends": {"Cadmio Total": {"direction": "flat", "slopePerDecade": -2.8, "latestValue": 0.245, "latestYear": 2009, "nYears": 15}, "Plomo Total": {"direction": "down", "slopePerDecade": -102.4, "latestValue": 0.365, "latestYear": 2009, "nYears": 15}, "Mercurio Total": {"direction": "up", "slopePerDecade": 171.6, "latestValue": 1.0, "latestYear": 2007, "nYears": 9}, "Cobre Total": {"direction": "down", "slopePerDecade": -148.6, "latestValue": 8.125, "latestYear": 2011, "nYears": 17}}}}, {"type": "Feature", "geometry": {"type": "Point", "coordinates": [-70.923611, -53.201667]}, "properties": {"nombre": "Punta de Los Ciervos", "cod": "140-A-Pr", "overallTrend": "flat", "dataYears": [1993, 1996], "nYears": 4, "trends": {"Plomo Total": {"direction": "down", "slopePerDecade": -216.3, "latestValue": 1.21, "latestYear": 1996, "nYears": 4}, "Cobre Total": {"direction": "up", "slopePerDecade": 156.4, "latestValue": 1.3267, "latestYear": 1996, "nYears": 4}, "Cadmio Total": {"direction": "down", "slopePerDecade": -464.3, "latestValue": 0.1033, "latestYear": 1996, "nYears": 4}, "Mercurio Total": {"direction": "up", "slopePerDecade": 85.8, "latestValue": 0.1267, "latestYear": 1996, "nYears": 4}}}}, {"type": "Feature", "geometry": {"type": "Point", "coordinates": [-70.918333, -53.185]}, "properties": {"nombre": "Parque Mar\u00eda Behety", "cod": "120-A-Pr", "overallTrend": "up", "dataYears": [1993, 2011], "nYears": 17, "trends": {"Plomo Total": {"direction": "up", "slopePerDecade": 12.6, "latestValue": 0.76, "latestYear": 2009, "nYears": 15}, "Cobre Total": {"direction": "down", "slopePerDecade": -23.3, "latestValue": 3.48, "latestYear": 2011, "nYears": 17}, "Cadmio Total": {"direction": "up", "slopePerDecade": 14.6, "latestValue": 0.32, "latestYear": 2009, "nYears": 15}, "Mercurio Total": {"direction": "up", "slopePerDecade": 144.6, "latestValue": 1.0, "latestYear": 2007, "nYears": 13}}}}, {"type": "Feature", "geometry": {"type": "Point", "coordinates": [-73.759444, -42.488333]}, "properties": {"nombre": "Boya Castro", "cod": "040-A-Cs", "overallTrend": "flat", "dataYears": [1993, 2011], "nYears": 19, "trends": {"Plomo Total": {"direction": "down", "slopePerDecade": -68.6, "latestValue": 0.235, "latestYear": 2009, "nYears": 17}, "Cobre Total": {"direction": "down", "slopePerDecade": -162.1, "latestValue": 2.9475, "latestYear": 2011, "nYears": 19}, "Cadmio Total": {"direction": "up", "slopePerDecade": 36.3, "latestValue": 0.55, "latestYear": 2009, "nYears": 17}, "Mercurio Total": {"direction": "up", "slopePerDecade": 123.8, "latestValue": 1.0, "latestYear": 2007, "nYears": 15}}}}, {"type": "Feature", "geometry": {"type": "Point", "coordinates": [-73.75475, -42.48675]}, "properties": {"nombre": "Boya Castro", "cod": "080-A-Cs", "overallTrend": "down", "dataYears": [1993, 1996], "nYears": 4, "trends": {"Mercurio Total": {"direction": "down", "slopePerDecade": -629.7, "latestValue": 0.0593, "latestYear": 1996, "nYears": 4}, "Cobre Total": {"direction": "down", "slopePerDecade": -23.4, "latestValue": 0.2967, "latestYear": 1996, "nYears": 4}, "Cadmio Total": {"direction": "down", "slopePerDecade": -595.2, "latestValue": 0.1767, "latestYear": 1996, "nYears": 4}, "Plomo Total": {"direction": "up", "slopePerDecade": 145.2, "latestValue": 1.24, "latestYear": 1996, "nYears": 4}}}}, {"type": "Feature", "geometry": {"type": "Point", "coordinates": [-71.554167, -32.955278]}, "properties": {"nombre": "Montemar", "cod": "010-A-Vp", "overallTrend": "down", "dataYears": [1993, 1996], "nYears": 4, "trends": {"Cobre Total": {"direction": "down", "slopePerDecade": -406.2, "latestValue": 1.1, "latestYear": 1996, "nYears": 4}, "Mercurio Total": {"direction": "down", "slopePerDecade": -584.5, "latestValue": 0.116, "latestYear": 1996, "nYears": 4}, "Plomo Total": {"direction": "up", "slopePerDecade": 341.8, "latestValue": 1.5833, "latestYear": 1996, "nYears": 4}, "Cadmio Total": {"direction": "down", "slopePerDecade": -141.8, "latestValue": 0.1333, "latestYear": 1996, "nYears": 4}}}}, {"type": "Feature", "geometry": {"type": "Point", "coordinates": [-71.500833, -32.745556]}, "properties": {"nombre": "Punta Ventanilla", "cod": "030-A-Qu", "overallTrend": "flat", "dataYears": [1993, 1996], "nYears": 4, "trends": {"Cadmio Total": {"direction": "down", "slopePerDecade": -455.8, "latestValue": 0.1, "latestYear": 1996, "nYears": 4}, "Mercurio Total": {"direction": "down", "slopePerDecade": -654.3, "latestValue": 0.1003, "latestYear": 1996, "nYears": 4}, "Plomo Total": {"direction": "up", "slopePerDecade": 349.3, "latestValue": 2.35, "latestYear": 1996, "nYears": 4}, "Cobre Total": {"direction": "up", "slopePerDecade": 99.3, "latestValue": 1.3667, "latestYear": 1996, "nYears": 4}}}}, {"type": "Feature", "geometry": {"type": "Point", "coordinates": [-73.168889, -36.761944]}, "properties": {"nombre": "Frente Caleta Lenga", "cod": "160-A-Sv", "overallTrend": "flat", "dataYears": [1993, 2011], "nYears": 14, "trends": {"Cadmio Total": {"direction": "up", "slopePerDecade": 31.8, "latestValue": 0.07, "latestYear": 2009, "nYears": 12}, "Cobre Total": {"direction": "down", "slopePerDecade": -19.6, "latestValue": 7.78, "latestYear": 2011, "nYears": 14}, "Plomo Total": {"direction": "down", "slopePerDecade": -14.7, "latestValue": 0.79, "latestYear": 2009, "nYears": 12}, "Mercurio Total": {"direction": "up", "slopePerDecade": 78.6, "latestValue": 1.0, "latestYear": 2007, "nYears": 6}}}}, {"type": "Feature", "geometry": {"type": "Point", "coordinates": [-70.888611, -53.171111]}, "properties": {"nombre": "Frente muelle Loreto", "cod": "080-A-Pr", "overallTrend": "up", "dataYears": [1993, 1996], "nYears": 4, "trends": {"Cobre Total": {"direction": "up", "slopePerDecade": 515.4, "latestValue": 3.31, "latestYear": 1996, "nYears": 4}, "Plomo Total": {"direction": "up", "slopePerDecade": 505.1, "latestValue": 1.7633, "latestYear": 1996, "nYears": 4}, "Cadmio Total": {"direction": "down", "slopePerDecade": -26.9, "latestValue": 0.1467, "latestYear": 1996, "nYears": 4}, "Mercurio Total": {"direction": "up", "slopePerDecade": 139.0, "latestValue": 0.2023, "latestYear": 1996, "nYears": 4}}}}, {"type": "Feature", "geometry": {"type": "Point", "coordinates": [-70.865, -53.155278]}, "properties": {"nombre": "Frente Club H\u00edpico", "cod": "050-A-Pr", "overallTrend": "up", "dataYears": [1993, 1996], "nYears": 4, "trends": {"Cobre Total": {"direction": "up", "slopePerDecade": 379.8, "latestValue": 1.4133, "latestYear": 1996, "nYears": 4}, "Plomo Total": {"direction": "up", "slopePerDecade": 375.0, "latestValue": 1.23, "latestYear": 1996, "nYears": 4}, "Cadmio Total": {"direction": "down", "slopePerDecade": -213.2, "latestValue": 0.1133, "latestYear": 1996, "nYears": 4}, "Mercurio Total": {"direction": "up", "slopePerDecade": 74.2, "latestValue": 0.114, "latestYear": 1996, "nYears": 4}}}}, {"type": "Feature", "geometry": {"type": "Point", "coordinates": [-70.850278, -53.124167]}, "properties": {"nombre": "Punta Arenosa", "cod": "030-A-Pr", "overallTrend": "flat", "dataYears": [1993, 1996], "nYears": 4, "trends": {"Cobre Total": {"direction": "up", "slopePerDecade": 541.7, "latestValue": 2.83, "latestYear": 1996, "nYears": 4}, "Mercurio Total": {"direction": "down", "slopePerDecade": -242.1, "latestValue": 0.1273, "latestYear": 1996, "nYears": 4}, "Plomo Total": {"direction": "up", "slopePerDecade": 461.0, "latestValue": 1.6467, "latestYear": 1996, "nYears": 4}, "Cadmio Total": {"direction": "down", "slopePerDecade": -91.7, "latestValue": 0.1567, "latestYear": 1996, "nYears": 4}}}}, {"type": "Feature", "geometry": {"type": "Point", "coordinates": [-71.639444, -33.618889]}, "properties": {"nombre": "Punta Santo Domingo", "cod": "140-A-Sa", "overallTrend": "flat", "dataYears": [1993, 1996], "nYears": 4, "trends": {"Cadmio Total": {"direction": "down", "slopePerDecade": -816.6, "latestValue": 0.2867, "latestYear": 1996, "nYears": 4}, "Cobre Total": {"direction": "up", "slopePerDecade": 460.1, "latestValue": 5.06, "latestYear": 1996, "nYears": 4}, "Plomo Total": {"direction": "up", "slopePerDecade": 463.4, "latestValue": 1.9967, "latestYear": 1996, "nYears": 4}, "Mercurio Total": {"direction": "down", "slopePerDecade": -381.1, "latestValue": 0.0707, "latestYear": 1996, "nYears": 4}}}}, {"type": "Feature", "geometry": {"type": "Point", "coordinates": [-71.630556, -33.596389]}, "properties": {"nombre": "Playa Llolleo", "cod": "120-A-Sa", "overallTrend": "up", "dataYears": [1993, 2011], "nYears": 19, "trends": {"Cobre Total": {"direction": "down", "slopePerDecade": -117.8, "latestValue": 7.9325, "latestYear": 2011, "nYears": 19}, "Plomo Total": {"direction": "up", "slopePerDecade": 19.6, "latestValue": 0.495, "latestYear": 2009, "nYears": 17}, "Mercurio Total": {"direction": "up", "slopePerDecade": 129.5, "latestValue": 1.0, "latestYear": 2007, "nYears": 15}, "Cadmio Total": {"direction": "up", "slopePerDecade": 25.2, "latestValue": 0.16, "latestYear": 2009, "nYears": 17}}}}, {"type": "Feature", "geometry": {"type": "Point", "coordinates": [-71.619444, -33.590278]}, "properties": {"nombre": "Poza", "cod": "110-A-Sa", "overallTrend": "flat", "dataYears": [1993, 1996], "nYears": 4, "trends": {"Cobre Total": {"direction": "up", "slopePerDecade": 126.4, "latestValue": 2.0867, "latestYear": 1996, "nYears": 4}, "Plomo Total": {"direction": "up", "slopePerDecade": 78.1, "latestValue": 1.4267, "latestYear": 1996, "nYears": 4}, "Cadmio Total": {"direction": "down", "slopePerDecade": -477.6, "latestValue": 0.1, "latestYear": 1996, "nYears": 4}, "Mercurio Total": {"direction": "down", "slopePerDecade": -468.5, "latestValue": 0.0677, "latestYear": 1996, "nYears": 4}}}}, {"type": "Feature", "geometry": {"type": "Point", "coordinates": [-71.621111, -33.586667]}, "properties": {"nombre": "Sitio 5", "cod": "080-A-Sa", "overallTrend": "up", "dataYears": [1993, 2011], "nYears": 19, "trends": {"Cobre Total": {"direction": "down", "slopePerDecade": -116.5, "latestValue": 6.935, "latestYear": 2011, "nYears": 19}, "Cadmio Total": {"direction": "up", "slopePerDecade": 22.7, "latestValue": 0.085, "latestYear": 2009, "nYears": 17}, "Plomo Total": {"direction": "up", "slopePerDecade": 25.8, "latestValue": 0.36, "latestYear": 2009, "nYears": 17}, "Mercurio Total": {"direction": "up", "slopePerDecade": 160.1, "latestValue": 1.0, "latestYear": 2007, "nYears": 15}}}}, {"type": "Feature", "geometry": {"type": "Point", "coordinates": [-70.406111, -23.650278]}, "properties": {"nombre": "Frente Puerto Antiguo de Antofagasta", "cod": "120-A-An", "overallTrend": "flat", "dataYears": [1993, 2011], "nYears": 15, "trends": {"Mercurio Total": {"direction": "up", "slopePerDecade": 137.7, "latestValue": 1.0, "latestYear": 2007, "nYears": 11}, "Cadmio Total": {"direction": "up", "slopePerDecade": 20.6, "latestValue": 0.34, "latestYear": 2009, "nYears": 13}, "Cobre Total": {"direction": "down", "slopePerDecade": -64.6, "latestValue": 5.1425, "latestYear": 2011, "nYears": 15}, "Plomo Total": {"direction": "down", "slopePerDecade": -26.1, "latestValue": 0.47, "latestYear": 2009, "nYears": 13}}}}, {"type": "Feature", "geometry": {"type": "Point", "coordinates": [-71.563611, -33.018611]}, "properties": {"nombre": "Desembocadura Marga-Marga", "cod": "140-A-Vp", "overallTrend": "flat", "dataYears": [1993, 2011], "nYears": 19, "trends": {"Plomo Total": {"direction": "down", "slopePerDecade": -76.5, "latestValue": 0.5, "latestYear": 2009, "nYears": 17}, "Mercurio Total": {"direction": "up", "slopePerDecade": 69.1, "latestValue": 1.0, "latestYear": 2007, "nYears": 15}, "Cadmio Total": {"direction": "up", "slopePerDecade": 28.0, "latestValue": 0.2, "latestYear": 2009, "nYears": 17}, "Cobre Total": {"direction": "down", "slopePerDecade": -126.6, "latestValue": 5.075, "latestYear": 2011, "nYears": 19}}}}, {"type": "Feature", "geometry": {"type": "Point", "coordinates": [-73.0625, -36.718889]}, "properties": {"nombre": "Bajo Isla Los Reyes", "cod": "110-A-Th", "overallTrend": "up", "dataYears": [1993, 1996], "nYears": 4, "trends": {"Cadmio Total": {"direction": "up", "slopePerDecade": 156.2, "latestValue": 0.1067, "latestYear": 1996, "nYears": 4}, "Mercurio Total": {"direction": "down", "slopePerDecade": -295.1, "latestValue": 0.0733, "latestYear": 1996, "nYears": 4}, "Plomo Total": {"direction": "up", "slopePerDecade": 429.0, "latestValue": 1.5633, "latestYear": 1996, "nYears": 4}, "Cobre Total": {"direction": "up", "slopePerDecade": 406.4, "latestValue": 1.57, "latestYear": 1996, "nYears": 4}}}}, {"type": "Feature", "geometry": {"type": "Point", "coordinates": [-73.100833, -36.720833]}, "properties": {"nombre": "Yomas Pesqueras", "cod": "120-A-Th", "overallTrend": "flat", "dataYears": [1993, 2011], "nYears": 19, "trends": {"Mercurio Total": {"direction": "up", "slopePerDecade": 152.4, "latestValue": 1.0, "latestYear": 2007, "nYears": 15}, "Cobre Total": {"direction": "down", "slopePerDecade": -124.7, "latestValue": 3.8325, "latestYear": 2011, "nYears": 18}, "Cadmio Total": {"direction": "up", "slopePerDecade": 17.4, "latestValue": 0.115, "latestYear": 2009, "nYears": 16}, "Plomo Total": {"direction": "down", "slopePerDecade": -21.0, "latestValue": 0.39, "latestYear": 2009, "nYears": 16}}}}, {"type": "Feature", "geometry": {"type": "Point", "coordinates": [-70.149722, -20.232778]}, "properties": {"nombre": "Playa Cavancha", "cod": "150-A-Iq", "overallTrend": "flat", "dataYears": [1993, 1996], "nYears": 4, "trends": {"Cobre Total": {"direction": "up", "slopePerDecade": 1092.5, "latestValue": 25.5333, "latestYear": 1996, "nYears": 4}, "Plomo Total": {"direction": "up", "slopePerDecade": 624.9, "latestValue": 3.6267, "latestYear": 1996, "nYears": 4}, "Cadmio Total": {"direction": "down", "slopePerDecade": -118.0, "latestValue": 0.1733, "latestYear": 1996, "nYears": 4}, "Mercurio Total": {"direction": "down", "slopePerDecade": -49.8, "latestValue": 0.121, "latestYear": 1996, "nYears": 4}}}}, {"type": "Feature", "geometry": {"type": "Point", "coordinates": [-70.1525, -20.208056]}, "properties": {"nombre": "La Puntilla", "cod": "120-A-Iq", "overallTrend": "down", "dataYears": [1993, 2011], "nYears": 19, "trends": {"Plomo Total": {"direction": "down", "slopePerDecade": -109.7, "latestValue": 0.51, "latestYear": 2009, "nYears": 17}, "Cobre Total": {"direction": "down", "slopePerDecade": -157.6, "latestValue": 7.1375, "latestYear": 2011, "nYears": 19}, "Cadmio Total": {"direction": "up", "slopePerDecade": 17.5, "latestValue": 0.64, "latestYear": 2009, "nYears": 17}, "Mercurio Total": {"direction": "down", "slopePerDecade": -29.5, "latestValue": 1.0, "latestYear": 2007, "nYears": 15}}}}, {"type": "Feature", "geometry": {"type": "Point", "coordinates": [-70.146667, -20.204167]}, "properties": {"nombre": "Muelle Naval", "cod": "090-A-Iq", "overallTrend": "flat", "dataYears": [1993, 2011], "nYears": 10, "trends": {"Cobre Total": {"direction": "down", "slopePerDecade": -26.7, "latestValue": 7.3575, "latestYear": 2011, "nYears": 10}, "Plomo Total": {"direction": "down", "slopePerDecade": -30.0, "latestValue": 0.61, "latestYear": 2009, "nYears": 8}, "Mercurio Total": {"direction": "up", "slopePerDecade": 206.8, "latestValue": 1.0, "latestYear": 2007, "nYears": 5}, "Cadmio Total": {"direction": "up", "slopePerDecade": 20.1, "latestValue": 0.66, "latestYear": 2009, "nYears": 8}}}}, {"type": "Feature", "geometry": {"type": "Point", "coordinates": [-70.156111, -20.201389]}, "properties": {"nombre": "Molo Abrigo", "cod": "070-A-Iq", "overallTrend": "up", "dataYears": [1993, 1996], "nYears": 4, "trends": {"Cobre Total": {"direction": "up", "slopePerDecade": 809.5, "latestValue": 6.0133, "latestYear": 1996, "nYears": 4}, "Plomo Total": {"direction": "up", "slopePerDecade": 467.3, "latestValue": 2.71, "latestYear": 1996, "nYears": 4}, "Cadmio Total": {"direction": "down", "slopePerDecade": -22.8, "latestValue": 0.1533, "latestYear": 1996, "nYears": 4}, "Mercurio Total": {"direction": "up", "slopePerDecade": 300.4, "latestValue": 0.1, "latestYear": 1996, "nYears": 4}}}}, {"type": "Feature", "geometry": {"type": "Point", "coordinates": [-70.140556, -20.192778]}, "properties": {"nombre": "Playa El Colorado", "cod": "050-A-Iq", "overallTrend": "flat", "dataYears": [1993, 2011], "nYears": 19, "trends": {"Plomo Total": {"direction": "down", "slopePerDecade": -100.1, "latestValue": 0.295, "latestYear": 2009, "nYears": 17}, "Cobre Total": {"direction": "down", "slopePerDecade": -123.9, "latestValue": 7.6375, "latestYear": 2011, "nYears": 19}, "Cadmio Total": {"direction": "up", "slopePerDecade": 28.8, "latestValue": 0.565, "latestYear": 2009, "nYears": 17}, "Mercurio Total": {"direction": "up", "slopePerDecade": 148.1, "latestValue": 1.0, "latestYear": 2007, "nYears": 15}}}}, {"type": "Feature", "geometry": {"type": "Point", "coordinates": [-73.150556, -36.731944]}, "properties": {"nombre": "Weste Rompeolas", "cod": "030-A-Sv", "overallTrend": "flat", "dataYears": [1993, 2011], "nYears": 18, "trends": {"Cobre Total": {"direction": "down", "slopePerDecade": -121.9, "latestValue": 7.7725, "latestYear": 2011, "nYears": 18}, "Plomo Total": {"direction": "down", "slopePerDecade": -110.8, "latestValue": 0.55, "latestYear": 2009, "nYears": 16}, "Mercurio Total": {"direction": "up", "slopePerDecade": 197.7, "latestValue": 1.0, "latestYear": 2007, "nYears": 10}, "Cadmio Total": {"direction": "up", "slopePerDecade": 27.2, "latestValue": 0.15, "latestYear": 2009, "nYears": 16}}}}, {"type": "Feature", "geometry": {"type": "Point", "coordinates": [-70.144444, -20.189722]}, "properties": {"nombre": "Marinero Desconocido", "cod": "040-A-Iq", "overallTrend": "flat", "dataYears": [1993, 1996], "nYears": 4, "trends": {"Plomo Total": {"direction": "down", "slopePerDecade": -48.9, "latestValue": 1.89, "latestYear": 1996, "nYears": 4}, "Cobre Total": {"direction": "up", "slopePerDecade": 505.9, "latestValue": 5.6067, "latestYear": 1996, "nYears": 4}, "Cadmio Total": {"direction": "down", "slopePerDecade": -91.4, "latestValue": 0.1233, "latestYear": 1996, "nYears": 4}, "Mercurio Total": {"direction": "up", "slopePerDecade": 226.5, "latestValue": 0.1197, "latestYear": 1996, "nYears": 4}}}}, {"type": "Feature", "geometry": {"type": "Point", "coordinates": [-70.150556, -20.188333]}, "properties": {"nombre": "Boya Esmeralda", "cod": "030-A-Iq", "overallTrend": "up", "dataYears": [1993, 1996], "nYears": 4, "trends": {"Plomo Total": {"direction": "up", "slopePerDecade": 1028.7, "latestValue": 19.4867, "latestYear": 1996, "nYears": 4}, "Cobre Total": {"direction": "up", "slopePerDecade": 712.1, "latestValue": 6.0, "latestYear": 1996, "nYears": 4}, "Cadmio Total": {"direction": "down", "slopePerDecade": -255.2, "latestValue": 0.2367, "latestYear": 1996, "nYears": 4}, "Mercurio Total": {"direction": "up", "slopePerDecade": 84.1, "latestValue": 0.1067, "latestYear": 1996, "nYears": 4}}}}, {"type": "Feature", "geometry": {"type": "Point", "coordinates": [-73.131389, -36.727222]}, "properties": {"nombre": "Puerto San Vicente", "cod": "010-A-Sv", "overallTrend": "up", "dataYears": [1993, 1996], "nYears": 4, "trends": {"Cadmio Total": {"direction": "up", "slopePerDecade": 63.5, "latestValue": 0.2333, "latestYear": 1996, "nYears": 4}, "Cobre Total": {"direction": "up", "slopePerDecade": 540.5, "latestValue": 3.06, "latestYear": 1996, "nYears": 4}, "Plomo Total": {"direction": "up", "slopePerDecade": 704.2, "latestValue": 9.38, "latestYear": 1996, "nYears": 4}, "Mercurio Total": {"direction": "down", "slopePerDecade": -703.8, "latestValue": 0.076, "latestYear": 1996, "nYears": 4}}}}, {"type": "Feature", "geometry": {"type": "Point", "coordinates": [-70.318889, -18.459167]}, "properties": {"nombre": "Emisario", "cod": "030-A-Ar", "overallTrend": "up", "dataYears": [1993, 1996], "nYears": 4, "trends": {"Mercurio Total": {"direction": "up", "slopePerDecade": 270.9, "latestValue": 0.119, "latestYear": 1996, "nYears": 4}, "Cadmio Total": {"direction": "up", "slopePerDecade": 230.3, "latestValue": 0.4367, "latestYear": 1996, "nYears": 4}, "Cobre Total": {"direction": "up", "slopePerDecade": 836.6, "latestValue": 19.89, "latestYear": 1996, "nYears": 4}, "Plomo Total": {"direction": "up", "slopePerDecade": 866.2, "latestValue": 7.0767, "latestYear": 1996, "nYears": 4}}}}, {"type": "Feature", "geometry": {"type": "Point", "coordinates": [-70.325, -18.473889]}, "properties": {"nombre": "Poza Puerto", "cod": "060-A-Ar", "overallTrend": "flat", "dataYears": [1993, 2011], "nYears": 18, "trends": {"Mercurio Total": {"direction": "up", "slopePerDecade": 144.4, "latestValue": 1.0, "latestYear": 2007, "nYears": 14}, "Cadmio Total": {"direction": "up", "slopePerDecade": 16.1, "latestValue": 0.34, "latestYear": 2009, "nYears": 16}, "Cobre Total": {"direction": "down", "slopePerDecade": -118.3, "latestValue": 3.6075, "latestYear": 2011, "nYears": 18}, "Plomo Total": {"direction": "down", "slopePerDecade": -97.9, "latestValue": 0.535, "latestYear": 2009, "nYears": 16}}}}, {"type": "Feature", "geometry": {"type": "Point", "coordinates": [-70.3275, -18.478889]}, "properties": {"nombre": "Norte pen\u00ednsula Alac\u00e1n", "cod": "070-A-Ar", "overallTrend": "up", "dataYears": [1993, 1996], "nYears": 4, "trends": {"Mercurio Total": {"direction": "down", "slopePerDecade": -313.4, "latestValue": 0.1383, "latestYear": 1996, "nYears": 4}, "Cadmio Total": {"direction": "up", "slopePerDecade": 83.5, "latestValue": 0.27, "latestYear": 1996, "nYears": 4}, "Cobre Total": {"direction": "flat", "slopePerDecade": -5.9, "latestValue": 2.8067, "latestYear": 1996, "nYears": 4}, "Plomo Total": {"direction": "up", "slopePerDecade": 636.6, "latestValue": 4.3067, "latestYear": 1996, "nYears": 4}}}}, {"type": "Feature", "geometry": {"type": "Point", "coordinates": [-70.330278, -18.484722]}, "properties": {"nombre": "Sur Pen\u00ednsula Alacr\u00e1n", "cod": "100-A-Ar", "overallTrend": "flat", "dataYears": [1993, 1996], "nYears": 4, "trends": {"Mercurio Total": {"direction": "down", "slopePerDecade": -82.2, "latestValue": 0.1737, "latestYear": 1996, "nYears": 4}, "Cadmio Total": {"direction": "down", "slopePerDecade": -39.4, "latestValue": 0.1933, "latestYear": 1996, "nYears": 4}, "Cobre Total": {"direction": "up", "slopePerDecade": 123.0, "latestValue": 1.9067, "latestYear": 1996, "nYears": 4}, "Plomo Total": {"direction": "up", "slopePerDecade": 509.3, "latestValue": 2.8, "latestYear": 1996, "nYears": 4}}}}, {"type": "Feature", "geometry": {"type": "Point", "coordinates": [-70.397222, -23.617222]}, "properties": {"nombre": "Cuadra Calle Calama", "cod": "030-A-An", "overallTrend": "flat", "dataYears": [1993, 2011], "nYears": 19, "trends": {"Mercurio Total": {"direction": "down", "slopePerDecade": -105.2, "latestValue": 1.0, "latestYear": 2007, "nYears": 15}, "Cadmio Total": {"direction": "up", "slopePerDecade": 38.5, "latestValue": 0.31, "latestYear": 2009, "nYears": 17}, "Cobre Total": {"direction": "down", "slopePerDecade": -47.5, "latestValue": 4.675, "latestYear": 2011, "nYears": 19}, "Plomo Total": {"direction": "up", "slopePerDecade": 18.6, "latestValue": 0.515, "latestYear": 2009, "nYears": 17}}}}, {"type": "Feature", "geometry": {"type": "Point", "coordinates": [-70.326667, -18.493889]}, "properties": {"nombre": "Playa La Lisera", "cod": "120-A-Ar", "overallTrend": "flat", "dataYears": [1993, 1996], "nYears": 4, "trends": {"Mercurio Total": {"direction": "down", "slopePerDecade": -383.4, "latestValue": 0.0697, "latestYear": 1996, "nYears": 4}, "Cadmio Total": {"direction": "up", "slopePerDecade": 176.6, "latestValue": 0.3033, "latestYear": 1996, "nYears": 4}, "Cobre Total": {"direction": "down", "slopePerDecade": -401.1, "latestValue": 3.1933, "latestYear": 1996, "nYears": 4}, "Plomo Total": {"direction": "up", "slopePerDecade": 530.7, "latestValue": 2.8433, "latestYear": 1996, "nYears": 4}}}}, {"type": "Feature", "geometry": {"type": "Point", "coordinates": [-70.32, -18.508333]}, "properties": {"nombre": "Pesquera Coloso/TTMM Comap", "cod": "150-A-Ar", "overallTrend": "flat", "dataYears": [1993, 2011], "nYears": 18, "trends": {"Mercurio Total": {"direction": "up", "slopePerDecade": 151.1, "latestValue": 1.0, "latestYear": 2007, "nYears": 14}, "Cadmio Total": {"direction": "up", "slopePerDecade": 18.9, "latestValue": 0.35, "latestYear": 2009, "nYears": 16}, "Cobre Total": {"direction": "down", "slopePerDecade": -113.2, "latestValue": 3.84, "latestYear": 2011, "nYears": 18}, "Plomo Total": {"direction": "down", "slopePerDecade": -96.3, "latestValue": 0.68, "latestYear": 2009, "nYears": 16}}}}, {"type": "Feature", "geometry": {"type": "Point", "coordinates": [-71.616667, -33.5825]}, "properties": {"nombre": "Muelle Pescadores", "cod": "060-A-Sa", "overallTrend": "flat", "dataYears": [1993, 1996], "nYears": 4, "trends": {"Cobre Total": {"direction": "up", "slopePerDecade": 255.6, "latestValue": 4.3933, "latestYear": 1996, "nYears": 4}, "Plomo Total": {"direction": "up", "slopePerDecade": 262.7, "latestValue": 2.4267, "latestYear": 1996, "nYears": 4}, "Cadmio Total": {"direction": "down", "slopePerDecade": -290.3, "latestValue": 0.2233, "latestYear": 1996, "nYears": 4}, "Mercurio Total": {"direction": "down", "slopePerDecade": -158.4, "latestValue": 0.1013, "latestYear": 1996, "nYears": 4}}}}, {"type": "Feature", "geometry": {"type": "Point", "coordinates": [-71.4875, -32.753333]}, "properties": {"nombre": "Sur Muelle Ventanas", "cod": "040-A-Qu", "overallTrend": "flat", "dataYears": [1993, 1996], "nYears": 4, "trends": {"Mercurio Total": {"direction": "up", "slopePerDecade": 68.1, "latestValue": 0.0707, "latestYear": 1996, "nYears": 4}, "Cadmio Total": {"direction": "down", "slopePerDecade": -699.2, "latestValue": 0.1, "latestYear": 1996, "nYears": 4}, "Plomo Total": {"direction": "up", "slopePerDecade": 387.4, "latestValue": 2.5167, "latestYear": 1996, "nYears": 4}, "Cobre Total": {"direction": "down", "slopePerDecade": -98.4, "latestValue": 2.4333, "latestYear": 1996, "nYears": 4}}}}, {"type": "Feature", "geometry": {"type": "Point", "coordinates": [-71.517778, -32.761944]}, "properties": {"nombre": "Superboya (RPC)", "cod": "070-A-Qu", "overallTrend": "up", "dataYears": [1993, 2011], "nYears": 19, "trends": {"Plomo Total": {"direction": "up", "slopePerDecade": 31.7, "latestValue": 0.485, "latestYear": 2009, "nYears": 17}, "Mercurio Total": {"direction": "up", "slopePerDecade": 120.8, "latestValue": 1.0, "latestYear": 2007, "nYears": 15}, "Cobre Total": {"direction": "down", "slopePerDecade": -155.1, "latestValue": 4.7625, "latestYear": 2011, "nYears": 19}, "Cadmio Total": {"direction": "up", "slopePerDecade": 24.7, "latestValue": 0.2, "latestYear": 2009, "nYears": 17}}}}, {"type": "Feature", "geometry": {"type": "Point", "coordinates": [-71.5525, -33.001389]}, "properties": {"nombre": "Playa Los Marineros", "cod": "080-A-Vp", "overallTrend": "down", "dataYears": [1993, 1996], "nYears": 4, "trends": {"Mercurio Total": {"direction": "down", "slopePerDecade": -80.6, "latestValue": 0.116, "latestYear": 1996, "nYears": 4}, "Cadmio Total": {"direction": "down", "slopePerDecade": -157.5, "latestValue": 0.1267, "latestYear": 1996, "nYears": 4}, "Plomo Total": {"direction": "up", "slopePerDecade": 369.7, "latestValue": 1.8733, "latestYear": 1996, "nYears": 4}, "Cobre Total": {"direction": "down", "slopePerDecade": -150.1, "latestValue": 1.8867, "latestYear": 1996, "nYears": 4}}}}, {"type": "Feature", "geometry": {"type": "Point", "coordinates": [-71.528611, -32.762778]}, "properties": {"nombre": "Cueva del Pirata", "cod": "080-A-Qu", "overallTrend": "flat", "dataYears": [1993, 1996], "nYears": 4, "trends": {"Mercurio Total": {"direction": "down", "slopePerDecade": -238.0, "latestValue": 0.159, "latestYear": 1996, "nYears": 4}, "Cadmio Total": {"direction": "down", "slopePerDecade": -435.3, "latestValue": 0.13, "latestYear": 1996, "nYears": 4}, "Cobre Total": {"direction": "up", "slopePerDecade": 428.8, "latestValue": 4.4733, "latestYear": 1996, "nYears": 4}, "Plomo Total": {"direction": "up", "slopePerDecade": 560.0, "latestValue": 3.32, "latestYear": 1996, "nYears": 4}}}}, {"type": "Feature", "geometry": {"type": "Point", "coordinates": [-71.624444, -33.582222]}, "properties": {"nombre": "Rada El Toro", "cod": "050-A-Sa", "overallTrend": "flat", "dataYears": [1993, 1996], "nYears": 4, "trends": {"Cobre Total": {"direction": "up", "slopePerDecade": 183.8, "latestValue": 2.74, "latestYear": 1996, "nYears": 4}, "Plomo Total": {"direction": "up", "slopePerDecade": 417.1, "latestValue": 3.8367, "latestYear": 1996, "nYears": 4}, "Cadmio Total": {"direction": "down", "slopePerDecade": -532.3, "latestValue": 0.1567, "latestYear": 1996, "nYears": 4}, "Mercurio Total": {"direction": "down", "slopePerDecade": -457.9, "latestValue": 0.051, "latestYear": 1996, "nYears": 4}}}}, {"type": "Feature", "geometry": {"type": "Point", "coordinates": [-71.492778, -32.766111]}, "properties": {"nombre": "Muelle ENAP (RPC)", "cod": "090-A-Qu", "overallTrend": "up", "dataYears": [1993, 2011], "nYears": 19, "trends": {"Mercurio Total": {"direction": "up", "slopePerDecade": 146.3, "latestValue": 1.0, "latestYear": 2007, "nYears": 15}, "Plomo Total": {"direction": "up", "slopePerDecade": 28.7, "latestValue": 0.495, "latestYear": 2009, "nYears": 17}, "Cadmio Total": {"direction": "up", "slopePerDecade": 22.5, "latestValue": 0.19, "latestYear": 2009, "nYears": 17}, "Cobre Total": {"direction": "down", "slopePerDecade": -146.6, "latestValue": 4.8975, "latestYear": 2011, "nYears": 19}}}}, {"type": "Feature", "geometry": {"type": "Point", "coordinates": [-70.401667, -23.631389]}, "properties": {"nombre": "Frente Cervecer\u00eda", "cod": "060-A-An", "overallTrend": "flat", "dataYears": [1993, 1996], "nYears": 4, "trends": {"Mercurio Total": {"direction": "down", "slopePerDecade": -458.4, "latestValue": 0.075, "latestYear": 1996, "nYears": 4}, "Cadmio Total": {"direction": "down", "slopePerDecade": -108.7, "latestValue": 0.2367, "latestYear": 1996, "nYears": 4}, "Cobre Total": {"direction": "up", "slopePerDecade": 389.2, "latestValue": 4.2333, "latestYear": 1996, "nYears": 4}, "Plomo Total": {"direction": "up", "slopePerDecade": 807.3, "latestValue": 16.4933, "latestYear": 1996, "nYears": 4}}}}, {"type": "Feature", "geometry": {"type": "Point", "coordinates": [-70.1975, -22.080278]}, "properties": {"nombre": "Playa El Pante\u00f3n", "cod": "040-A-To", "overallTrend": "up", "dataYears": [1993, 1996], "nYears": 4, "trends": {"Mercurio Total": {"direction": "up", "slopePerDecade": 153.4, "latestValue": 0.1397, "latestYear": 1996, "nYears": 4}, "Plomo Total": {"direction": "up", "slopePerDecade": 621.1, "latestValue": 3.2067, "latestYear": 1996, "nYears": 4}, "Cadmio Total": {"direction": "down", "slopePerDecade": -256.3, "latestValue": 0.1, "latestYear": 1996, "nYears": 4}, "Cobre Total": {"direction": "up", "slopePerDecade": 321.2, "latestValue": 150.8233, "latestYear": 1996, "nYears": 4}}}}, {"type": "Feature", "geometry": {"type": "Point", "coordinates": [-71.5575, -33.010278]}, "properties": {"nombre": "Muelle Vergara", "cod": "090-A-Vp", "overallTrend": "down", "dataYears": [1993, 1996], "nYears": 4, "trends": {"Plomo Total": {"direction": "up", "slopePerDecade": 522.4, "latestValue": 1.7467, "latestYear": 1996, "nYears": 4}, "Mercurio Total": {"direction": "down", "slopePerDecade": -419.6, "latestValue": 0.1847, "latestYear": 1996, "nYears": 4}, "Cadmio Total": {"direction": "down", "slopePerDecade": -515.4, "latestValue": 0.1, "latestYear": 1996, "nYears": 4}, "Cobre Total": {"direction": "down", "slopePerDecade": -258.0, "latestValue": 1.9767, "latestYear": 1996, "nYears": 4}}}}, {"type": "Feature", "geometry": {"type": "Point", "coordinates": [-71.503333, -31.878056]}, "properties": {"nombre": "Frente Laguna Conchal\u00ed", "cod": "010-A-Lv", "overallTrend": "down", "dataYears": [2003, 2011], "nYears": 9, "trends": {"Cobre Total": {"direction": "down", "slopePerDecade": -53.6, "latestValue": 0.9375, "latestYear": 2011, "nYears": 9}, "Cadmio Total": {"direction": "down", "slopePerDecade": -341.2, "latestValue": 0.115, "latestYear": 2009, "nYears": 7}, "Plomo Total": {"direction": "down", "slopePerDecade": -601.4, "latestValue": 0.285, "latestYear": 2009, "nYears": 6}}}}, {"type": "Feature", "geometry": {"type": "Point", "coordinates": [-70.673611, -26.213889]}, "properties": {"nombre": "Falso Pan de Az\u00facar", "cod": "040-A-Ch", "overallTrend": "up", "dataYears": [1993, 1996], "nYears": 4, "trends": {"Mercurio Total": {"direction": "up", "slopePerDecade": 274.4, "latestValue": 0.0983, "latestYear": 1996, "nYears": 4}, "Cadmio Total": {"direction": "down", "slopePerDecade": -170.7, "latestValue": 0.1133, "latestYear": 1996, "nYears": 4}, "Plomo Total": {"direction": "up", "slopePerDecade": 740.0, "latestValue": 3.2867, "latestYear": 1996, "nYears": 4}, "Cobre Total": {"direction": "up", "slopePerDecade": 847.1, "latestValue": 48.2767, "latestYear": 1996, "nYears": 4}}}}, {"type": "Feature", "geometry": {"type": "Point", "coordinates": [-70.669167, -26.263333]}, "properties": {"nombre": "Desembocadura R\u00edo Salado", "cod": "080-A-Ch", "overallTrend": "up", "dataYears": [1993, 1996], "nYears": 4, "trends": {"Mercurio Total": {"direction": "up", "slopePerDecade": 81.9, "latestValue": 0.1623, "latestYear": 1996, "nYears": 4}, "Cadmio Total": {"direction": "down", "slopePerDecade": -115.4, "latestValue": 0.12, "latestYear": 1996, "nYears": 4}, "Plomo Total": {"direction": "up", "slopePerDecade": 83.3, "latestValue": 1.9633, "latestYear": 1996, "nYears": 4}, "Cobre Total": {"direction": "up", "slopePerDecade": 19.9, "latestValue": 13.3633, "latestYear": 1996, "nYears": 4}}}}, {"type": "Feature", "geometry": {"type": "Point", "coordinates": [-70.648611, -26.328333]}, "properties": {"nombre": "Centro Bah\u00eda", "cod": "090-A-Ch", "overallTrend": "flat", "dataYears": [1993, 2011], "nYears": 17, "trends": {"Mercurio Total": {"direction": "up", "slopePerDecade": 308.5, "latestValue": 0.855, "latestYear": 2001, "nYears": 9}, "Cadmio Total": {"direction": "up", "slopePerDecade": 19.7, "latestValue": 0.09, "latestYear": 2010, "nYears": 15}, "Plomo Total": {"direction": "down", "slopePerDecade": -105.2, "latestValue": 0.34, "latestYear": 2010, "nYears": 16}, "Cobre Total": {"direction": "down", "slopePerDecade": -118.6, "latestValue": 1.6175, "latestYear": 2011, "nYears": 17}}}}, {"type": "Feature", "geometry": {"type": "Point", "coordinates": [-70.644722, -26.344444]}, "properties": {"nombre": "Entre muelles", "cod": "100-A-Ch", "overallTrend": "flat", "dataYears": [1993, 1996], "nYears": 4, "trends": {"Mercurio Total": {"direction": "up", "slopePerDecade": 158.2, "latestValue": 0.1273, "latestYear": 1996, "nYears": 4}, "Cadmio Total": {"direction": "down", "slopePerDecade": -109.5, "latestValue": 0.1333, "latestYear": 1996, "nYears": 4}, "Plomo Total": {"direction": "up", "slopePerDecade": 660.4, "latestValue": 2.3567, "latestYear": 1996, "nYears": 4}, "Cobre Total": {"direction": "down", "slopePerDecade": -73.4, "latestValue": 15.71, "latestYear": 1996, "nYears": 4}}}}, {"type": "Feature", "geometry": {"type": "Point", "coordinates": [-70.648889, -26.353611]}, "properties": {"nombre": "Punta Bryson", "cod": "120-A-Ch", "overallTrend": "flat", "dataYears": [1993, 2011], "nYears": 17, "trends": {"Mercurio Total": {"direction": "up", "slopePerDecade": 213.3, "latestValue": 0.64, "latestYear": 2001, "nYears": 9}, "Cadmio Total": {"direction": "up", "slopePerDecade": 15.3, "latestValue": 0.115, "latestYear": 2010, "nYears": 16}, "Plomo Total": {"direction": "down", "slopePerDecade": -10.4, "latestValue": 0.38, "latestYear": 2010, "nYears": 15}, "Cobre Total": {"direction": "down", "slopePerDecade": -118.9, "latestValue": 2.2075, "latestYear": 2011, "nYears": 17}}}}, {"type": "Feature", "geometry": {"type": "Point", "coordinates": [-70.407778, -23.645556]}, "properties": {"nombre": "Antepuerto", "cod": "100-A-An", "overallTrend": "flat", "dataYears": [1993, 2011], "nYears": 19, "trends": {"Mercurio Total": {"direction": "up", "slopePerDecade": 142.2, "latestValue": 1.0, "latestYear": 2007, "nYears": 15}, "Cadmio Total": {"direction": "up", "slopePerDecade": 34.7, "latestValue": 0.265, "latestYear": 2009, "nYears": 17}, "Cobre Total": {"direction": "down", "slopePerDecade": -66.4, "latestValue": 3.53, "latestYear": 2011, "nYears": 19}, "Plomo Total": {"direction": "down", "slopePerDecade": -106.4, "latestValue": 0.61, "latestYear": 2009, "nYears": 17}}}}, {"type": "Feature", "geometry": {"type": "Point", "coordinates": [-73.135556, -36.732222]}, "properties": {"nombre": "Poza San Vicente", "cod": "040-A-Sv", "overallTrend": "down", "dataYears": [1993, 2011], "nYears": 18, "trends": {"Cobre Total": {"direction": "down", "slopePerDecade": -117.0, "latestValue": 21.255, "latestYear": 2011, "nYears": 18}, "Mercurio Total": {"direction": "up", "slopePerDecade": 135.4, "latestValue": 1.0, "latestYear": 2009, "nYears": 11}, "Plomo Total": {"direction": "down", "slopePerDecade": -111.1, "latestValue": 0.37, "latestYear": 2009, "nYears": 16}, "Cadmio Total": {"direction": "flat", "slopePerDecade": 6.5, "latestValue": 0.125, "latestYear": 2009, "nYears": 16}}}}, {"type": "Feature", "geometry": {"type": "Point", "coordinates": [-71.521389, -32.77]}, "properties": {"nombre": "Sector Rocas Estrella", "cod": "100-A-Qu", "overallTrend": "flat", "dataYears": [1993, 1996], "nYears": 4, "trends": {"Mercurio Total": {"direction": "down", "slopePerDecade": -153.3, "latestValue": 0.1263, "latestYear": 1996, "nYears": 4}, "Plomo Total": {"direction": "up", "slopePerDecade": 653.7, "latestValue": 3.04, "latestYear": 1996, "nYears": 4}, "Cadmio Total": {"direction": "down", "slopePerDecade": -389.1, "latestValue": 0.13, "latestYear": 1996, "nYears": 4}, "Cobre Total": {"direction": "up", "slopePerDecade": 648.9, "latestValue": 6.51, "latestYear": 1996, "nYears": 4}}}}, {"type": "Feature", "geometry": {"type": "Point", "coordinates": [-71.508056, -32.778611]}, "properties": {"nombre": "Rocas de Loncura", "cod": "130-A-Qu", "overallTrend": "flat", "dataYears": [1993, 1996], "nYears": 4, "trends": {"Mercurio Total": {"direction": "down", "slopePerDecade": -379.9, "latestValue": 0.1003, "latestYear": 1996, "nYears": 4}, "Plomo Total": {"direction": "up", "slopePerDecade": 495.4, "latestValue": 3.1033, "latestYear": 1996, "nYears": 4}, "Cadmio Total": {"direction": "down", "slopePerDecade": -956.3, "latestValue": 0.1, "latestYear": 1996, "nYears": 4}, "Cobre Total": {"direction": "up", "slopePerDecade": 298.8, "latestValue": 5.95, "latestYear": 1996, "nYears": 4}}}}, {"type": "Feature", "geometry": {"type": "Point", "coordinates": [-71.515, -32.778611]}, "properties": {"nombre": "El Bato", "cod": "140-A-Qu", "overallTrend": "up", "dataYears": [1993, 1996], "nYears": 4, "trends": {"Mercurio Total": {"direction": "up", "slopePerDecade": 438.8, "latestValue": 0.179, "latestYear": 1996, "nYears": 4}, "Plomo Total": {"direction": "up", "slopePerDecade": 629.7, "latestValue": 3.08, "latestYear": 1996, "nYears": 4}, "Cobre Total": {"direction": "up", "slopePerDecade": 444.4, "latestValue": 4.46, "latestYear": 1996, "nYears": 4}, "Cadmio Total": {"direction": "down", "slopePerDecade": -688.8, "latestValue": 0.1233, "latestYear": 1996, "nYears": 4}}}}, {"type": "Feature", "geometry": {"type": "Point", "coordinates": [-71.508889, -31.905556]}, "properties": {"nombre": "Sector Caleta Pescadores", "cod": "040-A-Lv", "overallTrend": "down", "dataYears": [2003, 2011], "nYears": 9, "trends": {"Cobre Total": {"direction": "down", "slopePerDecade": -33.6, "latestValue": 1.09, "latestYear": 2011, "nYears": 9}, "Cadmio Total": {"direction": "down", "slopePerDecade": -317.1, "latestValue": 0.11, "latestYear": 2009, "nYears": 7}, "Plomo Total": {"direction": "down", "slopePerDecade": -607.9, "latestValue": 0.33, "latestYear": 2009, "nYears": 6}}}}, {"type": "Feature", "geometry": {"type": "Point", "coordinates": [-72.632778, -41.717222]}, "properties": {"nombre": "Boca Estero Reloncav\u00ed", "cod": "020-A-Sr", "overallTrend": "down", "dataYears": [1993, 2011], "nYears": 17, "trends": {"Plomo Total": {"direction": "flat", "slopePerDecade": -6.0, "latestValue": 0.395, "latestYear": 2009, "nYears": 15}, "Cobre Total": {"direction": "down", "slopePerDecade": -30.6, "latestValue": 6.7725, "latestYear": 2011, "nYears": 17}, "Cadmio Total": {"direction": "down", "slopePerDecade": -23.5, "latestValue": 0.095, "latestYear": 2009, "nYears": 15}, "Mercurio Total": {"direction": "up", "slopePerDecade": 196.1, "latestValue": 1.0, "latestYear": 2007, "nYears": 10}}}}, {"type": "Feature", "geometry": {"type": "Point", "coordinates": [-70.2025, -22.084444]}, "properties": {"nombre": "Altura Calle Washington", "cod": "050-A-To", "overallTrend": "flat", "dataYears": [1993, 2011], "nYears": 18, "trends": {"Mercurio Total": {"direction": "up", "slopePerDecade": 38.5, "latestValue": 1.0, "latestYear": 2007, "nYears": 9}, "Cadmio Total": {"direction": "up", "slopePerDecade": 47.0, "latestValue": 0.26, "latestYear": 2009, "nYears": 15}, "Plomo Total": {"direction": "down", "slopePerDecade": -11.3, "latestValue": 0.335, "latestYear": 2009, "nYears": 15}, "Cobre Total": {"direction": "down", "slopePerDecade": -131.4, "latestValue": 6.8275, "latestYear": 2011, "nYears": 18}}}}, {"type": "Feature", "geometry": {"type": "Point", "coordinates": [-70.205278, -22.089167]}, "properties": {"nombre": "Muelle Soquimich", "cod": "070-A-To", "overallTrend": "up", "dataYears": [1993, 1996], "nYears": 4, "trends": {"Mercurio Total": {"direction": "up", "slopePerDecade": 402.3, "latestValue": 0.265, "latestYear": 1996, "nYears": 4}, "Plomo Total": {"direction": "up", "slopePerDecade": 594.1, "latestValue": 2.24, "latestYear": 1996, "nYears": 4}, "Cadmio Total": {"direction": "down", "slopePerDecade": -249.1, "latestValue": 0.15, "latestYear": 1996, "nYears": 4}, "Cobre Total": {"direction": "up", "slopePerDecade": 330.8, "latestValue": 128.2, "latestYear": 1996, "nYears": 4}}}}, {"type": "Feature", "geometry": {"type": "Point", "coordinates": [-72.985833, -36.709722]}, "properties": {"nombre": "Puerto Lirqu\u00e9n", "cod": "070-A-Th", "overallTrend": "up", "dataYears": [1993, 2011], "nYears": 19, "trends": {"Plomo Total": {"direction": "up", "slopePerDecade": 34.7, "latestValue": 3.68, "latestYear": 2009, "nYears": 17}, "Mercurio Total": {"direction": "up", "slopePerDecade": 152.0, "latestValue": 1.0, "latestYear": 2007, "nYears": 15}, "Cadmio Total": {"direction": "up", "slopePerDecade": 36.7, "latestValue": 0.155, "latestYear": 2009, "nYears": 17}, "Cobre Total": {"direction": "flat", "slopePerDecade": -9.0, "latestValue": 4.46, "latestYear": 2011, "nYears": 19}}}}, {"type": "Feature", "geometry": {"type": "Point", "coordinates": [-73.011944, -36.727778]}, "properties": {"nombre": "Desembocadura R\u00edo Andali\u00e9n", "cod": "140-A-Th", "overallTrend": "up", "dataYears": [1993, 1996], "nYears": 4, "trends": {"Mercurio Total": {"direction": "up", "slopePerDecade": 367.3, "latestValue": 0.203, "latestYear": 1996, "nYears": 4}, "Cadmio Total": {"direction": "down", "slopePerDecade": -52.8, "latestValue": 0.1767, "latestYear": 1996, "nYears": 4}, "Cobre Total": {"direction": "up", "slopePerDecade": 317.1, "latestValue": 1.6167, "latestYear": 1996, "nYears": 4}, "Plomo Total": {"direction": "up", "slopePerDecade": 121.4, "latestValue": 2.71, "latestYear": 1996, "nYears": 4}}}}, {"type": "Feature", "geometry": {"type": "Point", "coordinates": [-73.000833, -36.728889]}, "properties": {"nombre": "Puerto Penco", "cod": "160-A-Th", "overallTrend": "flat", "dataYears": [1993, 1996], "nYears": 4, "trends": {"Cadmio Total": {"direction": "down", "slopePerDecade": -68.0, "latestValue": 0.1133, "latestYear": 1996, "nYears": 4}, "Plomo Total": {"direction": "up", "slopePerDecade": 252.9, "latestValue": 1.5067, "latestYear": 1996, "nYears": 4}, "Mercurio Total": {"direction": "down", "slopePerDecade": -335.3, "latestValue": 0.109, "latestYear": 1996, "nYears": 4}, "Cobre Total": {"direction": "up", "slopePerDecade": 414.8, "latestValue": 2.1567, "latestYear": 1996, "nYears": 4}}}}, {"type": "Feature", "geometry": {"type": "Point", "coordinates": [-73.096667, -36.698333]}, "properties": {"nombre": "Molo Marinao", "cod": "040-A-Th", "overallTrend": "flat", "dataYears": [1993, 1996], "nYears": 4, "trends": {"Mercurio Total": {"direction": "down", "slopePerDecade": -61.4, "latestValue": 0.0733, "latestYear": 1996, "nYears": 4}, "Cadmio Total": {"direction": "down", "slopePerDecade": -148.8, "latestValue": 0.1467, "latestYear": 1996, "nYears": 4}, "Plomo Total": {"direction": "up", "slopePerDecade": 733.5, "latestValue": 2.1267, "latestYear": 1996, "nYears": 4}, "Cobre Total": {"direction": "up", "slopePerDecade": 316.9, "latestValue": 2.7367, "latestYear": 1996, "nYears": 4}}}}, {"type": "Feature", "geometry": {"type": "Point", "coordinates": [-73.106111, -36.705278]}, "properties": {"nombre": "Punta Muelle EMPORCHI", "cod": "060-A-Th", "overallTrend": "up", "dataYears": [1993, 1996], "nYears": 4, "trends": {"Mercurio Total": {"direction": "up", "slopePerDecade": 126.5, "latestValue": 0.0663, "latestYear": 1996, "nYears": 4}, "Cadmio Total": {"direction": "down", "slopePerDecade": -40.4, "latestValue": 0.1333, "latestYear": 1996, "nYears": 4}, "Plomo Total": {"direction": "up", "slopePerDecade": 448.6, "latestValue": 2.44, "latestYear": 1996, "nYears": 4}, "Cobre Total": {"direction": "up", "slopePerDecade": 713.0, "latestValue": 3.8333, "latestYear": 1996, "nYears": 4}}}}, {"type": "Feature", "geometry": {"type": "Point", "coordinates": [-73.0675, -36.710278]}, "properties": {"nombre": "Boya", "cod": "080-A-Th", "overallTrend": "up", "dataYears": [1993, 1996], "nYears": 4, "trends": {"Mercurio Total": {"direction": "up", "slopePerDecade": 220.8, "latestValue": 0.0607, "latestYear": 1996, "nYears": 4}, "Cadmio Total": {"direction": "down", "slopePerDecade": -175.7, "latestValue": 0.1133, "latestYear": 1996, "nYears": 4}, "Plomo Total": {"direction": "up", "slopePerDecade": 477.0, "latestValue": 1.1233, "latestYear": 1996, "nYears": 4}, "Cobre Total": {"direction": "up", "slopePerDecade": 41.6, "latestValue": 0.8767, "latestYear": 1996, "nYears": 4}}}}, {"type": "Feature", "geometry": {"type": "Point", "coordinates": [-71.280556, -29.905]}, "properties": {"nombre": "Faro La Serena", "cod": "010-A-Co", "overallTrend": "flat", "dataYears": [1993, 2011], "nYears": 16, "trends": {"Plomo Total": {"direction": "down", "slopePerDecade": -49.5, "latestValue": 0.58, "latestYear": 2009, "nYears": 14}, "Cadmio Total": {"direction": "up", "slopePerDecade": 30.8, "latestValue": 0.18, "latestYear": 2009, "nYears": 14}, "Cobre Total": {"direction": "down", "slopePerDecade": -39.3, "latestValue": 3.7825, "latestYear": 2011, "nYears": 16}, "Mercurio Total": {"direction": "up", "slopePerDecade": 88.4, "latestValue": 1.0, "latestYear": 2007, "nYears": 12}}}}, {"type": "Feature", "geometry": {"type": "Point", "coordinates": [-71.340556, -29.930833]}, "properties": {"nombre": "Faro Tortuga", "cod": "030-A-Co", "overallTrend": "down", "dataYears": [1993, 1996], "nYears": 4, "trends": {"Cobre Total": {"direction": "down", "slopePerDecade": -23.8, "latestValue": 0.59, "latestYear": 1996, "nYears": 4}, "Mercurio Total": {"direction": "down", "slopePerDecade": -838.5, "latestValue": 0.0783, "latestYear": 1996, "nYears": 4}, "Cadmio Total": {"direction": "down", "slopePerDecade": -142.8, "latestValue": 0.1867, "latestYear": 1996, "nYears": 4}, "Plomo Total": {"direction": "up", "slopePerDecade": 523.8, "latestValue": 2.8367, "latestYear": 1996, "nYears": 4}}}}, {"type": "Feature", "geometry": {"type": "Point", "coordinates": [-71.318056, -29.949722]}, "properties": {"nombre": "Playa La Changa", "cod": "090-A-Co", "overallTrend": "flat", "dataYears": [1993, 2011], "nYears": 16, "trends": {"Cadmio Total": {"direction": "up", "slopePerDecade": 42.1, "latestValue": 0.17, "latestYear": 2009, "nYears": 14}, "Plomo Total": {"direction": "down", "slopePerDecade": -50.8, "latestValue": 0.62, "latestYear": 2009, "nYears": 14}, "Mercurio Total": {"direction": "up", "slopePerDecade": 104.1, "latestValue": 1.0, "latestYear": 2007, "nYears": 12}, "Cobre Total": {"direction": "down", "slopePerDecade": -53.9, "latestValue": 4.665, "latestYear": 2011, "nYears": 16}}}}, {"type": "Feature", "geometry": {"type": "Point", "coordinates": [-71.333889, -29.949167]}, "properties": {"nombre": "Sector Emporchi", "cod": "080-A-Co", "overallTrend": "up", "dataYears": [1993, 1996], "nYears": 4, "trends": {"Cadmio Total": {"direction": "up", "slopePerDecade": 283.4, "latestValue": 0.4, "latestYear": 1996, "nYears": 4}, "Plomo Total": {"direction": "up", "slopePerDecade": 328.5, "latestValue": 1.85, "latestYear": 1996, "nYears": 4}, "Cobre Total": {"direction": "up", "slopePerDecade": 618.7, "latestValue": 7.5867, "latestYear": 1996, "nYears": 4}, "Mercurio Total": {"direction": "up", "slopePerDecade": 94.1, "latestValue": 0.0717, "latestYear": 1996, "nYears": 4}}}}, {"type": "Feature", "geometry": {"type": "Point", "coordinates": [-72.955, -41.483333]}, "properties": {"nombre": "Frente Sitio 1", "cod": "040-A-Pm", "overallTrend": "down", "dataYears": [1994, 2011], "nYears": 16, "trends": {"Plomo Total": {"direction": "down", "slopePerDecade": -26.8, "latestValue": 0.635, "latestYear": 2009, "nYears": 14}, "Cadmio Total": {"direction": "down", "slopePerDecade": -56.7, "latestValue": 0.705, "latestYear": 2009, "nYears": 14}, "Cobre Total": {"direction": "down", "slopePerDecade": -176.6, "latestValue": 2.47, "latestYear": 2011, "nYears": 16}, "Mercurio Total": {"direction": "up", "slopePerDecade": 156.8, "latestValue": 1.0, "latestYear": 2007, "nYears": 12}}}}, {"type": "Feature", "geometry": {"type": "Point", "coordinates": [-70.36416667, -32.98111111]}, "properties": {"nombre": "Caleta El Membrillo", "cod": "150-A-Vp"}}, {"type": "Feature", "geometry": {"type": "Point", "coordinates": [-71.645833, -33.017222]}, "properties": {"nombre": "Caleta Torpederas", "cod": "010-A-Pa", "overallTrend": "flat", "dataYears": [1994, 1996], "nYears": 3, "trends": {"Cobre Total": {"direction": "up", "slopePerDecade": 20.7, "latestValue": 2.6867, "latestYear": 1996, "nYears": 3}, "Plomo Total": {"direction": "up", "slopePerDecade": 518.3, "latestValue": 1.8133, "latestYear": 1996, "nYears": 3}, "Cadmio Total": {"direction": "down", "slopePerDecade": -175.4, "latestValue": 0.1867, "latestYear": 1996, "nYears": 3}, "Mercurio Total": {"direction": "down", "slopePerDecade": -206.3, "latestValue": 0.1037, "latestYear": 1996, "nYears": 3}}}}, {"type": "Feature", "geometry": {"type": "Point", "coordinates": [-71.635833, -33.018889]}, "properties": {"nombre": "Caleta El Membrillo", "cod": "020-A-Pa", "overallTrend": "up", "dataYears": [1994, 1996], "nYears": 3, "trends": {"Mercurio Total": {"direction": "up", "slopePerDecade": 298.5, "latestValue": 0.2403, "latestYear": 1996, "nYears": 3}, "Cadmio Total": {"direction": "down", "slopePerDecade": -427.3, "latestValue": 0.1333, "latestYear": 1996, "nYears": 3}, "Plomo Total": {"direction": "up", "slopePerDecade": 1128.5, "latestValue": 8.52, "latestYear": 1996, "nYears": 3}, "Cobre Total": {"direction": "up", "slopePerDecade": 360.3, "latestValue": 2.5633, "latestYear": 1996, "nYears": 3}}}}, {"type": "Feature", "geometry": {"type": "Point", "coordinates": [-70.35416667, -32.98277778]}, "properties": {"nombre": "Caleta Torpederas", "cod": "130-A-Vp"}}, {"type": "Feature", "geometry": {"type": "Point", "coordinates": [-73.1825, -36.750556]}, "properties": {"nombre": "Playa Blanca", "cod": "130-A-Sv", "overallTrend": "flat", "dataYears": [1994, 1996], "nYears": 3, "trends": {"Plomo Total": {"direction": "up", "slopePerDecade": 302.7, "latestValue": 3.19, "latestYear": 1996, "nYears": 3}, "Cobre Total": {"direction": "up", "slopePerDecade": 316.4, "latestValue": 1.9033, "latestYear": 1996, "nYears": 3}, "Mercurio Total": {"direction": "down", "slopePerDecade": -983.9, "latestValue": 0.1443, "latestYear": 1996, "nYears": 3}, "Cadmio Total": {"direction": "down", "slopePerDecade": -43.8, "latestValue": 0.1367, "latestYear": 1996, "nYears": 3}}}}, {"type": "Feature", "geometry": {"type": "Point", "coordinates": [-73.804167, -42.542778]}, "properties": {"nombre": "Rauco", "cod": "060-A-Cs", "overallTrend": "down", "dataYears": [1994, 1996], "nYears": 3, "trends": {"Cobre Total": {"direction": "down", "slopePerDecade": -400.1, "latestValue": 0.5467, "latestYear": 1996, "nYears": 3}, "Plomo Total": {"direction": "up", "slopePerDecade": 45.3, "latestValue": 1.05, "latestYear": 1996, "nYears": 3}, "Mercurio Total": {"direction": "down", "slopePerDecade": -314.4, "latestValue": 0.103, "latestYear": 1996, "nYears": 3}, "Cadmio Total": {"direction": "down", "slopePerDecade": -339.7, "latestValue": 0.1367, "latestYear": 1996, "nYears": 3}}}}, {"type": "Feature", "geometry": {"type": "Point", "coordinates": [-71.541111, -32.916389]}, "properties": {"nombre": "Cuadra Club de Yates Higuerillas", "cod": "070-A-Cc", "overallTrend": "up", "dataYears": [1994, 1996], "nYears": 3, "trends": {"Cobre Total": {"direction": "up", "slopePerDecade": 230.3, "latestValue": 5.8633, "latestYear": 1996, "nYears": 3}, "Mercurio Total": {"direction": "up", "slopePerDecade": 290.7, "latestValue": 0.0877, "latestYear": 1996, "nYears": 3}, "Cadmio Total": {"direction": "down", "slopePerDecade": -174.1, "latestValue": 0.1033, "latestYear": 1996, "nYears": 3}, "Plomo Total": {"direction": "up", "slopePerDecade": 735.6, "latestValue": 2.8667, "latestYear": 1996, "nYears": 3}}}}, {"type": "Feature", "geometry": {"type": "Point", "coordinates": [-71.525833, -32.915278]}, "properties": {"nombre": "Punta Blanca", "cod": "060-A-Cc", "overallTrend": "up", "dataYears": [1994, 1996], "nYears": 3, "trends": {"Plomo Total": {"direction": "up", "slopePerDecade": 651.4, "latestValue": 1.5367, "latestYear": 1996, "nYears": 3}, "Cadmio Total": {"direction": "up", "slopePerDecade": 10.0, "latestValue": 0.1533, "latestYear": 1996, "nYears": 3}, "Mercurio Total": {"direction": "up", "slopePerDecade": 348.9, "latestValue": 0.117, "latestYear": 1996, "nYears": 3}, "Cobre Total": {"direction": "flat", "slopePerDecade": -6.5, "latestValue": 1.8567, "latestYear": 1996, "nYears": 3}}}}, {"type": "Feature", "geometry": {"type": "Point", "coordinates": [-71.533611, -32.899167]}, "properties": {"nombre": "Exterior punta Blanca", "cod": "040-A-Cc", "overallTrend": "up", "dataYears": [1994, 1996], "nYears": 3, "trends": {"Cobre Total": {"direction": "up", "slopePerDecade": 273.9, "latestValue": 4.4067, "latestYear": 1996, "nYears": 3}, "Plomo Total": {"direction": "up", "slopePerDecade": 776.3, "latestValue": 2.4633, "latestYear": 1996, "nYears": 3}, "Cadmio Total": {"direction": "up", "slopePerDecade": 101.4, "latestValue": 0.1833, "latestYear": 1996, "nYears": 3}, "Mercurio Total": {"direction": "up", "slopePerDecade": 405.1, "latestValue": 0.1223, "latestYear": 1996, "nYears": 3}}}}, {"type": "Feature", "geometry": {"type": "Point", "coordinates": [-71.52, -32.897778]}, "properties": {"nombre": "Frente playa Conc\u00f3n", "cod": "020-A-Cc", "overallTrend": "flat", "dataYears": [1994, 1996], "nYears": 3, "trends": {"Cobre Total": {"direction": "down", "slopePerDecade": -145.9, "latestValue": 2.7533, "latestYear": 1996, "nYears": 3}, "Plomo Total": {"direction": "up", "slopePerDecade": 935.1, "latestValue": 3.9867, "latestYear": 1996, "nYears": 3}, "Cadmio Total": {"direction": "down", "slopePerDecade": -46.4, "latestValue": 0.1733, "latestYear": 1996, "nYears": 3}, "Mercurio Total": {"direction": "up", "slopePerDecade": 33.2, "latestValue": 0.128, "latestYear": 1996, "nYears": 3}}}}, {"type": "Feature", "geometry": {"type": "Point", "coordinates": [-71.526944, -32.922222]}, "properties": {"nombre": "Playa Amarilla", "cod": "100-A-Cc", "overallTrend": "down", "dataYears": [1994, 2011], "nYears": 18, "trends": {"Mercurio Total": {"direction": "up", "slopePerDecade": 210.1, "latestValue": 1.0, "latestYear": 2007, "nYears": 9}, "Plomo Total": {"direction": "down", "slopePerDecade": -108.0, "latestValue": 0.515, "latestYear": 2009, "nYears": 15}, "Cadmio Total": {"direction": "down", "slopePerDecade": -27.3, "latestValue": 0.185, "latestYear": 2009, "nYears": 15}, "Cobre Total": {"direction": "down", "slopePerDecade": -166.9, "latestValue": 4.29, "latestYear": 2011, "nYears": 18}}}}, {"type": "Feature", "geometry": {"type": "Point", "coordinates": [-71.6625, -33.042222]}, "properties": {"nombre": "Sur T\u00fanel Bustamante", "cod": "150-A-Pa", "overallTrend": "down", "dataYears": [1994, 2011], "nYears": 17, "trends": {"Plomo Total": {"direction": "down", "slopePerDecade": -150.1, "latestValue": 0.475, "latestYear": 2009, "nYears": 15}, "Mercurio Total": {"direction": "up", "slopePerDecade": 33.5, "latestValue": 1.0, "latestYear": 2007, "nYears": 9}, "Cadmio Total": {"direction": "flat", "slopePerDecade": 0.3, "latestValue": 0.175, "latestYear": 2009, "nYears": 15}, "Cobre Total": {"direction": "down", "slopePerDecade": -148.0, "latestValue": 1.26, "latestYear": 2011, "nYears": 17}}}}, {"type": "Feature", "geometry": {"type": "Point", "coordinates": [-71.651389, -33.020556]}, "properties": {"nombre": "Weste Torpederas", "cod": "060-A-Pa", "overallTrend": "flat", "dataYears": [1994, 1996], "nYears": 3, "trends": {"Mercurio Total": {"direction": "down", "slopePerDecade": -171.5, "latestValue": 0.1817, "latestYear": 1996, "nYears": 3}, "Cadmio Total": {"direction": "down", "slopePerDecade": -758.9, "latestValue": 0.1333, "latestYear": 1996, "nYears": 3}, "Plomo Total": {"direction": "up", "slopePerDecade": 109.4, "latestValue": 2.88, "latestYear": 1996, "nYears": 3}, "Cobre Total": {"direction": "up", "slopePerDecade": 498.3, "latestValue": 9.3, "latestYear": 1996, "nYears": 3}}}}, {"type": "Feature", "geometry": {"type": "Point", "coordinates": [-71.658333, -33.028333]}, "properties": {"nombre": "Punta Cardones", "cod": "110-A-Pa", "overallTrend": "down", "dataYears": [1994, 2011], "nYears": 17, "trends": {"Mercurio Total": {"direction": "up", "slopePerDecade": 191.1, "latestValue": 1.0, "latestYear": 2007, "nYears": 9}, "Cadmio Total": {"direction": "flat", "slopePerDecade": 8.0, "latestValue": 0.185, "latestYear": 2009, "nYears": 15}, "Plomo Total": {"direction": "down", "slopePerDecade": -102.9, "latestValue": 0.48, "latestYear": 2009, "nYears": 15}, "Cobre Total": {"direction": "down", "slopePerDecade": -137.8, "latestValue": 1.355, "latestYear": 2011, "nYears": 17}}}}, {"type": "Feature", "geometry": {"type": "Point", "coordinates": [-71.6625, -33.029722]}, "properties": {"nombre": "Cuadra punta Cardones", "cod": "120-A-Pa", "overallTrend": "flat", "dataYears": [1994, 1996], "nYears": 3, "trends": {"Mercurio Total": {"direction": "down", "slopePerDecade": -276.3, "latestValue": 0.1817, "latestYear": 1996, "nYears": 3}, "Cadmio Total": {"direction": "down", "slopePerDecade": -718.0, "latestValue": 0.1333, "latestYear": 1996, "nYears": 3}, "Plomo Total": {"direction": "up", "slopePerDecade": 528.6, "latestValue": 1.4867, "latestYear": 1996, "nYears": 3}, "Cobre Total": {"direction": "up", "slopePerDecade": 171.6, "latestValue": 1.34, "latestYear": 1996, "nYears": 3}}}}, {"type": "Feature", "geometry": {"type": "Point", "coordinates": [-71.620556, -33.041389]}, "properties": {"nombre": "Bellavista", "cod": "250-A-Vp", "overallTrend": "down", "dataYears": [1997, 2011], "nYears": 15, "trends": {"Mercurio Total": {"direction": "up", "slopePerDecade": 159.2, "latestValue": 1.0, "latestYear": 2007, "nYears": 11}, "Cadmio Total": {"direction": "down", "slopePerDecade": -72.7, "latestValue": 0.195, "latestYear": 2009, "nYears": 13}, "Cobre Total": {"direction": "down", "slopePerDecade": -325.6, "latestValue": 3.7875, "latestYear": 2011, "nYears": 15}, "Plomo Total": {"direction": "down", "slopePerDecade": -290.4, "latestValue": 0.505, "latestYear": 2009, "nYears": 13}}}}, {"type": "Feature", "geometry": {"type": "Point", "coordinates": [-71.644444, -33.020278]}, "properties": {"nombre": "Torpederas", "cod": "050-A-Pa", "overallTrend": "down", "dataYears": [1997, 2011], "nYears": 14, "trends": {"Cobre Total": {"direction": "down", "slopePerDecade": -353.4, "latestValue": 1.36, "latestYear": 2011, "nYears": 14}, "Plomo Total": {"direction": "down", "slopePerDecade": -116.4, "latestValue": 0.48, "latestYear": 2009, "nYears": 12}, "Cadmio Total": {"direction": "down", "slopePerDecade": -77.4, "latestValue": 0.18, "latestYear": 2009, "nYears": 12}, "Mercurio Total": {"direction": "up", "slopePerDecade": 233.7, "latestValue": 1.0, "latestYear": 2007, "nYears": 6}}}}, {"type": "Feature", "geometry": {"type": "Point", "coordinates": [-73.023056, -41.514444]}, "properties": {"nombre": "Pesquera EICOMAR", "cod": "080-A-Pm", "overallTrend": "down", "dataYears": [1997, 2011], "nYears": 12, "trends": {"Plomo Total": {"direction": "down", "slopePerDecade": -106.4, "latestValue": 0.815, "latestYear": 2009, "nYears": 10}, "Cobre Total": {"direction": "down", "slopePerDecade": -259.4, "latestValue": 2.4475, "latestYear": 2011, "nYears": 12}, "Cadmio Total": {"direction": "down", "slopePerDecade": -80.3, "latestValue": 0.555, "latestYear": 2009, "nYears": 10}, "Mercurio Total": {"direction": "up", "slopePerDecade": 349.2, "latestValue": 0.14, "latestYear": 2001, "nYears": 5}}}}, {"type": "Feature", "geometry": {"type": "Point", "coordinates": [-73.636667, -42.377778]}, "properties": {"nombre": "Punta Quiquel", "cod": "020-S- Cd", "overallTrend": "down", "dataYears": [1997, 2011], "nYears": 14, "trends": {"Cobre Total": {"direction": "down", "slopePerDecade": -257.6, "latestValue": 44.5, "latestYear": 2011, "nYears": 14}, "Plomo Total": {"direction": "down", "slopePerDecade": -302.3, "latestValue": 1.2, "latestYear": 2009, "nYears": 11}, "Cadmio Total": {"direction": "down", "slopePerDecade": -192.7, "latestValue": 0.5, "latestYear": 2010, "nYears": 8}, "Mercurio Total": {"direction": "down", "slopePerDecade": -25.3, "latestValue": 0.03, "latestYear": 2010, "nYears": 7}}}}, {"type": "Feature", "geometry": {"type": "Point", "coordinates": [-72.832778, -45.470833]}, "properties": {"nombre": "Centro Bah\u00eda", "cod": "040-A-Pb", "overallTrend": "down", "dataYears": [1997, 2011], "nYears": 12, "trends": {"Plomo Total": {"direction": "down", "slopePerDecade": -135.9, "latestValue": 0.405, "latestYear": 2009, "nYears": 11}, "Cobre Total": {"direction": "down", "slopePerDecade": -334.1, "latestValue": 1.545, "latestYear": 2011, "nYears": 12}, "Cadmio Total": {"direction": "down", "slopePerDecade": -111.4, "latestValue": 0.105, "latestYear": 2009, "nYears": 11}, "Mercurio Total": {"direction": "up", "slopePerDecade": 238.3, "latestValue": 1.0, "latestYear": 2007, "nYears": 6}}}}, {"type": "Feature", "geometry": {"type": "Point", "coordinates": [-72.876944, -45.473611]}, "properties": {"nombre": "Caleta Bluff", "cod": "060-A-Pb", "overallTrend": "down", "dataYears": [1997, 2011], "nYears": 12, "trends": {"Plomo Total": {"direction": "down", "slopePerDecade": -239.4, "latestValue": 0.405, "latestYear": 2009, "nYears": 11}, "Cobre Total": {"direction": "down", "slopePerDecade": -318.4, "latestValue": 3.0075, "latestYear": 2011, "nYears": 12}, "Cadmio Total": {"direction": "down", "slopePerDecade": -117.3, "latestValue": 0.1, "latestYear": 2009, "nYears": 11}, "Mercurio Total": {"direction": "up", "slopePerDecade": 243.1, "latestValue": 1.0, "latestYear": 2007, "nYears": 6}}}}, {"type": "Feature", "geometry": {"type": "Point", "coordinates": [-72.825, -45.461111]}, "properties": {"nombre": "Frente Terminal COPEC", "cod": "020-A-Pb", "overallTrend": "down", "dataYears": [1997, 2011], "nYears": 12, "trends": {"Plomo Total": {"direction": "down", "slopePerDecade": -132.0, "latestValue": 0.405, "latestYear": 2009, "nYears": 11}, "Cobre Total": {"direction": "down", "slopePerDecade": -335.5, "latestValue": 1.5125, "latestYear": 2011, "nYears": 12}, "Cadmio Total": {"direction": "down", "slopePerDecade": -110.5, "latestValue": 0.1, "latestYear": 2009, "nYears": 11}, "Mercurio Total": {"direction": "up", "slopePerDecade": 243.4, "latestValue": 1.0, "latestYear": 2007, "nYears": 6}}}}, {"type": "Feature", "geometry": {"type": "Point", "coordinates": [-70.490278, -25.406944]}, "properties": {"nombre": "Calle J.A. Moreno", "cod": "040-A-Ta", "overallTrend": "down", "dataYears": [1997, 2011], "nYears": 14, "trends": {"Mercurio Total": {"direction": "up", "slopePerDecade": 198.5, "latestValue": 1.0, "latestYear": 2007, "nYears": 6}, "Cadmio Total": {"direction": "down", "slopePerDecade": -87.6, "latestValue": 0.55, "latestYear": 2009, "nYears": 11}, "Plomo Total": {"direction": "down", "slopePerDecade": -117.1, "latestValue": 0.815, "latestYear": 2009, "nYears": 12}, "Cobre Total": {"direction": "down", "slopePerDecade": -284.4, "latestValue": 4.05, "latestYear": 2011, "nYears": 13}}}}, {"type": "Feature", "geometry": {"type": "Point", "coordinates": [-70.820556, -27.055278]}, "properties": {"nombre": "Centro Bah\u00eda Caldera", "cod": "050-A-Ca", "overallTrend": "down", "dataYears": [1997, 2011], "nYears": 15, "trends": {"Plomo Total": {"direction": "down", "slopePerDecade": -264.5, "latestValue": 0.575, "latestYear": 2009, "nYears": 13}, "Cobre Total": {"direction": "down", "slopePerDecade": -316.4, "latestValue": 2.145, "latestYear": 2011, "nYears": 15}, "Cadmio Total": {"direction": "down", "slopePerDecade": -44.2, "latestValue": 0.52, "latestYear": 2009, "nYears": 13}, "Mercurio Total": {"direction": "up", "slopePerDecade": 125.2, "latestValue": 1.0, "latestYear": 2007, "nYears": 11}}}}, {"type": "Feature", "geometry": {"type": "Point", "coordinates": [-70.834167, -27.0425]}, "properties": {"nombre": "Boca Bah\u00eda Caldera", "cod": "020-A-Ca", "overallTrend": "down", "dataYears": [1997, 2011], "nYears": 15, "trends": {"Plomo Total": {"direction": "down", "slopePerDecade": -81.3, "latestValue": 0.7, "latestYear": 2009, "nYears": 13}, "Cobre Total": {"direction": "down", "slopePerDecade": -306.6, "latestValue": 1.915, "latestYear": 2011, "nYears": 15}, "Mercurio Total": {"direction": "up", "slopePerDecade": 168.4, "latestValue": 1.0, "latestYear": 2007, "nYears": 11}, "Cadmio Total": {"direction": "down", "slopePerDecade": -45.1, "latestValue": 0.6, "latestYear": 2009, "nYears": 13}}}}, {"type": "Feature", "geometry": {"type": "Point", "coordinates": [-70.84861, -27.08056]}, "properties": {"nombre": "Centro Bah\u00eda Calderilla", "cod": "150-A-Ca", "overallTrend": "down", "dataYears": [1997, 2011], "nYears": 15, "trends": {"Mercurio Total": {"direction": "up", "slopePerDecade": 150.9, "latestValue": 1.0, "latestYear": 2007, "nYears": 11}, "Cadmio Total": {"direction": "down", "slopePerDecade": -50.8, "latestValue": 0.105, "latestYear": 2009, "nYears": 13}, "Cobre Total": {"direction": "down", "slopePerDecade": -301.4, "latestValue": 7.6925, "latestYear": 2011, "nYears": 15}, "Plomo Total": {"direction": "down", "slopePerDecade": -75.7, "latestValue": 0.295, "latestYear": 2009, "nYears": 13}}}}, {"type": "Feature", "geometry": {"type": "Point", "coordinates": [-70.856944, -27.076667]}, "properties": {"nombre": "Boca Bah\u00eda Calderilla", "cod": "120-A-Ca", "overallTrend": "down", "dataYears": [1997, 2011], "nYears": 15, "trends": {"Plomo Total": {"direction": "down", "slopePerDecade": -81.5, "latestValue": 0.36, "latestYear": 2009, "nYears": 13}, "Cobre Total": {"direction": "down", "slopePerDecade": -310.2, "latestValue": 6.4775, "latestYear": 2011, "nYears": 15}, "Cadmio Total": {"direction": "down", "slopePerDecade": -49.5, "latestValue": 0.155, "latestYear": 2009, "nYears": 13}, "Mercurio Total": {"direction": "up", "slopePerDecade": 163.9, "latestValue": 1.0, "latestYear": 2007, "nYears": 11}}}}, {"type": "Feature", "geometry": {"type": "Point", "coordinates": [-70.478056, -25.393889]}, "properties": {"nombre": "NNE ex Muelle Salitrero", "cod": "020-A-Ta", "overallTrend": "down", "dataYears": [1997, 2011], "nYears": 14, "trends": {"Mercurio Total": {"direction": "up", "slopePerDecade": 215.3, "latestValue": 1.0, "latestYear": 2007, "nYears": 6}, "Cadmio Total": {"direction": "down", "slopePerDecade": -93.1, "latestValue": 0.53, "latestYear": 2009, "nYears": 11}, "Plomo Total": {"direction": "down", "slopePerDecade": -234.7, "latestValue": 0.465, "latestYear": 2009, "nYears": 12}, "Cobre Total": {"direction": "down", "slopePerDecade": -286.3, "latestValue": 4.5025, "latestYear": 2011, "nYears": 13}}}}, {"type": "Feature", "geometry": {"type": "Point", "coordinates": [-73.076111, -41.615]}, "properties": {"nombre": "Bah\u00eda Ilque", "cod": "110-A-Pm", "overallTrend": "down", "dataYears": [1998, 2011], "nYears": 13, "trends": {"Cadmio Total": {"direction": "down", "slopePerDecade": -127.2, "latestValue": 0.435, "latestYear": 2009, "nYears": 11}, "Mercurio Total": {"direction": "up", "slopePerDecade": 126.2, "latestValue": 1.0, "latestYear": 2007, "nYears": 9}, "Plomo Total": {"direction": "down", "slopePerDecade": -417.6, "latestValue": 0.525, "latestYear": 2009, "nYears": 11}, "Cobre Total": {"direction": "down", "slopePerDecade": -380.6, "latestValue": 3.7325, "latestYear": 2011, "nYears": 13}}}}, {"type": "Feature", "geometry": {"type": "Point", "coordinates": [-70.9, -53.165]}, "properties": {"nombre": "Sector Gobernacion Mar\u00edtima", "cod": "060-B-Pr"}}, {"type": "Feature", "geometry": {"type": "Point", "coordinates": [-70.932778, -53.195]}, "properties": {"nombre": "Sector Norte R\u00edo Los Ciervos", "cod": "130-B-Pr"}}, {"type": "Feature", "geometry": {"type": "Point", "coordinates": [-70.147778, -20.178056]}, "properties": {"nombre": "Sector Corbeta Esmeralda", "cod": "010-A-Iq", "overallTrend": "down", "dataYears": [1999, 2011], "nYears": 13, "trends": {"Mercurio Total": {"direction": "up", "slopePerDecade": 112.3, "latestValue": 1.0, "latestYear": 2007, "nYears": 9}, "Cobre Total": {"direction": "down", "slopePerDecade": -312.4, "latestValue": 6.69, "latestYear": 2011, "nYears": 13}, "Plomo Total": {"direction": "down", "slopePerDecade": -242.3, "latestValue": 0.25, "latestYear": 2009, "nYears": 11}, "Cadmio Total": {"direction": "down", "slopePerDecade": -196.8, "latestValue": 0.65, "latestYear": 2009, "nYears": 11}}}}, {"type": "Feature", "geometry": {"type": "Point", "coordinates": [-71.248889, -28.468333]}, "properties": {"nombre": "Muelle Guacolda 2", "cod": "070-A-Hu", "overallTrend": "down", "dataYears": [1999, 2011], "nYears": 12, "trends": {"Cobre Total": {"direction": "down", "slopePerDecade": -294.1, "latestValue": 3.7375, "latestYear": 2011, "nYears": 12}, "Mercurio Total": {"direction": "up", "slopePerDecade": 116.4, "latestValue": 1.0, "latestYear": 2007, "nYears": 4}, "Plomo Total": {"direction": "down", "slopePerDecade": -288.4, "latestValue": 0.36, "latestYear": 2009, "nYears": 9}, "Cadmio Total": {"direction": "down", "slopePerDecade": -373.6, "latestValue": 0.09, "latestYear": 2009, "nYears": 10}}}}, {"type": "Feature", "geometry": {"type": "Point", "coordinates": [-71.203611, -28.438889]}, "properties": {"nombre": "Desembocadura R\u00edo Huasco", "cod": "020-A-Hu", "overallTrend": "down", "dataYears": [1999, 2011], "nYears": 12, "trends": {"Cadmio Total": {"direction": "down", "slopePerDecade": -372.5, "latestValue": 0.15, "latestYear": 2009, "nYears": 10}, "Plomo Total": {"direction": "down", "slopePerDecade": -288.3, "latestValue": 0.49, "latestYear": 2009, "nYears": 9}, "Cobre Total": {"direction": "down", "slopePerDecade": -341.3, "latestValue": 4.0025, "latestYear": 2011, "nYears": 12}, "Mercurio Total": {"direction": "down", "slopePerDecade": -209.8, "latestValue": 1.0, "latestYear": 2007, "nYears": 4}}}}, {"type": "Feature", "geometry": {"type": "Point", "coordinates": [-71.258889, -28.464167]}, "properties": {"nombre": "Descarga Guacolda", "cod": "050-A-Hu", "overallTrend": "down", "dataYears": [1999, 2011], "nYears": 12, "trends": {"Cobre Total": {"direction": "down", "slopePerDecade": -313.4, "latestValue": 3.3225, "latestYear": 2011, "nYears": 12}, "Plomo Total": {"direction": "down", "slopePerDecade": -287.7, "latestValue": 0.56, "latestYear": 2009, "nYears": 9}, "Mercurio Total": {"direction": "up", "slopePerDecade": 34.6, "latestValue": 1.0, "latestYear": 2007, "nYears": 4}, "Cadmio Total": {"direction": "down", "slopePerDecade": -375.0, "latestValue": 0.115, "latestYear": 2009, "nYears": 10}}}}, {"type": "Feature", "geometry": {"type": "Point", "coordinates": [-70.326667, -18.416667]}, "properties": {"nombre": "Desembocadura R\u00edo Lluta", "cod": "010-A-Ar", "overallTrend": "down", "dataYears": [1999, 2011], "nYears": 12, "trends": {"Mercurio Total": {"direction": "up", "slopePerDecade": 115.4, "latestValue": 1.0, "latestYear": 2007, "nYears": 8}, "Cadmio Total": {"direction": "down", "slopePerDecade": -210.8, "latestValue": 0.26, "latestYear": 2009, "nYears": 10}, "Cobre Total": {"direction": "down", "slopePerDecade": -255.8, "latestValue": 3.455, "latestYear": 2011, "nYears": 12}, "Plomo Total": {"direction": "down", "slopePerDecade": -232.7, "latestValue": 0.635, "latestYear": 2009, "nYears": 10}}}}, {"type": "Feature", "geometry": {"type": "Point", "coordinates": [-70.444722, -23.09]}, "properties": {"nombre": "Frente a La Caleta", "cod": "060-A-Me", "overallTrend": "down", "dataYears": [2000, 2011], "nYears": 11, "trends": {"Cobre Total": {"direction": "down", "slopePerDecade": -402.7, "latestValue": 3.7175, "latestYear": 2011, "nYears": 10}, "Plomo Total": {"direction": "down", "slopePerDecade": -386.9, "latestValue": 0.355, "latestYear": 2009, "nYears": 9}, "Cadmio Total": {"direction": "down", "slopePerDecade": -241.9, "latestValue": 0.295, "latestYear": 2009, "nYears": 9}, "Mercurio Total": {"direction": "up", "slopePerDecade": 67.3, "latestValue": 1.0, "latestYear": 2007, "nYears": 3}}}}, {"type": "Feature", "geometry": {"type": "Point", "coordinates": [-70.469722, -23.091667]}, "properties": {"nombre": "Frente a Muelle Fertilizante", "cod": "090-A-Me", "overallTrend": "down", "dataYears": [2000, 2011], "nYears": 11, "trends": {"Plomo Total": {"direction": "down", "slopePerDecade": -389.6, "latestValue": 0.355, "latestYear": 2009, "nYears": 9}, "Cadmio Total": {"direction": "down", "slopePerDecade": -247.7, "latestValue": 0.22, "latestYear": 2009, "nYears": 9}, "Mercurio Total": {"direction": "up", "slopePerDecade": 70.1, "latestValue": 1.0, "latestYear": 2007, "nYears": 3}, "Cobre Total": {"direction": "down", "slopePerDecade": -405.1, "latestValue": 4.675, "latestYear": 2011, "nYears": 10}}}}, {"type": "Feature", "geometry": {"type": "Point", "coordinates": [-70.444722, -23.09]}, "properties": {"nombre": "Frente a Capitan\u00eda", "cod": "080-A-Me", "overallTrend": "down", "dataYears": [2000, 2011], "nYears": 11, "trends": {"Cobre Total": {"direction": "down", "slopePerDecade": -395.7, "latestValue": 3.5875, "latestYear": 2011, "nYears": 10}, "Plomo Total": {"direction": "down", "slopePerDecade": -394.7, "latestValue": 0.345, "latestYear": 2009, "nYears": 9}, "Cadmio Total": {"direction": "down", "slopePerDecade": -249.4, "latestValue": 0.275, "latestYear": 2009, "nYears": 9}, "Mercurio Total": {"direction": "up", "slopePerDecade": 37.6, "latestValue": 1.0, "latestYear": 2007, "nYears": 3}}}}, {"type": "Feature", "geometry": {"type": "Point", "coordinates": [-70.323611, -22.963889]}, "properties": {"nombre": "Punta Chacaya", "cod": "010-A-Me", "overallTrend": "down", "dataYears": [2000, 2011], "nYears": 11, "trends": {"Mercurio Total": {"direction": "up", "slopePerDecade": 70.1, "latestValue": 1.0, "latestYear": 2007, "nYears": 3}, "Cadmio Total": {"direction": "down", "slopePerDecade": -261.5, "latestValue": 0.27, "latestYear": 2009, "nYears": 9}, "Plomo Total": {"direction": "down", "slopePerDecade": -392.4, "latestValue": 0.34, "latestYear": 2009, "nYears": 9}, "Cobre Total": {"direction": "down", "slopePerDecade": -387.1, "latestValue": 3.6725, "latestYear": 2011, "nYears": 10}}}}, {"type": "Feature", "geometry": {"type": "Point", "coordinates": [-72.521389, -51.707778]}, "properties": {"nombre": "Norte Angostura", "cod": "020-A-Pn", "overallTrend": "down", "dataYears": [2000, 2011], "nYears": 11, "trends": {"Mercurio Total": {"direction": "up", "slopePerDecade": 70.1, "latestValue": 1.0, "latestYear": 2007, "nYears": 3}, "Cadmio Total": {"direction": "down", "slopePerDecade": -315.9, "latestValue": 0.63, "latestYear": 2009, "nYears": 9}, "Cobre Total": {"direction": "down", "slopePerDecade": -338.0, "latestValue": 5.0325, "latestYear": 2011, "nYears": 11}, "Plomo Total": {"direction": "down", "slopePerDecade": -427.5, "latestValue": 0.28, "latestYear": 2009, "nYears": 8}}}}, {"type": "Feature", "geometry": {"type": "Point", "coordinates": [-72.512778, -51.743056]}, "properties": {"nombre": "Sur Angostura", "cod": "090-A-Pn", "overallTrend": "down", "dataYears": [2000, 2011], "nYears": 11, "trends": {"Mercurio Total": {"direction": "up", "slopePerDecade": 70.1, "latestValue": 1.0, "latestYear": 2007, "nYears": 3}, "Cadmio Total": {"direction": "down", "slopePerDecade": -305.7, "latestValue": 0.535, "latestYear": 2009, "nYears": 9}, "Cobre Total": {"direction": "down", "slopePerDecade": -236.3, "latestValue": 8.08, "latestYear": 2011, "nYears": 11}, "Plomo Total": {"direction": "down", "slopePerDecade": -426.4, "latestValue": 0.44, "latestYear": 2009, "nYears": 8}}}}, {"type": "Feature", "geometry": {"type": "Point", "coordinates": [-72.933333, -41.483333]}, "properties": {"nombre": "Centro Bah\u00eda", "cod": "030-A-Pm", "overallTrend": "down", "dataYears": [2001, 2011], "nYears": 10, "trends": {"Cobre Total": {"direction": "down", "slopePerDecade": -100.1, "latestValue": 2.6525, "latestYear": 2011, "nYears": 10}, "Plomo Total": {"direction": "down", "slopePerDecade": -418.4, "latestValue": 0.7, "latestYear": 2009, "nYears": 8}, "Mercurio Total": {"direction": "up", "slopePerDecade": 104.7, "latestValue": 1.0, "latestYear": 2007, "nYears": 6}, "Cadmio Total": {"direction": "down", "slopePerDecade": -354.9, "latestValue": 0.62, "latestYear": 2009, "nYears": 8}}}}, {"type": "Feature", "geometry": {"type": "Point", "coordinates": [-73.0425, -41.563333]}, "properties": {"nombre": "Bah\u00eda Huenquillahue", "cod": "100-A-Pm", "overallTrend": "down", "dataYears": [2001, 2011], "nYears": 10, "trends": {"Cadmio Total": {"direction": "down", "slopePerDecade": -366.1, "latestValue": 0.515, "latestYear": 2009, "nYears": 8}, "Mercurio Total": {"direction": "up", "slopePerDecade": 73.6, "latestValue": 1.0, "latestYear": 2007, "nYears": 6}, "Cobre Total": {"direction": "down", "slopePerDecade": -190.0, "latestValue": 2.535, "latestYear": 2011, "nYears": 10}, "Plomo Total": {"direction": "down", "slopePerDecade": -433.7, "latestValue": 0.465, "latestYear": 2009, "nYears": 8}}}}, {"type": "Feature", "geometry": {"type": "Point", "coordinates": [-73.031944, -36.691667]}, "properties": {"nombre": "Centro Bah\u00eda", "cod": "020-A-Th", "overallTrend": "down", "dataYears": [2001, 2011], "nYears": 11, "trends": {"Plomo Total": {"direction": "down", "slopePerDecade": -581.8, "latestValue": 0.27, "latestYear": 2009, "nYears": 9}, "Cobre Total": {"direction": "down", "slopePerDecade": -80.5, "latestValue": 3.5275, "latestYear": 2011, "nYears": 11}, "Cadmio Total": {"direction": "down", "slopePerDecade": -319.1, "latestValue": 0.09, "latestYear": 2009, "nYears": 9}, "Mercurio Total": {"direction": "up", "slopePerDecade": 105.0, "latestValue": 1.0, "latestYear": 2007, "nYears": 7}}}}, {"type": "Feature", "geometry": {"type": "Point", "coordinates": [-70.155278, -20.204167]}, "properties": {"nombre": "Sector Norte Ex Muelle CORFO", "cod": "100-A-Iq", "overallTrend": "down", "dataYears": [2001, 2011], "nYears": 11, "trends": {"Plomo Total": {"direction": "down", "slopePerDecade": -562.3, "latestValue": 0.36, "latestYear": 2009, "nYears": 9}, "Cobre Total": {"direction": "down", "slopePerDecade": -77.6, "latestValue": 5.9375, "latestYear": 2011, "nYears": 11}, "Cadmio Total": {"direction": "down", "slopePerDecade": -330.8, "latestValue": 0.505, "latestYear": 2009, "nYears": 9}, "Mercurio Total": {"direction": "up", "slopePerDecade": 92.0, "latestValue": 1.0, "latestYear": 2007, "nYears": 7}}}}, {"type": "Feature", "geometry": {"type": "Point", "coordinates": [-73.123333, -41.776667]}, "properties": {"nombre": "Canal Calbuco", "cod": "050-A-Cb", "overallTrend": "down", "dataYears": [2001, 2011], "nYears": 9, "trends": {"Plomo Total": {"direction": "down", "slopePerDecade": -372.2, "latestValue": 0.375, "latestYear": 2009, "nYears": 7}, "Cobre Total": {"direction": "up", "slopePerDecade": 64.8, "latestValue": 1.565, "latestYear": 2011, "nYears": 9}, "Cadmio Total": {"direction": "down", "slopePerDecade": -57.3, "latestValue": 0.495, "latestYear": 2009, "nYears": 7}}}}, {"type": "Feature", "geometry": {"type": "Point", "coordinates": [-73.1675, -36.944167]}, "properties": {"nombre": "Sector Escuadr\u00f3n frente a Oxiquim", "cod": "010-A-Cr", "overallTrend": "down", "dataYears": [2001, 2011], "nYears": 10, "trends": {"Plomo Total": {"direction": "down", "slopePerDecade": -242.4, "latestValue": 0.77, "latestYear": 2009, "nYears": 8}, "Cobre Total": {"direction": "up", "slopePerDecade": 28.4, "latestValue": 1.4825, "latestYear": 2011, "nYears": 9}, "Cadmio Total": {"direction": "down", "slopePerDecade": -175.8, "latestValue": 0.19, "latestYear": 2009, "nYears": 7}}}}, {"type": "Feature", "geometry": {"type": "Point", "coordinates": [-70.06973, -21.42583]}, "properties": {"nombre": "Rivera Norte R\u00edo Loa", "cod": "010-A-Lo", "overallTrend": "down", "dataYears": [2001, 2011], "nYears": 10, "trends": {"Plomo Total": {"direction": "down", "slopePerDecade": -427.3, "latestValue": 0.475, "latestYear": 2009, "nYears": 8}, "Cobre Total": {"direction": "down", "slopePerDecade": -305.3, "latestValue": 4.715, "latestYear": 2011, "nYears": 10}, "Cadmio Total": {"direction": "down", "slopePerDecade": -184.6, "latestValue": 0.19, "latestYear": 2009, "nYears": 8}}}}, {"type": "Feature", "geometry": {"type": "Point", "coordinates": [-73.170278, -37.101944]}, "properties": {"nombre": "Centro Bah\u00eda - Frente Punta Astorga", "cod": "030-A-Lo", "overallTrend": "down", "dataYears": [2001, 2011], "nYears": 10, "trends": {"Cadmio Total": {"direction": "down", "slopePerDecade": -194.5, "latestValue": 0.18, "latestYear": 2009, "nYears": 8}, "Plomo Total": {"direction": "down", "slopePerDecade": -286.9, "latestValue": 0.46, "latestYear": 2009, "nYears": 8}, "Cobre Total": {"direction": "up", "slopePerDecade": 156.0, "latestValue": 5.6575, "latestYear": 2011, "nYears": 10}}}}, {"type": "Feature", "geometry": {"type": "Point", "coordinates": [-73.151667, -37.066667]}, "properties": {"nombre": "Playa Blanca", "cod": "120-A-Cr", "overallTrend": "down", "dataYears": [2001, 2011], "nYears": 10, "trends": {"Cobre Total": {"direction": "up", "slopePerDecade": 138.2, "latestValue": 4.8325, "latestYear": 2011, "nYears": 9}, "Cadmio Total": {"direction": "down", "slopePerDecade": -188.8, "latestValue": 0.165, "latestYear": 2009, "nYears": 7}, "Plomo Total": {"direction": "down", "slopePerDecade": -261.5, "latestValue": 0.47, "latestYear": 2009, "nYears": 8}}}}, {"type": "Feature", "geometry": {"type": "Point", "coordinates": [-73.161667, -37.036667]}, "properties": {"nombre": "Zona Espera Pr\u00e1ctico", "cod": "090-A-Cr", "overallTrend": "down", "dataYears": [2001, 2011], "nYears": 10, "trends": {"Plomo Total": {"direction": "down", "slopePerDecade": -264.2, "latestValue": 0.48, "latestYear": 2009, "nYears": 8}, "Cobre Total": {"direction": "up", "slopePerDecade": 45.6, "latestValue": 1.4275, "latestYear": 2011, "nYears": 9}, "Cadmio Total": {"direction": "down", "slopePerDecade": -181.3, "latestValue": 0.18, "latestYear": 2009, "nYears": 7}}}}, {"type": "Feature", "geometry": {"type": "Point", "coordinates": [-73.193611, -41.787778]}, "properties": {"nombre": "Boca Canal Caicaen", "cod": "060-A-Cb", "overallTrend": "down", "dataYears": [2001, 2011], "nYears": 9, "trends": {"Plomo Total": {"direction": "down", "slopePerDecade": -344.0, "latestValue": 0.705, "latestYear": 2009, "nYears": 7}, "Cobre Total": {"direction": "up", "slopePerDecade": 70.1, "latestValue": 1.6, "latestYear": 2011, "nYears": 9}, "Cadmio Total": {"direction": "down", "slopePerDecade": -80.3, "latestValue": 0.38, "latestYear": 2009, "nYears": 7}}}}, {"type": "Feature", "geometry": {"type": "Point", "coordinates": [-71.365278, -29.965833]}, "properties": {"nombre": "Boca Bah\u00eda Herradura", "cod": "040-A-Lh", "overallTrend": "down", "dataYears": [2001, 2011], "nYears": 10, "trends": {"Plomo Total": {"direction": "down", "slopePerDecade": -319.6, "latestValue": 0.81, "latestYear": 2009, "nYears": 7}, "Cobre Total": {"direction": "down", "slopePerDecade": -82.3, "latestValue": 4.71, "latestYear": 2011, "nYears": 10}, "Cadmio Total": {"direction": "down", "slopePerDecade": -220.4, "latestValue": 0.18, "latestYear": 2009, "nYears": 8}}}}, {"type": "Feature", "geometry": {"type": "Point", "coordinates": [-73.483333, -41.825]}, "properties": {"nombre": "Chacao", "cod": "030-A-Pg", "overallTrend": "down", "dataYears": [2001, 2011], "nYears": 6, "trends": {"Plomo Total": {"direction": "down", "slopePerDecade": -345.4, "latestValue": 0.42, "latestYear": 2009, "nYears": 5}, "Cobre Total": {"direction": "up", "slopePerDecade": 121.1, "latestValue": 2.3225, "latestYear": 2011, "nYears": 6}, "Cadmio Total": {"direction": "down", "slopePerDecade": -85.1, "latestValue": 0.165, "latestYear": 2009, "nYears": 5}}}}, {"type": "Feature", "geometry": {"type": "Point", "coordinates": [-73.4225, -41.785]}, "properties": {"nombre": "Bah\u00eda Pargua", "cod": "010-A-Pg", "overallTrend": "down", "dataYears": [2001, 2011], "nYears": 6, "trends": {"Cadmio Total": {"direction": "down", "slopePerDecade": -68.3, "latestValue": 0.175, "latestYear": 2009, "nYears": 5}, "Cobre Total": {"direction": "down", "slopePerDecade": -298.2, "latestValue": 2.01, "latestYear": 2011, "nYears": 6}, "Plomo Total": {"direction": "down", "slopePerDecade": -369.3, "latestValue": 0.39, "latestYear": 2009, "nYears": 5}}}}, {"type": "Feature", "geometry": {"type": "Point", "coordinates": [-73.4, -41.816667]}, "properties": {"nombre": "Challahue", "cod": "020-A-Pg", "overallTrend": "down", "dataYears": [2001, 2011], "nYears": 6, "trends": {"Cadmio Total": {"direction": "down", "slopePerDecade": -81.0, "latestValue": 0.175, "latestYear": 2009, "nYears": 5}, "Cobre Total": {"direction": "up", "slopePerDecade": 65.1, "latestValue": 2.3875, "latestYear": 2011, "nYears": 6}, "Plomo Total": {"direction": "down", "slopePerDecade": -343.8, "latestValue": 0.41, "latestYear": 2009, "nYears": 5}}}}, {"type": "Feature", "geometry": {"type": "Point", "coordinates": [-70.903333, -53.171667]}, "properties": {"nombre": "Frente Muelle Prat", "cod": "100-A-Pr", "overallTrend": "down", "dataYears": [2001, 2011], "nYears": 11, "trends": {"Mercurio Total": {"direction": "up", "slopePerDecade": 105.0, "latestValue": 1.0, "latestYear": 2007, "nYears": 7}, "Cadmio Total": {"direction": "down", "slopePerDecade": -342.5, "latestValue": 0.335, "latestYear": 2009, "nYears": 9}, "Cobre Total": {"direction": "down", "slopePerDecade": -101.1, "latestValue": 3.4175, "latestYear": 2011, "nYears": 11}, "Plomo Total": {"direction": "down", "slopePerDecade": -356.3, "latestValue": 0.865, "latestYear": 2009, "nYears": 9}}}}, {"type": "Feature", "geometry": {"type": "Point", "coordinates": [-70.429167, -53.301111]}, "properties": {"nombre": "Pta. Sierralta", "cod": "010-A-Pv", "overallTrend": "down", "dataYears": [2001, 2011], "nYears": 10, "trends": {"Plomo Total": {"direction": "down", "slopePerDecade": -335.4, "latestValue": 0.955, "latestYear": 2009, "nYears": 8}, "Cobre Total": {"direction": "up", "slopePerDecade": 35.1, "latestValue": 1.555, "latestYear": 2011, "nYears": 9}, "Cadmio Total": {"direction": "down", "slopePerDecade": -74.7, "latestValue": 0.19, "latestYear": 2009, "nYears": 7}}}}, {"type": "Feature", "geometry": {"type": "Point", "coordinates": [-70.775556, -52.948056]}, "properties": {"nombre": "App. a 1.080 m al Este de la punta Cabo Negro", "cod": "030-A-Cn", "overallTrend": "down", "dataYears": [2001, 2011], "nYears": 9, "trends": {"Plomo Total": {"direction": "down", "slopePerDecade": -302.7, "latestValue": 0.48, "latestYear": 2009, "nYears": 7}, "Cobre Total": {"direction": "up", "slopePerDecade": 84.0, "latestValue": 4.005, "latestYear": 2011, "nYears": 9}, "Cadmio Total": {"direction": "down", "slopePerDecade": -135.9, "latestValue": 0.24, "latestYear": 2009, "nYears": 7}}}}, {"type": "Feature", "geometry": {"type": "Point", "coordinates": [-70.7775, -52.934167]}, "properties": {"nombre": "App. a 420 m al Este-Nord-Este de la punta Cabo Porpesse", "cod": "020-A-Cn", "overallTrend": "down", "dataYears": [2001, 2011], "nYears": 9, "trends": {"Cadmio Total": {"direction": "down", "slopePerDecade": -128.8, "latestValue": 0.265, "latestYear": 2009, "nYears": 7}, "Cobre Total": {"direction": "up", "slopePerDecade": 124.0, "latestValue": 4.5575, "latestYear": 2011, "nYears": 9}, "Plomo Total": {"direction": "down", "slopePerDecade": -299.6, "latestValue": 0.475, "latestYear": 2009, "nYears": 7}}}}, {"type": "Feature", "geometry": {"type": "Point", "coordinates": [-72.53, -51.7275]}, "properties": {"nombre": "Frente Pto. Laforest", "cod": "050-A-Pn", "overallTrend": "down", "dataYears": [2001, 2011], "nYears": 10, "trends": {"Cobre Total": {"direction": "down", "slopePerDecade": -236.1, "latestValue": 4.9875, "latestYear": 2011, "nYears": 10}, "Plomo Total": {"direction": "down", "slopePerDecade": -359.1, "latestValue": 0.655, "latestYear": 2009, "nYears": 7}, "Cadmio Total": {"direction": "down", "slopePerDecade": -72.7, "latestValue": 0.605, "latestYear": 2009, "nYears": 8}}}}, {"type": "Feature", "geometry": {"type": "Point", "coordinates": [-71.524722, -32.781667]}, "properties": {"nombre": "Caleta Quintero", "cod": "180-A-Qu", "overallTrend": "down", "dataYears": [2001, 2011], "nYears": 11, "trends": {"Cadmio Total": {"direction": "down", "slopePerDecade": -340.8, "latestValue": 0.33, "latestYear": 2009, "nYears": 9}, "Mercurio Total": {"direction": "up", "slopePerDecade": 105.0, "latestValue": 1.0, "latestYear": 2007, "nYears": 7}, "Plomo Total": {"direction": "down", "slopePerDecade": -348.4, "latestValue": 0.53, "latestYear": 2009, "nYears": 9}, "Cobre Total": {"direction": "down", "slopePerDecade": -88.0, "latestValue": 5.2175, "latestYear": 2011, "nYears": 11}}}}, {"type": "Feature", "geometry": {"type": "Point", "coordinates": [-71.491667, -32.743333]}, "properties": {"nombre": "Caleta Ventana", "cod": "020-A-Qu", "overallTrend": "down", "dataYears": [2001, 2011], "nYears": 11, "trends": {"Plomo Total": {"direction": "down", "slopePerDecade": -349.4, "latestValue": 0.505, "latestYear": 2009, "nYears": 9}, "Cobre Total": {"direction": "down", "slopePerDecade": -46.2, "latestValue": 5.34, "latestYear": 2011, "nYears": 11}, "Mercurio Total": {"direction": "up", "slopePerDecade": 50.9, "latestValue": 1.0, "latestYear": 2007, "nYears": 7}, "Cadmio Total": {"direction": "down", "slopePerDecade": -346.6, "latestValue": 0.185, "latestYear": 2009, "nYears": 9}}}}, {"type": "Feature", "geometry": {"type": "Point", "coordinates": [-70.433333, -53.31]}, "properties": {"nombre": "Bah\u00eda Chilota", "cod": "020-A-Pv", "overallTrend": "down", "dataYears": [2004, 2011], "nYears": 8, "trends": {"Plomo Total": {"direction": "down", "slopePerDecade": -382.8, "latestValue": 0.905, "latestYear": 2009, "nYears": 6}, "Cadmio Total": {"direction": "down", "slopePerDecade": -168.4, "latestValue": 0.18, "latestYear": 2009, "nYears": 6}, "Cobre Total": {"direction": "down", "slopePerDecade": -37.7, "latestValue": 0.765, "latestYear": 2011, "nYears": 8}}}}, {"type": "Feature", "geometry": {"type": "Point", "coordinates": [-70.215, -19.595278]}, "properties": {"nombre": "Frente Carbonera", "cod": "030-A-Pi", "overallTrend": "down", "dataYears": [2006, 2011], "nYears": 6, "trends": {"Cobre Total": {"direction": "up", "slopePerDecade": 462.8, "latestValue": 8.295, "latestYear": 2011, "nYears": 6}, "Plomo Total": {"direction": "down", "slopePerDecade": -13.1, "latestValue": 0.335, "latestYear": 2009, "nYears": 4}, "Cadmio Total": {"direction": "down", "slopePerDecade": -59.2, "latestValue": 0.245, "latestYear": 2009, "nYears": 4}}}}, {"type": "Feature", "geometry": {"type": "Point", "coordinates": [-70.210833, -19.5925]}, "properties": {"nombre": "Frente Caleta Pek\u00edn", "cod": "020-A-Pi", "overallTrend": "up", "dataYears": [2006, 2011], "nYears": 6, "trends": {"Cobre Total": {"direction": "up", "slopePerDecade": 611.2, "latestValue": 8.365, "latestYear": 2011, "nYears": 6}, "Plomo Total": {"direction": "up", "slopePerDecade": 156.5, "latestValue": 0.43, "latestYear": 2009, "nYears": 4}, "Cadmio Total": {"direction": "down", "slopePerDecade": -105.8, "latestValue": 0.225, "latestYear": 2009, "nYears": 4}}}}, {"type": "Feature", "geometry": {"type": "Point", "coordinates": [-68.321111, -54.922778]}, "properties": {"nombre": "Frente Puerto Navarino", "cod": "010-A-Pw", "overallTrend": "down", "dataYears": [2005, 2011], "nYears": 7, "trends": {"Cadmio Total": {"direction": "down", "slopePerDecade": -367.1, "latestValue": 0.135, "latestYear": 2009, "nYears": 5}, "Cobre Total": {"direction": "down", "slopePerDecade": -60.1, "latestValue": 2.255, "latestYear": 2011, "nYears": 7}, "Plomo Total": {"direction": "down", "slopePerDecade": -241.8, "latestValue": 0.61, "latestYear": 2009, "nYears": 5}}}}, {"type": "Feature", "geometry": {"type": "Point", "coordinates": [-67.606389, -54.930278]}, "properties": {"nombre": "Frente muelle (boyas)", "cod": "030-A-Pw", "overallTrend": "down", "dataYears": [2005, 2011], "nYears": 7, "trends": {"Plomo Total": {"direction": "down", "slopePerDecade": -227.7, "latestValue": 0.535, "latestYear": 2009, "nYears": 5}, "Cobre Total": {"direction": "down", "slopePerDecade": -230.7, "latestValue": 2.405, "latestYear": 2011, "nYears": 7}, "Cadmio Total": {"direction": "down", "slopePerDecade": -113.3, "latestValue": 0.26, "latestYear": 2009, "nYears": 5}}}}, {"type": "Feature", "geometry": {"type": "Point", "coordinates": [-67.577222, -54.926389]}, "properties": {"nombre": "Frente Pesqueras", "cod": "020-A-Pw", "overallTrend": "down", "dataYears": [2005, 2011], "nYears": 7, "trends": {"Plomo Total": {"direction": "down", "slopePerDecade": -208.5, "latestValue": 0.585, "latestYear": 2009, "nYears": 5}, "Cobre Total": {"direction": "up", "slopePerDecade": 55.8, "latestValue": 3.48, "latestYear": 2011, "nYears": 7}, "Cadmio Total": {"direction": "down", "slopePerDecade": -122.0, "latestValue": 0.31, "latestYear": 2009, "nYears": 5}}}}, {"type": "Feature", "geometry": {"type": "Point", "coordinates": [-68.152778, -55.043333]}, "properties": {"nombre": "Frente Ba. Wulaia", "cod": "040-A-Pw"}}, {"type": "Feature", "geometry": {"type": "Point", "coordinates": [-73.291111, -37.22]}, "properties": {"nombre": "Golfo Sur sector Raqui", "cod": "040-A-Ao", "overallTrend": "up", "dataYears": [2005, 2011], "nYears": 7, "trends": {"Cadmio Total": {"direction": "up", "slopePerDecade": 52.7, "latestValue": 0.125, "latestYear": 2009, "nYears": 5}, "Cobre Total": {"direction": "up", "slopePerDecade": 192.9, "latestValue": 2.985, "latestYear": 2011, "nYears": 7}, "Plomo Total": {"direction": "up", "slopePerDecade": 46.8, "latestValue": 0.295, "latestYear": 2009, "nYears": 5}}}}, {"type": "Feature", "geometry": {"type": "Point", "coordinates": [-73.203333, -37.169444]}, "properties": {"nombre": "Golfo Norte sector Laraquete", "cod": "010-A-Ao", "overallTrend": "up", "dataYears": [2005, 2011], "nYears": 7, "trends": {"Cadmio Total": {"direction": "up", "slopePerDecade": 58.9, "latestValue": 0.1, "latestYear": 2009, "nYears": 5}, "Cobre Total": {"direction": "up", "slopePerDecade": 204.4, "latestValue": 3.935, "latestYear": 2011, "nYears": 7}, "Plomo Total": {"direction": "up", "slopePerDecade": 131.6, "latestValue": 0.5175, "latestYear": 2009, "nYears": 5}}}}, {"type": "Feature", "geometry": {"type": "Point", "coordinates": [-73.238889, -37.191667]}, "properties": {"nombre": "Boca Emisario", "cod": "020-A-Ao", "overallTrend": "up", "dataYears": [2005, 2011], "nYears": 7, "trends": {"Cadmio Total": {"direction": "up", "slopePerDecade": 129.1, "latestValue": 0.15, "latestYear": 2009, "nYears": 5}, "Cobre Total": {"direction": "up", "slopePerDecade": 205.3, "latestValue": 3.83, "latestYear": 2011, "nYears": 7}, "Plomo Total": {"direction": "up", "slopePerDecade": 243.6, "latestValue": 0.445, "latestYear": 2009, "nYears": 5}}}}, {"type": "Feature", "geometry": {"type": "Point", "coordinates": [-67.063056, -55.078056]}, "properties": {"nombre": "Frente Pto. Toro (cerca de Faro)", "cod": "050-A-Pw", "overallTrend": "up", "dataYears": [2005, 2011], "nYears": 7, "trends": {"Cobre Total": {"direction": "up", "slopePerDecade": 22.3, "latestValue": 2.305, "latestYear": 2011, "nYears": 7}, "Plomo Total": {"direction": "up", "slopePerDecade": 87.1, "latestValue": 0.73, "latestYear": 2010, "nYears": 6}, "Cadmio Total": {"direction": "up", "slopePerDecade": 583.5, "latestValue": 0.485, "latestYear": 2009, "nYears": 4}}}}, {"type": "Feature", "geometry": {"type": "Point", "coordinates": [-70.20722, -19.58306]}, "properties": {"nombre": "Frente Playa Pisagua", "cod": "040-A-Pi", "overallTrend": "up", "dataYears": [2006, 2011], "nYears": 6, "trends": {"Cobre Total": {"direction": "up", "slopePerDecade": 373.4, "latestValue": 10.31, "latestYear": 2011, "nYears": 6}, "Cadmio Total": {"direction": "up", "slopePerDecade": 131.5, "latestValue": 0.49, "latestYear": 2010, "nYears": 5}, "Plomo Total": {"direction": "up", "slopePerDecade": 175.2, "latestValue": 0.62, "latestYear": 2010, "nYears": 5}}}}, {"type": "Feature", "geometry": {"type": "Point", "coordinates": [-70.26, -19.33667]}, "properties": {"nombre": "Caleta Chica", "cod": "010-A-Pi", "overallTrend": "flat", "dataYears": [2006, 2011], "nYears": 4, "trends": {"Cobre Total": {"direction": "up", "slopePerDecade": 421.9, "latestValue": 10.0575, "latestYear": 2011, "nYears": 4}}}}, {"type": "Feature", "geometry": {"type": "Point", "coordinates": [-72.881667, -36.432222]}, "properties": {"nombre": "Burca", "cod": "040-A-It", "overallTrend": "up", "dataYears": [2006, 2011], "nYears": 6, "trends": {"Cobre Total": {"direction": "up", "slopePerDecade": 278.8, "latestValue": 3.395, "latestYear": 2011, "nYears": 6}, "Plomo Total": {"direction": "down", "slopePerDecade": -97.3, "latestValue": 0.435, "latestYear": 2009, "nYears": 4}, "Cadmio Total": {"direction": "up", "slopePerDecade": 502.7, "latestValue": 0.65, "latestYear": 2009, "nYears": 4}}}}, {"type": "Feature", "geometry": {"type": "Point", "coordinates": [-72.875278, -36.390833]}, "properties": {"nombre": "Boca Itata", "cod": "030-A-It", "overallTrend": "up", "dataYears": [2006, 2011], "nYears": 6, "trends": {"Cobre Total": {"direction": "up", "slopePerDecade": 220.5, "latestValue": 2.6925, "latestYear": 2011, "nYears": 6}, "Plomo Total": {"direction": "up", "slopePerDecade": 55.9, "latestValue": 0.7, "latestYear": 2009, "nYears": 4}, "Cadmio Total": {"direction": "up", "slopePerDecade": 512.1, "latestValue": 0.62, "latestYear": 2009, "nYears": 4}}}}, {"type": "Feature", "geometry": {"type": "Point", "coordinates": [-72.853056, -36.354722]}, "properties": {"nombre": "Punta Mela", "cod": "010-A-It", "overallTrend": "up", "dataYears": [2006, 2011], "nYears": 6, "trends": {"Cadmio Total": {"direction": "up", "slopePerDecade": 481.4, "latestValue": 0.705, "latestYear": 2009, "nYears": 4}, "Plomo Total": {"direction": "down", "slopePerDecade": -134.4, "latestValue": 0.12, "latestYear": 2010, "nYears": 5}, "Cobre Total": {"direction": "up", "slopePerDecade": 293.3, "latestValue": 3.5225, "latestYear": 2011, "nYears": 6}}}}, {"type": "Feature", "geometry": {"type": "Point", "coordinates": [-72.866667, -36.367222]}, "properties": {"nombre": "Boca Norte R\u00edo Itata", "cod": "020-A-It", "overallTrend": "up", "dataYears": [2006, 2011], "nYears": 6, "trends": {"Cobre Total": {"direction": "up", "slopePerDecade": 244.5, "latestValue": 3.3325, "latestYear": 2011, "nYears": 6}, "Plomo Total": {"direction": "down", "slopePerDecade": -18.3, "latestValue": 0.67, "latestYear": 2009, "nYears": 4}, "Cadmio Total": {"direction": "up", "slopePerDecade": 468.2, "latestValue": 0.715, "latestYear": 2009, "nYears": 4}}}}, {"type": "Feature", "geometry": {"type": "Point", "coordinates": [-73.0275, -41.555]}, "properties": {"nombre": "Sector Panitao", "cod": "090-A-Pm", "overallTrend": "up", "dataYears": [2006, 2011], "nYears": 5, "trends": {"Cadmio Total": {"direction": "up", "slopePerDecade": 255.6, "latestValue": 0.22, "latestYear": 2009, "nYears": 3}, "Plomo Total": {"direction": "down", "slopePerDecade": -178.2, "latestValue": 0.285, "latestYear": 2009, "nYears": 3}, "Cobre Total": {"direction": "up", "slopePerDecade": 110.4, "latestValue": 2.1625, "latestYear": 2011, "nYears": 5}}}}, {"type": "Feature", "geometry": {"type": "Point", "coordinates": [-72.689722, -44.7375]}, "properties": {"nombre": "Frente Punta Redonda", "cod": "040-A-Pc", "overallTrend": "down", "dataYears": [2007, 2011], "nYears": 5, "trends": {"Cobre Total": {"direction": "down", "slopePerDecade": -175.3, "latestValue": 1.3467, "latestYear": 2011, "nYears": 5}, "Plomo Total": {"direction": "down", "slopePerDecade": -968.0, "latestValue": 0.59, "latestYear": 2009, "nYears": 3}, "Cadmio Total": {"direction": "up", "slopePerDecade": 693.3, "latestValue": 0.34, "latestYear": 2009, "nYears": 3}}}}, {"type": "Feature", "geometry": {"type": "Point", "coordinates": [-72.689722, -44.725556]}, "properties": {"nombre": "Frente Punta Bennet", "cod": "030-A-Pc", "overallTrend": "up", "dataYears": [2007, 2011], "nYears": 5, "trends": {"Plomo Total": {"direction": "down", "slopePerDecade": -59.9, "latestValue": 0.83, "latestYear": 2009, "nYears": 3}, "Cobre Total": {"direction": "up", "slopePerDecade": 227.5, "latestValue": 1.54, "latestYear": 2011, "nYears": 5}, "Cadmio Total": {"direction": "up", "slopePerDecade": 678.3, "latestValue": 0.31, "latestYear": 2009, "nYears": 3}}}}, {"type": "Feature", "geometry": {"type": "Point", "coordinates": [-72.721111, -44.744722]}, "properties": {"nombre": "SW Caleta Mendez", "cod": "060-A-Pc", "overallTrend": "up", "dataYears": [2007, 2011], "nYears": 5, "trends": {"Cobre Total": {"direction": "up", "slopePerDecade": 266.0, "latestValue": 1.8325, "latestYear": 2011, "nYears": 5}, "Cadmio Total": {"direction": "up", "slopePerDecade": 724.6, "latestValue": 0.335, "latestYear": 2009, "nYears": 3}, "Plomo Total": {"direction": "up", "slopePerDecade": 51.5, "latestValue": 0.62, "latestYear": 2009, "nYears": 3}}}}, {"type": "Feature", "geometry": {"type": "Point", "coordinates": [-72.699722, -44.741389]}, "properties": {"nombre": "Desembocadura R\u00edo Cisnes", "cod": "050-A-Pc", "overallTrend": "down", "dataYears": [2007, 2011], "nYears": 5, "trends": {"Cobre Total": {"direction": "down", "slopePerDecade": -87.2, "latestValue": 2.04, "latestYear": 2011, "nYears": 5}, "Plomo Total": {"direction": "down", "slopePerDecade": -178.9, "latestValue": 0.495, "latestYear": 2009, "nYears": 3}, "Cadmio Total": {"direction": "up", "slopePerDecade": 686.1, "latestValue": 0.305, "latestYear": 2009, "nYears": 3}}}}, {"type": "Feature", "geometry": {"type": "Point", "coordinates": [-70.891667, -27.12]}, "properties": {"nombre": "Centro Bah\u00eda Inglesa", "cod": "050-A-Ba", "overallTrend": "up", "dataYears": [2007, 2011], "nYears": 5, "trends": {"Cobre Total": {"direction": "up", "slopePerDecade": 174.6, "latestValue": 1.15, "latestYear": 2011, "nYears": 5}, "Plomo Total": {"direction": "down", "slopePerDecade": -228.2, "latestValue": 0.47, "latestYear": 2009, "nYears": 3}, "Cadmio Total": {"direction": "up", "slopePerDecade": 86.0, "latestValue": 0.22, "latestYear": 2009, "nYears": 3}}}}, {"type": "Feature", "geometry": {"type": "Point", "coordinates": [-70.879444, -27.079722]}, "properties": {"nombre": "Punta Caldereta", "cod": "010-A-Ba", "overallTrend": "up", "dataYears": [2007, 2011], "nYears": 5, "trends": {"Cobre Total": {"direction": "up", "slopePerDecade": 238.2, "latestValue": 1.2825, "latestYear": 2011, "nYears": 5}, "Plomo Total": {"direction": "down", "slopePerDecade": -244.5, "latestValue": 0.425, "latestYear": 2009, "nYears": 3}, "Cadmio Total": {"direction": "up", "slopePerDecade": 134.8, "latestValue": 0.185, "latestYear": 2009, "nYears": 3}}}}, {"type": "Feature", "geometry": {"type": "Point", "coordinates": [-70.661389, -26.173333]}, "properties": {"nombre": "Caleta Coquimbo", "cod": "010-B-Ch"}}, {"type": "Feature", "geometry": {"type": "Point", "coordinates": [-70.917222, -27.121944]}, "properties": {"nombre": "Punta Morro", "cod": "060-A-Ba", "overallTrend": "flat", "dataYears": [2008, 2011], "nYears": 4, "trends": {"Cobre Total": {"direction": "up", "slopePerDecade": 482.3, "latestValue": 1.94, "latestYear": 2011, "nYears": 4}}}}, {"type": "Feature", "geometry": {"type": "Point", "coordinates": [-72.72389, -44.50555]}, "properties": {"nombre": "NE Isla Magdalena (paso Sibbald)", "cod": "010-A-Pc", "overallTrend": "flat", "dataYears": [2008, 2011], "nYears": 3, "trends": {"Cobre Total": {"direction": "up", "slopePerDecade": 223.8, "latestValue": 2.33, "latestYear": 2011, "nYears": 3}}}}, {"type": "Feature", "geometry": {"type": "Point", "coordinates": [-70.859722, -27.107778]}, "properties": {"nombre": "Punta Pescadores", "cod": "040-A-Ba", "overallTrend": "flat", "dataYears": [2008, 2011], "nYears": 4, "trends": {"Cobre Total": {"direction": "up", "slopePerDecade": 190.7, "latestValue": 1.3625, "latestYear": 2011, "nYears": 4}}}}, {"type": "Feature", "geometry": {"type": "Point", "coordinates": [-70.872222, -27.129167]}, "properties": {"nombre": "Frente a Playa Rocas Negras", "cod": "080-A-Ba", "overallTrend": "flat", "dataYears": [2008, 2011], "nYears": 4, "trends": {"Cobre Total": {"direction": "up", "slopePerDecade": 206.4, "latestValue": 1.3475, "latestYear": 2011, "nYears": 4}}}}, {"type": "Feature", "geometry": {"type": "Point", "coordinates": [-73.614444, -43.1375]}, "properties": {"nombre": "Bah\u00eda Quell\u00f3n, Punta Lapa", "cod": "030-A-Ql", "overallTrend": "flat", "dataYears": [2009, 2011], "nYears": 3, "trends": {"Cobre Total": {"direction": "up", "slopePerDecade": 630.4, "latestValue": 3.07, "latestYear": 2011, "nYears": 3}}}}, {"type": "Feature", "geometry": {"type": "Point", "coordinates": [-73.621944, -43.123056]}, "properties": {"nombre": "Bah\u00eda Quell\u00f3n, Puerto", "cod": "020-A-Ql", "overallTrend": "flat", "dataYears": [2009, 2011], "nYears": 3, "trends": {"Cobre Total": {"direction": "up", "slopePerDecade": 133.8, "latestValue": 3.39, "latestYear": 2011, "nYears": 3}}}}, {"type": "Feature", "geometry": {"type": "Point", "coordinates": [-70.159167, -20.203056]}, "properties": {"nombre": "Pesquera Camanchaca", "cod": "080-A-Iq"}}, {"type": "Feature", "geometry": {"type": "Point", "coordinates": [-71.511667, -30.258333]}, "properties": {"nombre": "Sur-Oeste Pen\u00ednsula Tongoy", "cod": "020-A-Ty"}}, {"type": "Feature", "geometry": {"type": "Point", "coordinates": [-70.171667, -20.845278]}, "properties": {"nombre": "Estaci\u00f3n Control Playa Chauca", "cod": "090-A-Pt"}}, {"type": "Feature", "geometry": {"type": "Point", "coordinates": [-70.194722, -20.767222]}, "properties": {"nombre": "Central Patache", "cod": "040-A-Pt"}}, {"type": "Feature", "geometry": {"type": "Point", "coordinates": [-70.199806, -20.751611]}, "properties": {"nombre": "Punta Patillos", "cod": "030-A-Pt"}}, {"type": "Feature", "geometry": {"type": "Point", "coordinates": [-70.1916666666667, -20.5211111111111]}, "properties": {"nombre": "Aeropuerto Diego Aracena", "cod": "010-A-Pt"}}, {"type": "Feature", "geometry": {"type": "Point", "coordinates": [-70.48139, -25.39944]}, "properties": {"nombre": "Estaci\u00f3n Control Sector la Virgen", "cod": "037-A-Ta"}}, {"type": "Feature", "geometry": {"type": "Point", "coordinates": [-70.50372, -23.0292]}, "properties": {"nombre": "Estaci\u00f3n Control Punta Angamos", "cod": "043-A-Me"}}, {"type": "Feature", "geometry": {"type": "Point", "coordinates": [-70.19432, -22.06606]}, "properties": {"nombre": "Estaci\u00f3n Control Punta Duendes", "cod": "013-A-To"}}, {"type": "Feature", "geometry": {"type": "Point", "coordinates": [-71.67833, -33.35611]}, "properties": {"nombre": "Algarrobo Norte", "cod": "010-A-Al"}}, {"type": "Feature", "geometry": {"type": "Point", "coordinates": [-71.67722, -33.36111]}, "properties": {"nombre": "Algarrobo Sur", "cod": "020-A-Al"}}, {"type": "Feature", "geometry": {"type": "Point", "coordinates": [-70.6525, -26.35528]}, "properties": {"nombre": "Sector Sur de Barquito Control", "cod": "121-A-Ch"}}, {"type": "Feature", "geometry": {"type": "Point", "coordinates": [-71.355, -29.95083]}, "properties": {"nombre": "Frente Caleta Guayac\u00e1n", "cod": "020-A-Lh"}}, {"type": "Feature", "geometry": {"type": "Point", "coordinates": [-71.20361, -28.43472]}, "properties": {"nombre": "Playa Grande Control", "cod": "010-A-Hu"}}, {"type": "Feature", "geometry": {"type": "Point", "coordinates": [-73.52306, -41.785]}, "properties": {"nombre": "Sector Roca Remolinos", "cod": "011-A-Pg"}}, {"type": "Feature", "geometry": {"type": "Point", "coordinates": [-73.544531, -42.472281]}, "properties": {"nombre": "Chullec", "cod": "010-S-Cu", "overallTrend": "flat", "dataYears": [2013, 2023], "nYears": 8, "trends": {"Plomo Total": {"direction": "up", "slopePerDecade": 199.5, "latestValue": 2.15, "latestYear": 2017, "nYears": 4}, "Cobre Total": {"direction": "down", "slopePerDecade": -16.5, "latestValue": 20.4, "latestYear": 2023, "nYears": 8}, "Mercurio Total": {"direction": "flat", "slopePerDecade": 2.3, "latestValue": 0.05, "latestYear": 2023, "nYears": 5}}}}, {"type": "Feature", "geometry": {"type": "Point", "coordinates": [-73.20889, -41.79556]}, "properties": {"nombre": "Pureo", "cod": "051-A-Cb"}}, {"type": "Feature", "geometry": {"type": "Point", "coordinates": [-73.13389, -41.83417]}, "properties": {"nombre": "Isla Quenu", "cod": "071-A-Cb"}}, {"type": "Feature", "geometry": {"type": "Point", "coordinates": [-71.50777, -31.89028]}, "properties": {"nombre": "Terminal Pelambres", "cod": "020-A-Lv"}}, {"type": "Feature", "geometry": {"type": "Point", "coordinates": [-73.75611, -42.63083]}, "properties": {"nombre": "Chonchi", "cod": "010-A-Cy"}}, {"type": "Feature", "geometry": {"type": "Point", "coordinates": [-71.49928, -30.26754]}, "properties": {"nombre": "Playa Grande", "cod": "030-A-Ty"}}, {"type": "Feature", "geometry": {"type": "Point", "coordinates": [-70.06973, -21.42583]}, "properties": {"nombre": "Rivera Norte R\u00edo Loa", "cod": "010-A-La"}}, {"type": "Feature", "geometry": {"type": "Point", "coordinates": [-71.515, -32.91528]}, "properties": {"nombre": "Desembocadura R\u00edo Aconcagua", "cod": "050-A-Cc"}}, {"type": "Feature", "geometry": {"type": "Point", "coordinates": [-71.60603, -33.01208]}, "properties": {"nombre": "Centro Norte Bah\u00eda Valpara\u00edso", "cod": "110-A-Vp"}}, {"type": "Feature", "geometry": {"type": "Point", "coordinates": [-72.75611, -41.55639]}, "properties": {"nombre": "Quillaipe", "cod": "081-A-Pm"}}, {"type": "Feature", "geometry": {"type": "Point", "coordinates": [-70.85336, -27.06968]}, "properties": {"nombre": "Estaci\u00f3n Control Ensenada Los Burros", "cod": "106-A-Ca"}}, {"type": "Feature", "geometry": {"type": "Point", "coordinates": [-70.23055, -19.59806]}, "properties": {"nombre": "Punta Pichalo", "cod": "050-A-Pi"}}, {"type": "Feature", "geometry": {"type": "Point", "coordinates": [-71.627, -33.57083]}, "properties": {"nombre": "Punta Panul control", "cod": "011-A-Sa"}}, {"type": "Feature", "geometry": {"type": "Point", "coordinates": [-73.63667, -42.37778]}, "properties": {"nombre": "Punta Quiquel", "cod": "020-S-Cd", "overallTrend": "flat", "dataYears": [2013, 2023], "nYears": 6, "trends": {"Cobre Total": {"direction": "up", "slopePerDecade": 98.2, "latestValue": 12.7, "latestYear": 2023, "nYears": 6}}}}, {"type": "Feature", "geometry": {"type": "Point", "coordinates": [-71.50158, -32.73886]}, "properties": {"nombre": "Control Norte Pta. Ventanilla", "cod": "008-A-Qu"}}, {"type": "Feature", "geometry": {"type": "Point", "coordinates": [-73.75872, -42.47755]}, "properties": {"nombre": "Palafitos Pedro Montt", "cod": "070-A-Cs"}}, {"type": "Feature", "geometry": {"type": "Point", "coordinates": [-70.19117, -20.7]}, "properties": {"nombre": "Chanavayita", "cod": "011-A-Pt"}}, {"type": "Feature", "geometry": {"type": "Point", "coordinates": [-70.18389, -20.35222]}, "properties": {"nombre": "Punta Gruesa", "cod": "190-A-Iq"}}, {"type": "Feature", "geometry": {"type": "Point", "coordinates": [-70.19028, -20.78306]}, "properties": {"nombre": "Central Pac\u00edfico", "cod": "050-A-Pt"}}, {"type": "Feature", "geometry": {"type": "Point", "coordinates": [-72.80473, -44.70417]}, "properties": {"nombre": "Punta Bennet", "cod": "020-A-Pc"}}, {"type": "Feature", "geometry": {"type": "Point", "coordinates": [-71.33444, -29.95]}, "properties": {"nombre": "Sector Puerto Coquimbo", "cod": "100-A-Co"}}, {"type": "Feature", "geometry": {"type": "Point", "coordinates": [-70.34216, -18.75987]}, "properties": {"nombre": "Caleta Vitor", "cod": "010-A-Vit"}}, {"type": "Feature", "geometry": {"type": "Point", "coordinates": [-70.2718, -19.20582]}, "properties": {"nombre": "Caleta Camarones", "cod": "010-A-Cam"}}, {"type": "Feature", "geometry": {"type": "Point", "coordinates": [-72.99659, -36.68481]}, "properties": {"nombre": "Octopus", "cod": "015-A-Th"}}, {"type": "Feature", "geometry": {"type": "Point", "coordinates": [-73.09778, -36.68195]}, "properties": {"nombre": "ESSBIO Tom\u00e9", "cod": "010-A-Th"}}, {"type": "Feature", "geometry": {"type": "Point", "coordinates": [-70.145, -20.24917]}, "properties": {"nombre": "Ex Ballenera", "cod": "180-A-Iq"}}, {"type": "Feature", "geometry": {"type": "Point", "coordinates": [-73.13583, -36.73583]}, "properties": {"nombre": "Muelle ENAP", "cod": "050-A-Sv"}}, {"type": "Feature", "geometry": {"type": "Point", "coordinates": [-70.18916, -20.79694]}, "properties": {"nombre": "Al Norte terminal Patache", "cod": "060-A-Pt"}}, {"type": "Feature", "geometry": {"type": "Point", "coordinates": [-70.09903, -21.19517]}, "properties": {"nombre": "Guanillos", "cod": "100-A-Pt"}}, {"type": "Feature", "geometry": {"type": "Point", "coordinates": [-73.16495, -37.07512]}, "properties": {"nombre": "Lotilla", "cod": "140-A-Cr"}}, {"type": "Feature", "geometry": {"type": "Point", "coordinates": [-73.23805, -37.20111]}, "properties": {"nombre": "Emisario costa", "cod": "030-A-Ao"}}, {"type": "Feature", "geometry": {"type": "Point", "coordinates": [-70.06611, -21.42722]}, "properties": {"nombre": "Desembocadura R\u00edo Loa", "cod": "020-A-Lo"}}, {"type": "Feature", "geometry": {"type": "Point", "coordinates": [-70.06973, -21.42583]}, "properties": {"nombre": "Rivera Norte R\u00edo Loa", "cod": "A10-A-Lo"}}, {"type": "Feature", "geometry": {"type": "Point", "coordinates": [-70.46144, -23.48196]}, "properties": {"nombre": "Estacion Control La Rinconada", "cod": "001-A-An"}}, {"type": "Feature", "geometry": {"type": "Point", "coordinates": [-71.25063, -28.46684]}, "properties": {"nombre": "Norte Muelle Guacolda II", "cod": "065-A-Hu"}}, {"type": "Feature", "geometry": {"type": "Point", "coordinates": [-70.33417, -18.54556]}, "properties": {"nombre": "Corazones Control", "cod": "170-A-Ar"}}, {"type": "Feature", "geometry": {"type": "Point", "coordinates": [-73.59417, -42.37528]}, "properties": {"nombre": "Punta Quiquel", "cod": "010-A-Cd"}}, {"type": "Feature", "geometry": {"type": "Point", "coordinates": [-73.57408, -42.35669]}, "properties": {"nombre": "Punta Quiquel", "cod": "010-S-Cd", "overallTrend": "flat", "dataYears": [2014, 2023], "nYears": 7, "trends": {"Plomo Total": {"direction": "up", "slopePerDecade": 292.7, "latestValue": 5.68, "latestYear": 2019, "nYears": 5}, "Cobre Total": {"direction": "down", "slopePerDecade": -48.6, "latestValue": 7.0, "latestYear": 2023, "nYears": 7}}}}, {"type": "Feature", "geometry": {"type": "Point", "coordinates": [-71.2552, -28.48416]}, "properties": {"nombre": "Ensenada Chapaco", "cod": "010-A-Ec"}}, {"type": "Feature", "geometry": {"type": "Point", "coordinates": [-71.26239, -28.48473]}, "properties": {"nombre": "Ensenada Chapaco", "cod": "020-A-Ec"}}, {"type": "Feature", "geometry": {"type": "Point", "coordinates": [-71.2704, -28.49921]}, "properties": {"nombre": "NE Punta Huasco Sur control", "cod": "050-A-Ec"}}, {"type": "Feature", "geometry": {"type": "Point", "coordinates": [-71.2706, -28.48611]}, "properties": {"nombre": "Este Ensenada Chapaco", "cod": "030-A-Ec"}}, {"type": "Feature", "geometry": {"type": "Point", "coordinates": [-70.06611, -21.42722]}, "properties": {"nombre": "Desembocadura R\u00edo Loa", "cod": "020-A-La"}}, {"type": "Feature", "geometry": {"type": "Point", "coordinates": [-72.53861, -51.695]}, "properties": {"nombre": "Puerto Bories", "cod": "010-A-Pn"}}, {"type": "Feature", "geometry": {"type": "Point", "coordinates": [-70.461442, -23.481956]}, "properties": {"nombre": "Estacion Control La Rinconada", "cod": "028-A-An"}}, {"type": "Feature", "geometry": {"type": "Point", "coordinates": [-72.948333, -41.48]}, "properties": {"nombre": "Boca Norte Canal Tenglo", "cod": "020-A-Pm"}}, {"type": "Feature", "geometry": {"type": "Point", "coordinates": [-70.45639, -25.3825]}, "properties": {"nombre": "Playa Norte Caleta Hueso", "cod": "007-A-Ta"}}, {"type": "Feature", "geometry": {"type": "Point", "coordinates": [-70.458333, -23.757222]}, "properties": {"nombre": "Playa Amarilla", "cod": "220-A-An"}}, {"type": "Feature", "geometry": {"type": "Point", "coordinates": [-70.19444, -22.06611]}, "properties": {"nombre": "Playa Punta Paraguas", "cod": "007-A-To"}}, {"type": "Feature", "geometry": {"type": "Point", "coordinates": [-73.17028, -37.10194]}, "properties": {"nombre": "Entre Punta Lota e Islote Lobos", "cod": "030-S-Lo"}}, {"type": "Feature", "geometry": {"type": "Point", "coordinates": [-73.16833, -37.09639]}, "properties": {"nombre": "Punta Muelle Carb\u00f3n (EX ENACAR)", "cod": "010-S-Lo"}}, {"type": "Feature", "geometry": {"type": "Point", "coordinates": [-73.16361, -37.105]}, "properties": {"nombre": "Frente Islote Redondo", "cod": "050-S-Lo"}}, {"type": "Feature", "geometry": {"type": "Point", "coordinates": [-73.16028, -37.10306]}, "properties": {"nombre": "50 m frente cabezo Muelle Artesanal", "cod": "040-S-Lo"}}, {"type": "Feature", "geometry": {"type": "Point", "coordinates": [-73.78258, -41.86577]}, "properties": {"nombre": "Bah\u00eda Playa Mutrico", "cod": "020-A-Ad"}}, {"type": "Feature", "geometry": {"type": "Point", "coordinates": [-74.03731, -41.92782]}, "properties": {"nombre": "Bah\u00eda Pu\u00f1ihuil", "cod": "010-S-Ad", "overallTrend": "flat", "dataYears": [2019, 2022], "nYears": 3, "trends": {"Mercurio Total": {"direction": "up", "slopePerDecade": 85.7, "latestValue": 0.04, "latestYear": 2022, "nYears": 3}}}}, {"type": "Feature", "geometry": {"type": "Point", "coordinates": [-74.03731, -41.92782]}, "properties": {"nombre": "Bah\u00eda Pu\u00f1ihuil", "cod": "030-A-Ad"}}, {"type": "Feature", "geometry": {"type": "Point", "coordinates": [-73.52422, -41.82722]}, "properties": {"nombre": "Canal de Chacao", "cod": "010-A-Ad"}}, {"type": "Feature", "geometry": {"type": "Point", "coordinates": [-70.8375, -27.05167]}, "properties": {"nombre": "Punta Padrones", "cod": "040-A-Ca"}}, {"type": "Feature", "geometry": {"type": "Point", "coordinates": [-73.48, -42.16326]}, "properties": {"nombre": "Canal Caucahue", "cod": "010-B-Cau", "overallTrend": "flat", "dataYears": [2019, 2022], "nYears": 3, "trends": {"Cadmio Total": {"direction": "up", "slopePerDecade": 747.9, "latestValue": 7.399, "latestYear": 2022, "nYears": 3}}}}, {"type": "Feature", "geometry": {"type": "Point", "coordinates": [-73.47975, -42.16028]}, "properties": {"nombre": "Canal Caucahue", "cod": "010-S-Cau", "overallTrend": "flat", "dataYears": [2019, 2023], "nYears": 3, "trends": {"Cobre Total": {"direction": "up", "slopePerDecade": 16.6, "latestValue": 13.1, "latestYear": 2023, "nYears": 3}}}}, {"type": "Feature", "geometry": {"type": "Point", "coordinates": [-73.47975, -42.16028]}, "properties": {"nombre": "Canal Caucahue", "cod": "010-A-Cau"}}, {"type": "Feature", "geometry": {"type": "Point", "coordinates": [-70.85167, -27.08472]}, "properties": {"nombre": "Ex Muelle Mecanizado", "cod": "170-A-Ca"}}, {"type": "Feature", "geometry": {"type": "Point", "coordinates": [-73.65739, -42.3833]}, "properties": {"nombre": "Hue\u00f1ocoihue", "cod": "020-B-Cd"}}, {"type": "Feature", "geometry": {"type": "Point", "coordinates": [-73.76607, -42.46471]}, "properties": {"nombre": "Puente Ten Ten", "cod": "050-A-Cs"}}, {"type": "Feature", "geometry": {"type": "Point", "coordinates": [-73.54465, -42.47263]}, "properties": {"nombre": "Chullec", "cod": "010-A-Cu"}}, {"type": "Feature", "geometry": {"type": "Point", "coordinates": [-73.13321, -36.72877]}, "properties": {"nombre": "Puerto San Vicente", "cod": "020-A-Sv"}}, {"type": "Feature", "geometry": {"type": "Point", "coordinates": [-70.45834, -23.75722]}, "properties": {"nombre": "EWS Desaladora MEL", "cod": "230-A-An"}}, {"type": "Feature", "geometry": {"type": "Point", "coordinates": [-70.46445, -23.75722]}, "properties": {"nombre": "Muelle Coloso", "cod": "225-A-An"}}, {"type": "Feature", "geometry": {"type": "Point", "coordinates": [-70.40639, -23.65306]}, "properties": {"nombre": "Sitio 5 ATI", "cod": "115-A-An"}}, {"type": "Feature", "geometry": {"type": "Point", "coordinates": [-70.40778, -23.65055]}, "properties": {"nombre": "Poza Puerto", "cod": "110-A-An"}}, {"type": "Feature", "geometry": {"type": "Point", "coordinates": [-70.405, -23.64944]}, "properties": {"nombre": "Sitio 1 EPA", "cod": "105-A-An"}}, {"type": "Feature", "geometry": {"type": "Point", "coordinates": [-70.40472, -23.54278]}, "properties": {"nombre": "AWT Desaladora Antofagasta", "cod": "029-A-An"}}, {"type": "Feature", "geometry": {"type": "Point", "coordinates": [-73.72761, -42.61526]}, "properties": {"nombre": "Canal Yal Huicha, interior Estero Ichuac", "cod": "020-A-Cy"}}, {"type": "Feature", "geometry": {"type": "Point", "coordinates": [-73.65942, -42.64031]}, "properties": {"nombre": "Canal Yal Detif", "cod": "030-A-Cy"}}, {"type": "Feature", "geometry": {"type": "Point", "coordinates": [-74.12949, -42.60424]}, "properties": {"nombre": "Playa Cucao", "cod": "010-S-Cp"}}, {"type": "Feature", "geometry": {"type": "Point", "coordinates": [-74.12949, -42.60424]}, "properties": {"nombre": "Playa Cucao Sector frente bote", "cod": "010-A-Cp"}}, {"type": "Feature", "geometry": {"type": "Point", "coordinates": [-73.69657, -42.87257]}, "properties": {"nombre": "Estero Compu", "cod": "010-S-Que", "overallTrend": "flat", "dataYears": [2019, 2023], "nYears": 4, "trends": {"Cobre Total": {"direction": "down", "slopePerDecade": -101.7, "latestValue": 16.0, "latestYear": 2023, "nYears": 4}}}}, {"type": "Feature", "geometry": {"type": "Point", "coordinates": [-73.69657, -42.87257]}, "properties": {"nombre": "Estero Compu", "cod": "010-A-Que"}}, {"type": "Feature", "geometry": {"type": "Point", "coordinates": [-72.64222, -41.68861]}, "properties": {"nombre": "Caleta La Arena", "cod": "010-S-Sr", "overallTrend": "flat", "dataYears": [2019, 2023], "nYears": 3, "trends": {"Cobre Total": {"direction": "up", "slopePerDecade": 214.2, "latestValue": 23.6, "latestYear": 2023, "nYears": 3}}}}, {"type": "Feature", "geometry": {"type": "Point", "coordinates": [-72.53972, -41.70555]}, "properties": {"nombre": "Punta Alerce", "cod": "030-S-Sr"}}, {"type": "Feature", "geometry": {"type": "Point", "coordinates": [-72.49414, -41.70631]}, "properties": {"nombre": "Punta Barquillo", "cod": "040-S-Sr"}}, {"type": "Feature", "geometry": {"type": "Point", "coordinates": [-72.65139, -41.67583]}, "properties": {"nombre": "Yerbas Buenas", "cod": "005-S-Sr"}}, {"type": "Feature", "geometry": {"type": "Point", "coordinates": [-73.10833, -41.79333]}, "properties": {"nombre": "Sur Punta M\u00e1chil", "cod": "081-A-Cb"}}, {"type": "Feature", "geometry": {"type": "Point", "coordinates": [-72.66389, -41.66528]}, "properties": {"nombre": "Caleta Gutierrez", "cod": "001-A-Sr"}}, {"type": "Feature", "geometry": {"type": "Point", "coordinates": [-72.65139, -41.67583]}, "properties": {"nombre": "Yerbas Buenas", "cod": "005-A-Sr"}}, {"type": "Feature", "geometry": {"type": "Point", "coordinates": [-72.64222, -41.68861]}, "properties": {"nombre": "Caleta La Arena", "cod": "010-A-Sr"}}, {"type": "Feature", "geometry": {"type": "Point", "coordinates": [-71.635, -33.60361]}, "properties": {"nombre": "Sector PGE", "cod": "135-A-Sa"}}, {"type": "Feature", "geometry": {"type": "Point", "coordinates": [-72.64139, -41.72889]}, "properties": {"nombre": "Morro Chico", "cod": "025-A-Sr"}}, {"type": "Feature", "geometry": {"type": "Point", "coordinates": [-72.53972, -41.70555]}, "properties": {"nombre": "Punta Alerce", "cod": "030-A-Sr"}}, {"type": "Feature", "geometry": {"type": "Point", "coordinates": [-72.49414, -41.70631]}, "properties": {"nombre": "Punta Barquillo", "cod": "040-A-Sr"}}, {"type": "Feature", "geometry": {"type": "Point", "coordinates": [-71.5238, -32.77764]}, "properties": {"nombre": "Pesquera Quintero", "cod": "011-A-Qu"}}, {"type": "Feature", "geometry": {"type": "Point", "coordinates": [-73.16909, -41.86245]}, "properties": {"nombre": "Isla Abtao", "cod": "073-A-Cb"}}, {"type": "Feature", "geometry": {"type": "Point", "coordinates": [-73.4582, -41.80104]}, "properties": {"nombre": "Canal de Chacao", "cod": "005-A-Pg"}}, {"type": "Feature", "geometry": {"type": "Point", "coordinates": [-73.58417, -43.12083]}, "properties": {"nombre": "San Antonio", "cod": "010-A-Ql"}}, {"type": "Feature", "geometry": {"type": "Point", "coordinates": [-71.52608, -32.77008]}, "properties": {"nombre": "Playa Las Conchitas", "cod": "012-A-Qu"}}, {"type": "Feature", "geometry": {"type": "Point", "coordinates": [-73.15255, -41.85473]}, "properties": {"nombre": "Punta Rumen", "cod": "072-A-Cb"}}, {"type": "Feature", "geometry": {"type": "Point", "coordinates": [-72.96529, -41.50577]}, "properties": {"nombre": "Centro Isla Tenglo", "cod": "062-A-Pm"}}, {"type": "Feature", "geometry": {"type": "Point", "coordinates": [-73.03155, -41.54087]}, "properties": {"nombre": "Detroy", "cod": "082-A-Pm"}}, {"type": "Feature", "geometry": {"type": "Point", "coordinates": [-73.02306, -41.51445]}, "properties": {"nombre": "Isla los Curas", "cod": "070-A-Pm"}}, {"type": "Feature", "geometry": {"type": "Point", "coordinates": [-72.97978, -41.51862]}, "properties": {"nombre": "Lado Sur Isla Tenglo", "cod": "064-A-Pm"}}, {"type": "Feature", "geometry": {"type": "Point", "coordinates": [-72.99356, -41.5068]}, "properties": {"nombre": "Punta Piedra Canal Tenglo", "cod": "063-A-Pm"}}, {"type": "Feature", "geometry": {"type": "Point", "coordinates": [-72.95972, -41.49611]}, "properties": {"nombre": "Playa Vega Isla Tenglo", "cod": "060-A-Pm"}}, {"type": "Feature", "geometry": {"type": "Point", "coordinates": [-72.93833, -41.475]}, "properties": {"nombre": "Sector Estaci\u00f3n Trenes", "cod": "010-A-Pm"}}, {"type": "Feature", "geometry": {"type": "Point", "coordinates": [-73.14884, -41.80253]}, "properties": {"nombre": "Sur Calbuco", "cod": "058-S-Cb"}}, {"type": "Feature", "geometry": {"type": "Point", "coordinates": [-73.10595, -41.79425]}, "properties": {"nombre": "Punta Chope", "cod": "082-A-Cb"}}, {"type": "Feature", "geometry": {"type": "Point", "coordinates": [-73.12444, -41.81197]}, "properties": {"nombre": "Isla Chidhuapi", "cod": "080-A-Cb"}}, {"type": "Feature", "geometry": {"type": "Point", "coordinates": [-73.1341, -41.78875]}, "properties": {"nombre": "Centro Calbuco", "cod": "056-A-Cb"}}, {"type": "Feature", "geometry": {"type": "Point", "coordinates": [-73.12626, -41.78064]}, "properties": {"nombre": "Norte Calbuco", "cod": "055-A-Cb"}}, {"type": "Feature", "geometry": {"type": "Point", "coordinates": [-72.965, -41.48833]}, "properties": {"nombre": "Interior Canal Tenglo", "cod": "050-A-Pm"}}, {"type": "Feature", "geometry": {"type": "Point", "coordinates": [-70.32056, -18.50694]}, "properties": {"nombre": "Golden Omega", "cod": "110-A-Ar"}}, {"type": "Feature", "geometry": {"type": "Point", "coordinates": [-70.32583, -18.47333]}, "properties": {"nombre": "Caleta Arica", "cod": "090-A-Ar"}}, {"type": "Feature", "geometry": {"type": "Point", "coordinates": [-70.32584, -18.51917]}, "properties": {"nombre": "Caleta Quiane", "cod": "160-A-Ar"}}, {"type": "Feature", "geometry": {"type": "Point", "coordinates": [-72.71957, -42.91232]}, "properties": {"nombre": "Bah\u00eda Corcovado", "cod": "005-A-Chn"}}, {"type": "Feature", "geometry": {"type": "Point", "coordinates": [-72.82295, -43.01693]}, "properties": {"nombre": "Auchemo", "cod": "010-A-Chn"}}, {"type": "Feature", "geometry": {"type": "Point", "coordinates": [-72.82295, -43.02024]}, "properties": {"nombre": "Auchemo", "cod": "010-B-Chn"}}, {"type": "Feature", "geometry": {"type": "Point", "coordinates": [-73.69657, -42.87257]}, "properties": {"nombre": "Estero Compu", "cod": "010-B-Que"}}, {"type": "Feature", "geometry": {"type": "Point", "coordinates": [-74.13575, -42.0505555555556]}, "properties": {"nombre": "Playa Cucao, sector Palihue", "cod": "010-B-Cp"}}, {"type": "Feature", "geometry": {"type": "Point", "coordinates": [-74.12949, -42.60424]}, "properties": {"nombre": "Playa Cucao Sector frente bote", "cod": "020-B-Cp"}}, {"type": "Feature", "geometry": {"type": "Point", "coordinates": [-73.14884, -41.80253]}, "properties": {"nombre": "Sur Calbuco", "cod": "058-A-Cb"}}, {"type": "Feature", "geometry": {"type": "Point", "coordinates": [-74.11838, -42.60424]}, "properties": {"nombre": "Playa Cucao Sector frente bote", "cod": "020-A-Cp"}}, {"type": "Feature", "geometry": {"type": "Point", "coordinates": [-74.11838, -42.60424]}, "properties": {"nombre": "Playa Cucao Sector frente bote", "cod": "020-S-Cp"}}, {"type": "Feature", "geometry": {"type": "Point", "coordinates": [-72.98059, -41.49198]}, "properties": {"nombre": "San Jos\u00e9", "cod": "061-A-Pm"}}, {"type": "Feature", "geometry": {"type": "Point", "coordinates": [-72.63917, -41.70111]}, "properties": {"nombre": "Morro Hornos", "cod": "015-A-Sr"}}, {"type": "Feature", "geometry": {"type": "Point", "coordinates": [-73.48087, -42.16597]}, "properties": {"nombre": "Canal Caucahue", "cod": "020-S-Cau"}}, {"type": "Feature", "geometry": {"type": "Point", "coordinates": [-73.63417, -42.43778]}, "properties": {"nombre": "Curaco de V\u00e9lez", "cod": "030-A-Cd"}}, {"type": "Feature", "geometry": {"type": "Point", "coordinates": [-72.73461, -42.94312]}, "properties": {"nombre": "Punta Garc\u00eda", "cod": "006-A-Chn"}}]}