{"type": "FeatureCollection", "features": [{"type": "Feature", "geometry": {"type": "MultiPolygon", "coordinates": [[[[-70.29985542992502, -18.384936201441743], [-70.30063771701039, -18.37643317312621], [-70.30833543817221, -18.383065315072905], [-70.31991206766283, -18.387934457842896], [-70.32710223080764, -18.394841841451118], [-70.30387519768365, -18.423764058380645], [-70.30267169774807, -18.432920756911106], [-70.30062340684792, -18.436354707279875], [-70.30675563665903, -18.43767059759103], [-70.30243884005337, -18.452546618727105], [-70.30709899162525, -18.465832618928413], [-70.30979941181094, -18.46775344125007], [-70.31212552737395, -18.467230488950445], [-70.31658514353337, -18.47201450402639], [-70.32374960048801, -18.469224674743792], [-70.32087201007039, -18.47232894898307], [-70.32378684913125, -18.476038327213345], [-70.32837183057846, -18.474055304600196], [-70.327876804958, -18.46833509487362], [-70.32950368987015, -18.4746211676723], [-70.32567030905821, -18.478549887386418], [-70.32796491082274, -18.481732760508383], [-70.33069441666072, -18.480867245194215], [-70.33085014949668, -18.47961813309279], [-70.32943782269857, -18.479728466406833], [-70.33031901609338, -18.47897633685511], [-70.33355808049649, -18.47985729643602], [-70.32683552549136, -18.48344773787605], [-70.32683791680664, -18.48766516541781], [-70.32913177566442, -18.488782334598984], [-70.32953063753205, -18.491763300148875], [-70.32868763241828, -18.493576692986124], [-70.32627994982748, -18.493306677515385], [-70.32691546387355, -18.4957839140177], [-70.32521778812375, -18.49595360424829], [-70.32495254256979, -18.49860929446896], [-70.31811998167161, -18.507879484103555], [-70.31664854213454, -18.514709372642105], [-70.32078011870503, -18.5214265501485], [-70.3257536143261, -18.536595133533453], [-70.33307449671777, -18.538523813753187], [-70.331334732202, -18.54706255978877], [-70.32812569937715, -18.54698952658877], [-70.33015850691504, -18.540830796853793], [-70.32290411782068, -18.53753601823405], [-70.3172574373021, -18.52240592945811], [-70.31085984605438, -18.51660478355429], [-70.30711988194717, -18.507598043095715], [-70.29899884408077, -18.50585157725864], [-70.28552782665774, -18.505714073492165], [-70.28100213581592, -18.503724485600777], [-70.2803156792084, -18.50240219825578], [-70.28308591286472, -18.497503663695067], [-70.2804057685533, -18.49597970177248], [-70.28196645840879, -18.495239920526465], [-70.28128758358227, -18.49324813734663], [-70.27949943850022, -18.49372645377094], [-70.27887667693793, -18.490849656636016], [-70.28142324086829, -18.489586790213938], [-70.2801793931017, -18.485745894349765], [-70.27689165078999, -18.486736399069578], [-70.27620267620473, -18.483987546428043], [-70.274301751232, -18.48309659477917], [-70.28045651438369, -18.47661046816724], [-70.28051057589582, -18.47207938630853], [-70.27187968122361, -18.472185336508993], [-70.27578472513731, -18.458649585548613], [-70.27686610988982, -18.45750663562386], [-70.28029974938347, -18.45937227826671], [-70.2830944693178, -18.439467610358065], [-70.29784025721446, -18.40103815028002], [-70.2960160609434, -18.39957781051606], [-70.28614860114664, -18.401999929888408], [-70.28437698776074, -18.392214498309922], [-70.2996974962166, -18.3879211059256], [-70.29985542992502, -18.384936201441743]]], [[[-70.32120396361901, -18.358399715644047], [-70.32129683414803, -18.35588600715679], [-70.33164662277706, -18.35100170559232], [-70.33504137510037, -18.359212209937706], [-70.32056442601879, -18.366344361069377], [-70.32120396361901, -18.358399715644047]]]]}, "properties": {"NOM": "L\u00edmite urbano de Arica", "COM": "Arica", "REG": "Arica y Parinacota"}}, {"type": "Feature", "geometry": {"type": "Polygon", "coordinates": [[[-70.17563425264994, -18.51666114532287], [-70.17724751461083, -18.515353653476346], [-70.1802238963535, -18.51910733568434], [-70.17489126685824, -18.52126777187107], [-70.17372530482344, -18.518337759535548], [-70.17563425264994, -18.51666114532287]]]}, "properties": {"NOM": "L\u00edmite urbano de San Miguel de Azapa", "COM": "Arica", "REG": "Arica y Parinacota"}}, {"type": "Feature", "geometry": {"type": "Polygon", "coordinates": [[[-70.21149541920356, -19.595550209240972], [-70.21644964596179, -19.59688907192409], [-70.21778620345894, -19.598716902340286], [-70.21294329143915, -19.599051382283555], [-70.20706623167776, -19.59581325395757], [-70.20462895947982, -19.58992654749351], [-70.20560120431519, -19.587547559141], [-70.20663165279444, -19.59110752686685], [-70.20875685385596, -19.593307036153455], [-70.21072638496355, -19.592896968677994], [-70.20983570895261, -19.593878335746076], [-70.21149541920356, -19.595550209240972]]]}, "properties": {"NOM": "L\u00edmite urbano de Huara", "COM": "Huara", "REG": "Tarapac\u00e1"}}, {"type": "Feature", "geometry": {"type": "MultiPolygon", "coordinates": [[[[-70.0981190687544, -20.2451590994508], [-70.1137461479622, -20.252262882064986], [-70.11062005479093, -20.264832355392503], [-70.11151680790478, -20.275511240909786], [-70.10859916969348, -20.282136456802697], [-70.10834969855591, -20.28710098368366], [-70.11351268031146, -20.29933331926705], [-70.11868698533114, -20.306824757592562], [-70.11602470491745, -20.323273580840286], [-70.10963883309093, -20.33005627851958], [-70.10988590662498, -20.331410329271552], [-70.1053138160021, -20.333481086339063], [-70.10325858292144, -20.33015862646805], [-70.09733120402942, -20.329952015826056], [-70.08944235281619, -20.324540235285344], [-70.08059781541323, -20.32416148188992], [-70.0783672311891, -20.319445876922487], [-70.07996558021794, -20.315858491377586], [-70.09255771201815, -20.307191115875185], [-70.09499014409333, -20.302786051144434], [-70.09355944045944, -20.296961134648914], [-70.0820221122625, -20.296053167480874], [-70.07805120566879, -20.292141815826795], [-70.07986051685556, -20.286424538230857], [-70.078305852899, -20.281552968647244], [-70.07980280908173, -20.27545949610267], [-70.08111034919858, -20.274901442845614], [-70.0825299343842, -20.277367626584645], [-70.08407747739551, -20.27727212055422], [-70.0877740358065, -20.268875741801523], [-70.07385873949171, -20.26398886080825], [-70.07285878701971, -20.261402328257347], [-70.06362476077081, -20.26397348040362], [-70.06036382418716, -20.26015609706706], [-70.06603470981108, -20.249764020386294], [-70.0981190687544, -20.2451590994508]]], [[[-70.08595596155412, -20.23621699024411], [-70.08591840119544, -20.230809339370484], [-70.0936084848807, -20.23076159353567], [-70.09364631024238, -20.236169230055797], [-70.08595596155412, -20.23621699024411]]]]}, "properties": {"NOM": "L\u00edmite urbano de Alto Hospicio", "COM": "Alto Hospicio", "REG": "Tarapac\u00e1"}}, {"type": "Feature", "geometry": {"type": "Polygon", "coordinates": [[[-69.78812407278299, -20.263488527062247], [-69.78499348803528, -20.268819210833], [-69.78227797255954, -20.267635396182495], [-69.78239497902362, -20.24851567727269], [-69.7901554708642, -20.249164754711902], [-69.78742732687222, -20.261091057294475], [-69.78812407278299, -20.263488527062247]]]}, "properties": {"NOM": "L\u00edmite urbano de Pozo Almonte", "COM": "Pozo Almonte", "REG": "Tarapac\u00e1"}}, {"type": "Feature", "geometry": {"type": "Polygon", "coordinates": [[[-70.63265011965996, -25.611490917189936], [-70.63506117003476, -25.611017566369423], [-70.64087165654877, -25.61675584407815], [-70.64482245076158, -25.61781713742668], [-70.64247505680444, -25.621359697411307], [-70.6360442925699, -25.620586295133833], [-70.63279720710965, -25.62590460873577], [-70.63303717766473, -25.62983558549179], [-70.6363030172532, -25.63273418197305], [-70.63496995689745, -25.637326946955444], [-70.63595797794584, -25.6467430661059], [-70.64126244076535, -25.65224715560697], [-70.64570427926529, -25.65371084042338], [-70.6468178488578, -25.651078017647595], [-70.65264411338144, -25.647533918775252], [-70.65469216802467, -25.64969402710669], [-70.65467612141875, -25.654437477433234], [-70.64504820008743, -25.66301846865871], [-70.61154397298917, -25.661112976411587], [-70.6115878673689, -25.649380529916538], [-70.62426229293395, -25.64941896278644], [-70.62427110001701, -25.640842971687118], [-70.62576492377434, -25.640847433977346], [-70.630255716864, -25.634107109963697], [-70.63026623883093, -25.63118100714973], [-70.62830854751877, -25.632073977119436], [-70.62816140437353, -25.629046114754594], [-70.62410340790966, -25.629195226578677], [-70.62608398470199, -25.62613192383305], [-70.62370589890486, -25.622613696123686], [-70.62252269280984, -25.613688142201237], [-70.62849662958644, -25.61370603754147], [-70.63265011965996, -25.611490917189936]]]}, "properties": {"NOM": "L\u00edmite urbano del Seccional Cifuncho", "COM": "Taltal", "REG": "Antofagasta"}}, {"type": "Feature", "geometry": {"type": "Polygon", "coordinates": [[[-70.16854744786512, -21.89335629327532], [-70.17753065819849, -21.898893717049766], [-70.18548496964645, -21.898109926135884], [-70.19001625250094, -21.902023718384694], [-70.18680198070136, -21.9062683668215], [-70.18049115233704, -21.908480152595246], [-70.17909925053354, -21.91207522269732], [-70.17668646910519, -21.912646235147417], [-70.1789012726247, -21.915512788131817], [-70.1741924242796, -21.917684269499773], [-70.17026058901085, -21.92309796725561], [-70.16857316932663, -21.931250562681065], [-70.16396757423861, -21.922387370065294], [-70.1687144725242, -21.90996126925619], [-70.1742635771383, -21.906379683570936], [-70.16854744786512, -21.89335629327532]]]}, "properties": {"NOM": "L\u00edmite urbano de Paquica", "COM": "Tocopilla", "REG": "Antofagasta"}}, {"type": "Feature", "geometry": {"type": "Polygon", "coordinates": [[[-70.2228584984899, -22.16708773370575], [-70.22441763336164, -22.166604696018695], [-70.23159954278563, -22.17108126114954], [-70.23103305259106, -22.17380052793027], [-70.22846986713297, -22.173533075308978], [-70.22362454134003, -22.176886788583797], [-70.2228584984899, -22.16708773370575]]]}, "properties": {"NOM": "L\u00edmite urbano de Punta Blanca", "COM": "Tocopilla", "REG": "Antofagasta"}}, {"type": "Feature", "geometry": {"type": "Polygon", "coordinates": [[[-70.4727772943966, -25.4141232987172], [-70.473848282048, -25.409277924790636], [-70.47027838070217, -25.402665482915655], [-70.46717119527096, -25.402317731197105], [-70.46949283632554, -25.401173933556795], [-70.46771376961775, -25.398313761084694], [-70.4696511060039, -25.397359010273256], [-70.46897203803958, -25.3961579804562], [-70.4711606224309, -25.395563658159723], [-70.46952018014449, -25.39122564924732], [-70.46260868428229, -25.389535624702276], [-70.45907070995996, -25.393949295633234], [-70.45248361371317, -25.389720612573136], [-70.45033187102827, -25.385286655009573], [-70.45138681836198, -25.383139656901097], [-70.4543915868676, -25.382682267237218], [-70.46152409254422, -25.387664422822834], [-70.46381744475218, -25.386391217661362], [-70.4662777551439, -25.38807951296623], [-70.47155248642245, -25.387830638081958], [-70.47286734960551, -25.390940453041313], [-70.47743203990709, -25.389374202378228], [-70.47631786844335, -25.396205481123655], [-70.48047126958365, -25.401049380654406], [-70.49238293384434, -25.40926823321967], [-70.4988902947282, -25.409005095086428], [-70.50143553993173, -25.40567106979206], [-70.50748374492441, -25.404073435879265], [-70.5082510022968, -25.402264485331543], [-70.50658902020649, -25.40073352255162], [-70.51078084947802, -25.39908995807432], [-70.50991017984678, -25.4057178704978], [-70.50765857235007, -25.406600287119346], [-70.50749765174334, -25.409358258341523], [-70.50273220684038, -25.406433980051705], [-70.500545499928, -25.412771163646394], [-70.4981606857494, -25.41348362713353], [-70.49704197869178, -25.410945189592653], [-70.48334287722147, -25.413965462344386], [-70.47880365775147, -25.41218971406376], [-70.47967075029126, -25.414271223829488], [-70.47710939470144, -25.413454920991633], [-70.47566721958137, -25.41535442539593], [-70.4727772943966, -25.4141232987172]]]}, "properties": {"NOM": "L\u00edmite urbano de Taltal", "COM": "Taltal", "REG": "Antofagasta"}}, {"type": "Feature", "geometry": {"type": "Polygon", "coordinates": [[[-70.55965325503101, -25.52527186107937], [-70.55883317851656, -25.52191065820631], [-70.5631818293822, -25.51212598775148], [-70.55714156998819, -25.512718800049676], [-70.55715466383177, -25.510673287508027], [-70.55612828651738, -25.511202548154944], [-70.55882381896961, -25.506666321402466], [-70.55408183626525, -25.505085746724365], [-70.5552104544354, -25.502535121473667], [-70.55385711820534, -25.496060994327507], [-70.54911517053529, -25.49316283396037], [-70.55056951603082, -25.485876489720813], [-70.55668390170712, -25.48752856846124], [-70.55943786417872, -25.491177766805464], [-70.5610818610987, -25.491103541758562], [-70.55992649738761, -25.492595435480553], [-70.56440798932084, -25.497913414203975], [-70.57020883511521, -25.498202152620067], [-70.57384315734501, -25.50012733441358], [-70.57562912850408, -25.507073126608717], [-70.58000073851174, -25.505262145410033], [-70.58550854936887, -25.506556612396018], [-70.58662187641623, -25.50524628673537], [-70.59442164799093, -25.508574437483897], [-70.60563133275602, -25.507167026178518], [-70.60708798422688, -25.51033700993656], [-70.59551658472782, -25.513073428036687], [-70.59039453201326, -25.518159173345865], [-70.58653298183066, -25.516531905609703], [-70.58493613747991, -25.51996925715807], [-70.58050841869961, -25.515313060722317], [-70.57900200774854, -25.517123840061448], [-70.57447786470395, -25.51665296737434], [-70.5737753552023, -25.517538377034427], [-70.57550637461883, -25.51881029476782], [-70.57345809360015, -25.52172327928004], [-70.56915362547345, -25.522720758375563], [-70.56921983490315, -25.5179443493104], [-70.56646974956034, -25.5243481456702], [-70.56449100263623, -25.523004716721164], [-70.55965325503101, -25.52527186107937]]]}, "properties": {"NOM": "L\u00edmite urbano de Punta el Grit\u00f3n", "COM": "Taltal", "REG": "Antofagasta"}}, {"type": "Feature", "geometry": {"type": "Polygon", "coordinates": [[[-70.27307308589204, -22.918798483978115], [-70.27209142222091, -22.911744736909508], [-70.28087095573329, -22.857441288720562], [-70.28435967542858, -22.857699937330395], [-70.29544965608878, -22.8623840356522], [-70.2887268809964, -22.888888481390378], [-70.28913799408787, -22.911520504565694], [-70.29229888080674, -22.918001313812198], [-70.29500612639197, -22.919419073247518], [-70.29797503864305, -22.91830855626862], [-70.30361525578316, -22.922044295534636], [-70.30518538962723, -22.93047253989171], [-70.30894073918031, -22.933558122197784], [-70.30886627602978, -22.935586317168806], [-70.30724511158935, -22.936248642610664], [-70.30732249516288, -22.94106281351094], [-70.31230494608901, -22.96531417418453], [-70.31459274940347, -22.967381594162966], [-70.32010722216674, -22.967603416460783], [-70.3246446234466, -22.9713699190991], [-70.32776524587781, -22.980137769029422], [-70.32666275790265, -22.9834432251201], [-70.33257281368275, -23.000489277246274], [-70.34111686911474, -23.017848931651887], [-70.35223700891397, -23.035155245135662], [-70.36786870007245, -23.054191209148453], [-70.39146982222347, -23.074238769746486], [-70.41442616510457, -23.088178482657963], [-70.4366592078751, -23.095912166085835], [-70.46367367927242, -23.100186554585125], [-70.48665940604647, -23.097448160106893], [-70.48741575248141, -23.091673434557546], [-70.4951971274574, -23.08336553455823], [-70.50186627941552, -23.07261484812252], [-70.50241377203845, -23.059120688028642], [-70.4982918532556, -23.044775200415025], [-70.50132999956394, -23.042706617302056], [-70.5019767317713, -23.03495080337026], [-70.5060288236088, -23.031122427664748], [-70.50731539704692, -23.02744230343389], [-70.51580053108111, -23.026748026643922], [-70.51839332141768, -23.0378161723053], [-70.52308093358947, -23.04592699558033], [-70.54348760886091, -23.050345191855136], [-70.54859895006402, -23.054503880016767], [-70.55032062789988, -23.060282397905187], [-70.55654189153545, -23.06267317039207], [-70.55495362070577, -23.065574903999295], [-70.55737507626651, -23.067811751717112], [-70.55797029817712, -23.073923813316117], [-70.56266574006496, -23.07492683147664], [-70.56686793499655, -23.08134851720679], [-70.57505488315364, -23.08427511140338], [-70.5791496817981, -23.083582596984407], [-70.57930152313224, -23.08614997736415], [-70.57506258620721, -23.085965961732462], [-70.57518762091499, -23.091324126575206], [-70.57333316758854, -23.09396927097697], [-70.57439074608769, -23.095855556069615], [-70.5776386211671, -23.096435461173673], [-70.57877894258876, -23.100911407660206], [-70.58075181902248, -23.1007622674282], [-70.5823243540633, -23.104230285487652], [-70.57909122842257, -23.106004814667507], [-70.57975527925024, -23.111260877466673], [-70.57785222347367, -23.1131014856629], [-70.48685886797216, -23.111715418559115], [-70.4630597786921, -23.118009016023866], [-70.44327510051666, -23.121330284290842], [-70.39114521060566, -23.109638165788414], [-70.3712672325065, -23.107679764002548], [-70.33860582636736, -23.112498672237653], [-70.31927381375516, -23.01747548555987], [-70.31406287633651, -22.998553623890885], [-70.30642212183844, -22.98400455854124], [-70.2912823454346, -22.967133844249968], [-70.2859618908064, -22.95550364623519], [-70.28036736198165, -22.955180359857394], [-70.28412654105279, -22.951507505313337], [-70.27307308589204, -22.918798483978115]]]}, "properties": {"NOM": "L\u00edmite urbano de Mejillones", "COM": "Mejillones", "REG": "Antofagasta"}}, {"type": "Feature", "geometry": {"type": "Polygon", "coordinates": [[[-70.21651112486319, -22.096855347110655], [-70.21724086140279, -22.09611405324278], [-70.21679329377878, -22.0939304939826], [-70.21473856734794, -22.09373057237615], [-70.21398900678668, -22.091695345169146], [-70.21298683008602, -22.09181115356293], [-70.21403818954848, -22.094107646384884], [-70.21188308177453, -22.0948036012875], [-70.20987329985398, -22.09272390503226], [-70.20409662323233, -22.092898347130735], [-70.19846426185939, -22.08805288997017], [-70.19502341518223, -22.077273892413448], [-70.19582717020629, -22.072569982972734], [-70.19455901582474, -22.068471823043545], [-70.19605511501467, -22.068212325683945], [-70.19298053483504, -22.06679704569874], [-70.19195055168309, -22.06530330909342], [-70.19365477255805, -22.064257899867762], [-70.18926712133435, -22.059087453993016], [-70.19001244993234, -22.05416778033497], [-70.18530970294464, -22.050657393929438], [-70.18421434669453, -22.061668528706015], [-70.18787024466081, -22.073144835987517], [-70.18457914354825, -22.080439514951248], [-70.17879838677858, -22.082847820596452], [-70.18291673206323, -22.08447536007459], [-70.19610840487395, -22.096989502540808], [-70.20665273625417, -22.098987183992914], [-70.2093993496084, -22.1049639614233], [-70.20799185035662, -22.109761432569453], [-70.21417979907153, -22.11737250508248], [-70.21590651735448, -22.11718265152641], [-70.21335182187416, -22.111681351228466], [-70.21803787906221, -22.107001466619288], [-70.2137992376829, -22.099433447900644], [-70.21397844888713, -22.09872668731639], [-70.21545320769918, -22.098375714859866], [-70.21651112486319, -22.096855347110655]], [[-70.21651177614179, -22.096852483883833], [-70.21651112486319, -22.096855347110655], [-70.21651100269231, -22.096855469463694], [-70.21651177614179, -22.096852483883833]]]}, "properties": {"NOM": "L\u00edmite urbano de Tocopilla", "COM": "Tocopilla", "REG": "Antofagasta"}}, {"type": "Feature", "geometry": {"type": "Polygon", "coordinates": [[[-70.24696230619581, -23.590687991563826], [-70.24213715925907, -23.570617553344782], [-70.24685125556206, -23.566648541827362], [-70.26407581422951, -23.598903026719096], [-70.29191339934528, -23.61901935720421], [-70.30946395034113, -23.618226424754543], [-70.32705699344656, -23.620625513253028], [-70.3284287496315, -23.627648424177252], [-70.32568868858894, -23.650752039901967], [-70.31029156551743, -23.69334480565747], [-70.33849505421136, -23.761682600203105], [-70.34064853244138, -23.84393560009574], [-70.30563031800094, -23.844313226320928], [-70.30582176785259, -23.82514408179555], [-70.30216048089291, -23.776795548703067], [-70.27877134857255, -23.768409564579045], [-70.27716998928919, -23.764117826214513], [-70.296790043104, -23.757087454001656], [-70.2762665967271, -23.693330433265682], [-70.26444294849962, -23.67391630209158], [-70.26406201700509, -23.67083016159761], [-70.25746824268245, -23.659955499096778], [-70.25284942349512, -23.644226938715406], [-70.25106747768683, -23.644335046964994], [-70.24696230619581, -23.590687991563826]]]}, "properties": {"NOM": "L\u00edmite urbano de Barrio Industrial La Negra", "COM": "Antofagasta", "REG": "Antofagasta"}}, {"type": "Feature", "geometry": {"type": "Polygon", "coordinates": [[[-70.60521869432519, -23.426605372635265], [-70.608627605894, -23.4275660493337], [-70.6104008596036, -23.432856339967927], [-70.61466637588128, -23.43338774689892], [-70.61188817416837, -23.434774315163658], [-70.61266012523811, -23.43719754746865], [-70.60934627159604, -23.438324501832756], [-70.60795244919444, -23.444132384101806], [-70.59985528046347, -23.4343549680677], [-70.60019194567577, -23.431480612554964], [-70.60521869432519, -23.426605372635265]]]}, "properties": {"NOM": "L\u00edmite urbano de Antofagasta", "COM": "Antofagasta", "REG": "Antofagasta"}}, {"type": "Feature", "geometry": {"type": "Polygon", "coordinates": [[[-70.39361052281687, -23.308990515105194], [-70.3922575072854, -23.296435396610576], [-70.46212419949336, -23.32716422507524], [-70.54781883510499, -23.361469578289196], [-70.60269586568127, -23.365597616313412], [-70.6008495214469, -23.371212810442486], [-70.59851125886462, -23.371083718171757], [-70.5982767123372, -23.37296439795143], [-70.60031633629147, -23.379623043372746], [-70.60032541736068, -23.388940476945564], [-70.60295461192413, -23.389478076624616], [-70.60308545603684, -23.392278319349874], [-70.60680900343223, -23.39731564053177], [-70.60656252997279, -23.403881570915694], [-70.60453058661419, -23.40645605431151], [-70.60055945633998, -23.406032494626764], [-70.60050241511604, -23.409842385792192], [-70.59795669470374, -23.409150904293263], [-70.59736580357111, -23.41515054066402], [-70.59321223714079, -23.41192180917103], [-70.58978736340768, -23.41609313474387], [-70.59106663713578, -23.417926729101843], [-70.58887010445085, -23.42638023290994], [-70.58975803521028, -23.431805528799522], [-70.59301382354903, -23.438293529435754], [-70.59970597417505, -23.445294955989787], [-70.60207460610214, -23.452097824349853], [-70.59988863311334, -23.45950668443866], [-70.60604820943833, -23.474342803211258], [-70.6095681842173, -23.474169322931257], [-70.6104979189768, -23.46409312967109], [-70.61510387967914, -23.462040617907228], [-70.61534189999178, -23.46562582372494], [-70.62108416305321, -23.472351132184972], [-70.62080265529767, -23.47458051816977], [-70.62277707503705, -23.476132215315207], [-70.62109288659293, -23.477743081715175], [-70.62094961967816, -23.482862258014837], [-70.6227078876922, -23.483561490758834], [-70.62277562964776, -23.488161423081525], [-70.62237965227052, -23.490381448790256], [-70.62065564600145, -23.49062098195248], [-70.62222916200255, -23.49397066684965], [-70.61984582734922, -23.498284837922597], [-70.62413681266182, -23.49937975497492], [-70.62789847198145, -23.504317197793007], [-70.62830273272394, -23.51652641783292], [-70.62291848962572, -23.520946860899425], [-70.6193586682757, -23.52103992330963], [-70.61688017598262, -23.519554960329966], [-70.6154116254275, -23.51593326023694], [-70.61597356924842, -23.508933459929676], [-70.61030487641213, -23.505942724008616], [-70.59808094069069, -23.50690790602789], [-70.59255410441416, -23.510293668822204], [-70.585373963773, -23.52161345857931], [-70.58174821865752, -23.521622353433454], [-70.57608713904327, -23.530128680543026], [-70.56810745378178, -23.528838424763915], [-70.56280973192014, -23.529842961301977], [-70.55647584380249, -23.536341020116787], [-70.55307911249061, -23.53382907271631], [-70.54933695559578, -23.53498540997714], [-70.54911145061169, -23.537841301552064], [-70.54769021252596, -23.5381352037143], [-70.53936051308706, -23.534608722338344], [-70.5328093889775, -23.52807090107426], [-70.52914273548231, -23.518958452426144], [-70.53131083648852, -23.516083470980604], [-70.52998958089391, -23.513802398111945], [-70.53352671798639, -23.511753207040012], [-70.5332949831858, -23.508510174480712], [-70.52863912825593, -23.50338012256384], [-70.52470267295168, -23.504481851958843], [-70.52060703887402, -23.5019258915592], [-70.51497448885488, -23.493071509178506], [-70.5137387591635, -23.48212468288663], [-70.51551949314448, -23.475310384460723], [-70.51182449151386, -23.466545670085104], [-70.50285907950122, -23.464118516489705], [-70.49248428446964, -23.463796672609202], [-70.47441094272452, -23.469157451158836], [-70.43830767660857, -23.486941318278138], [-70.44154096843766, -23.488627166657444], [-70.43151059107927, -23.49536980086634], [-70.42934735355202, -23.50019752355205], [-70.42572207645881, -23.50232446208811], [-70.42573750412551, -23.506210497390562], [-70.42174929777605, -23.507160767314787], [-70.41883645477174, -23.513579865099707], [-70.41544850359345, -23.514393243242782], [-70.41320460993008, -23.521894266832934], [-70.41138994119095, -23.522660128965306], [-70.40921222641457, -23.529062083414008], [-70.40595983460591, -23.53192357233865], [-70.4066690482345, -23.5334711573699], [-70.4041960257832, -23.534126142332028], [-70.40410133616572, -23.535809912607565], [-70.40204939091902, -23.53522943129282], [-70.40102026565816, -23.543944530903996], [-70.39887611733067, -23.54547789799818], [-70.40068463261014, -23.54931470443628], [-70.40225956255951, -23.549080844917835], [-70.40343837768941, -23.555499978819558], [-70.40547830437593, -23.555723124404185], [-70.40666498425615, -23.55293808374207], [-70.40955534512383, -23.553556514093053], [-70.40822961322418, -23.557576251972886], [-70.40562316759697, -23.556008251348437], [-70.40670484160701, -23.557235219423866], [-70.40325070525353, -23.560820058020795], [-70.40408800337028, -23.5625698514423], [-70.40070859247538, -23.562873336401694], [-70.39747266049767, -23.57249156024449], [-70.39831944302722, -23.574652603727273], [-70.39227262682995, -23.579656896752454], [-70.39436735164712, -23.58075152520179], [-70.39325437045113, -23.581288976574086], [-70.39504030298265, -23.582225741316424], [-70.39392172079087, -23.585080346975698], [-70.39819446581164, -23.59255006983052], [-70.39736520312508, -23.59655328359462], [-70.39392141805861, -23.60045890250408], [-70.39221779097005, -23.613061024309907], [-70.39319700134214, -23.620309065404133], [-70.39552193382393, -23.62180363854948], [-70.3973199720522, -23.626636727399088], [-70.396430056016, -23.633947628857033], [-70.39883095183482, -23.636498077584175], [-70.39762103253823, -23.63830967595055], [-70.39958814448278, -23.639360212330047], [-70.39924096808333, -23.641926912775848], [-70.39864456129486, -23.640929897864023], [-70.39700399863418, -23.641982005562504], [-70.39883075869704, -23.644231468806232], [-70.40115547109158, -23.642588734860883], [-70.40007964780901, -23.644297779278237], [-70.40123198060432, -23.64524018980759], [-70.40251712751777, -23.64382598761584], [-70.40651116393343, -23.645819310696172], [-70.40478486246879, -23.64582950553918], [-70.40446074761934, -23.65427977877565], [-70.4077550997349, -23.652845066818525], [-70.40888418682563, -23.646179760331314], [-70.4080749377053, -23.653157020626182], [-70.40341596112981, -23.655487178829024], [-70.40422483026279, -23.664374272866652], [-70.40867756892038, -23.670877425385815], [-70.40938232960012, -23.669510992565495], [-70.41215408949412, -23.672440691445026], [-70.41473840512428, -23.680948449608753], [-70.41984102997418, -23.685809194304547], [-70.42344609317686, -23.69448174057447], [-70.42541141657567, -23.704778371960973], [-70.43111977093008, -23.707338583112293], [-70.43313768080733, -23.71077375505323], [-70.43954050474157, -23.733064251531395], [-70.44457414885912, -23.7395503871756], [-70.44699915905345, -23.749194756232693], [-70.45200534796096, -23.750921537275087], [-70.45891286428643, -23.75901655567846], [-70.46646239846068, -23.75947437340108], [-70.46706163584061, -23.76265892017887], [-70.47160717495865, -23.766246076638545], [-70.4753661375358, -23.766174336237857], [-70.47270997285256, -23.769051430638118], [-70.47467168771888, -23.773838185968312], [-70.48630565936905, -23.7764303423923], [-70.48775570642594, -23.782616986346223], [-70.49213463500824, -23.789886650886498], [-70.49667532502036, -23.791179062449277], [-70.49582142873209, -23.795312673379296], [-70.46807039359904, -23.778581014416456], [-70.4671950581182, -23.767569395108403], [-70.462452286693, -23.765691093591226], [-70.4577183358256, -23.768425020471756], [-70.45456947395512, -23.76770785360584], [-70.45306508421343, -23.758553133981973], [-70.44909420546749, -23.755217995301795], [-70.44003917213219, -23.758312484533565], [-70.43636400799801, -23.752409545900093], [-70.43208636356567, -23.734128139016867], [-70.42227104378465, -23.71802174015988], [-70.40116841222157, -23.70421658549693], [-70.38321367953498, -23.717162342538042], [-70.38001152600859, -23.712200345569784], [-70.39604261083733, -23.68658217545074], [-70.3861221917613, -23.6690391429258], [-70.37866914383511, -23.646991098563827], [-70.36993594542508, -23.650039854318557], [-70.35797340328168, -23.629579005539554], [-70.36831220461644, -23.611374121367582], [-70.36746922016393, -23.57659400762098], [-70.37042455707444, -23.53919271173255], [-70.38531057468187, -23.50088076082286], [-70.40875131162205, -23.44928176610481], [-70.39361052281687, -23.308990515105194]]]}, "properties": {"NOM": "L\u00edmite urbano de Antofagasta", "COM": "Antofagasta", "REG": "Antofagasta"}}, {"type": "Feature", "geometry": {"type": "Polygon", "coordinates": [[[-70.45954878526933, -25.00285249371402], [-70.45868503086915, -25.00165654620498], [-70.46702923809988, -25.00276813747706], [-70.46692756048782, -25.00703699512193], [-70.46857923890181, -25.009286957957112], [-70.46996925873479, -25.008695373007107], [-70.46821540414376, -25.01118662713264], [-70.4700626332187, -25.01273914328418], [-70.46239674655394, -25.012772016881154], [-70.463153235821, -25.01126951713692], [-70.45954878526933, -25.00285249371402]]]}, "properties": {"NOM": "L\u00edmite urbano de Paposo", "COM": "Taltal", "REG": "Antofagasta"}}, {"type": "Feature", "geometry": {"type": "Polygon", "coordinates": [[[-70.86729924546765, -27.593297722284934], [-70.90948589011124, -27.590954437544397], [-70.90900249228382, -27.593217611575106], [-70.90395624031125, -27.59665381195384], [-70.90441581122407, -27.602306728929264], [-70.90169920070201, -27.605639231240595], [-70.90313023311928, -27.60701650560888], [-70.90133185892108, -27.607650065841867], [-70.90142710010414, -27.61083655016269], [-70.89746654030587, -27.612001131868098], [-70.90059032301025, -27.615934150429133], [-70.89821780227629, -27.61825898164998], [-70.89849175520028, -27.6201535782408], [-70.9013900517852, -27.622656939263248], [-70.90330617625253, -27.62184266456875], [-70.90262710918653, -27.624430861544017], [-70.9067396827955, -27.62505491580095], [-70.90900396911414, -27.623447785575763], [-70.90641445852667, -27.627172631008943], [-70.90871997841516, -27.63025705479804], [-70.90759748495863, -27.632779740471584], [-70.91040254719682, -27.637755586825737], [-70.91617142734013, -27.641078638714283], [-70.9235492961585, -27.63979448451029], [-70.92871238122028, -27.636069375447015], [-70.9348151956974, -27.637775206866653], [-70.93682780910773, -27.6424391681438], [-70.93316252464504, -27.644424467188774], [-70.93707618070736, -27.645121993986876], [-70.9378900543548, -27.647940179011165], [-70.93425234547637, -27.65150108509965], [-70.93464465952387, -27.655507142398754], [-70.93887647370701, -27.66053403745145], [-70.94783470009571, -27.665745134743084], [-70.95692071542683, -27.665438006545667], [-70.95649752358807, -27.6620055568866], [-70.95848471018425, -27.6583957889344], [-70.96245510563656, -27.657730726611625], [-70.9662208540874, -27.661366478391443], [-70.97216413765152, -27.658559936222083], [-70.97283037767357, -27.662060493383482], [-70.97570051656591, -27.662843380218447], [-70.97776161564536, -27.665607675156767], [-70.97867907672314, -27.669641855760208], [-70.98442827927013, -27.671672794374096], [-70.98366129947718, -27.679097805329626], [-70.99765984446599, -27.687814866542645], [-71.00650729151215, -27.687579493010862], [-71.0103187399564, -27.680396786742257], [-71.01368224977246, -27.679524150371826], [-71.01612345659136, -27.674438558107248], [-71.0190575429555, -27.67210358617155], [-71.01894023465748, -27.67009959312604], [-71.02121155029322, -27.66892035596324], [-71.02289706824396, -27.66302191062827], [-71.02781111515615, -27.66119508858112], [-71.03032261514602, -27.657791599364057], [-71.03562699082896, -27.659683654490447], [-71.03823883712765, -27.663871536439398], [-71.0363808866598, -27.667802795104418], [-71.03650544256553, -27.672349584399985], [-71.0347657076941, -27.67398686840834], [-71.03518637077535, -27.679317255852244], [-71.0430291429061, -27.687833383059072], [-71.0388687555678, -27.702113566858902], [-71.04136025995777, -27.707748843740198], [-71.04044029886856, -27.71005277359602], [-71.02514647935979, -27.719661836285393], [-71.01414588646027, -27.72988669588698], [-71.00845584156798, -27.72688925493855], [-71.00272334049875, -27.732559673225538], [-70.90981997266708, -27.735270509951082], [-70.87772620476946, -27.747995345620563], [-70.84818449489848, -27.749933530026937], [-70.84567341082861, -27.744272029892862], [-70.84709857724705, -27.74045630820771], [-70.85198152178918, -27.732770340648898], [-70.86405176834191, -27.702906723198286], [-70.87464768188406, -27.690716126462227], [-70.8673497415664, -27.685984409314162], [-70.85864689004332, -27.69274312489246], [-70.85012465109631, -27.69670768616474], [-70.83853024753947, -27.707925898627096], [-70.83380753369795, -27.703205517457146], [-70.8478911168048, -27.69430168591218], [-70.85361877595466, -27.687022901106037], [-70.86196142640502, -27.680625474431828], [-70.85447608314607, -27.673310281844795], [-70.84982437933111, -27.66560882561337], [-70.83709008195068, -27.655251845242415], [-70.84260915229157, -27.651351581933604], [-70.8542156615452, -27.664725389137903], [-70.82953046059414, -27.595398372760663], [-70.86729924546765, -27.593297722284934]], [[-70.91483624516367, -27.640653339784787], [-70.91489579358554, -27.640652517728853], [-70.91483404069797, -27.6406363766232], [-70.91483624516367, -27.640653339784787]]]}, "properties": {"NOM": "L\u00edmite urbano de Bah\u00eda Salado", "COM": "Caldera", "REG": "Atacama"}}, {"type": "Feature", "geometry": {"type": "Polygon", "coordinates": [[[-71.08198981609183, -28.504571456202903], [-71.08850443536319, -28.505172054401402], [-71.0914755188423, -28.508748187877266], [-71.08955323642371, -28.508800981436984], [-71.08959896426492, -28.51191314741661], [-71.08804760970186, -28.509297380432965], [-71.08645342885596, -28.510637951778907], [-71.08659455239045, -28.5091293943756], [-71.08018398048686, -28.5145235451241], [-71.07565820789837, -28.51313419199913], [-71.07303376632106, -28.516013990651913], [-71.068600477986, -28.51576862478922], [-71.06866542797768, -28.5146086460786], [-71.0534230055779, -28.51760329208911], [-71.05267637352443, -28.514222639621618], [-71.05397272422611, -28.511379521432286], [-71.0638398381715, -28.51189564086263], [-71.08198981609183, -28.504571456202903]]]}, "properties": {"NOM": "L\u00edmite urbano de Freirina", "COM": "Freirina", "REG": "Atacama"}}, {"type": "Feature", "geometry": {"type": "MultiPolygon", "coordinates": [[[[-70.77133873106109, -28.56516823213017], [-70.77952049863396, -28.563442256060224], [-70.78310909122591, -28.569946956281214], [-70.79244570867353, -28.568065026667945], [-70.7946306000907, -28.57266893962307], [-70.7859060138293, -28.576066903983556], [-70.78093375967997, -28.58131346398945], [-70.76015194794587, -28.587576571372434], [-70.75611381682619, -28.59082746443952], [-70.73881166617608, -28.59313241847252], [-70.73750900660615, -28.58139100197424], [-70.74328885428076, -28.576226921311445], [-70.75584556191605, -28.56916520719994], [-70.77133873106109, -28.56516823213017]]], [[[-70.73752342995635, -28.582960467104787], [-70.73753424836733, -28.58296032827009], [-70.7375384551778, -28.582966041790097], [-70.73752342995635, -28.582960467104787]]]]}, "properties": {"NOM": "L\u00edmite urbano de Vallenar", "COM": "Vallenar", "REG": "Atacama"}}, {"type": "Feature", "geometry": {"type": "Polygon", "coordinates": [[[-70.36505982448588, -27.340648000683714], [-70.39238453984636, -27.323757547619177], [-70.40345155148306, -27.314349207343746], [-70.40435929907765, -27.318041121484818], [-70.3958697947396, -27.326118476105805], [-70.35457119224657, -27.35289686445693], [-70.35661053143488, -27.35496270699711], [-70.35468760582253, -27.354955277298114], [-70.35464791466002, -27.357477947418694], [-70.35642617737564, -27.35913835833572], [-70.35541004624538, -27.36258081832415], [-70.35383021239288, -27.361552028226413], [-70.35114080555255, -27.36462376703319], [-70.3531615783606, -27.367779384388047], [-70.34760341603348, -27.36655812586267], [-70.34695225423349, -27.369584263166814], [-70.34443138751013, -27.3677860074784], [-70.3426754515226, -27.370418811665953], [-70.34136924001405, -27.36909389172904], [-70.34089085478591, -27.373762086478308], [-70.34264524656948, -27.37485229679972], [-70.34125698204457, -27.377344188904626], [-70.34599802421283, -27.380208918195308], [-70.3415824883844, -27.38136426198183], [-70.34145720753826, -27.38741656609348], [-70.33792871313712, -27.384196654852982], [-70.33856454608511, -27.388542441476954], [-70.3409374225519, -27.38901165765737], [-70.35750794031888, -27.414772965164065], [-70.35291656915506, -27.414484504304394], [-70.33953545512566, -27.395442420461865], [-70.3365026924208, -27.394614940630955], [-70.33591283255411, -27.38828535603535], [-70.33352320340558, -27.390181984307635], [-70.33150148107829, -27.38967751144329], [-70.33078963358926, -27.392210268535617], [-70.3290213430716, -27.390052638380098], [-70.32656570571599, -27.39065373869076], [-70.32675584133239, -27.39481349325421], [-70.32227520729028, -27.3965079223445], [-70.32240635503355, -27.398345701132868], [-70.32009898461558, -27.400309956976947], [-70.31885928886224, -27.399584579750982], [-70.31915539424114, -27.403264976178825], [-70.31696331360673, -27.402653494545216], [-70.31579514620789, -27.40506880862495], [-70.31881280014798, -27.406589605711346], [-70.31694826502908, -27.407815962373647], [-70.31995060718516, -27.411493772057003], [-70.31838985265097, -27.41427719769052], [-70.31952539952688, -27.415608482832944], [-70.31555113053905, -27.417204094975496], [-70.31263415258951, -27.41283348066731], [-70.31330509439374, -27.41736973367944], [-70.31112852586766, -27.418472565977225], [-70.31018021664303, -27.414352457196497], [-70.30984656707516, -27.417822836239694], [-70.3122857670577, -27.42288020882971], [-70.31094055249615, -27.421714459328054], [-70.31022832501976, -27.423058366528196], [-70.30748127867756, -27.422604534320175], [-70.30337872038568, -27.420064565220365], [-70.2985675763876, -27.420649624697752], [-70.29547021672899, -27.418009874857635], [-70.29274769619069, -27.422903821433234], [-70.28992225028037, -27.42209406006346], [-70.28899028680065, -27.42422619651598], [-70.28643352160192, -27.422025297296283], [-70.28527153371391, -27.424862409233636], [-70.28307912968602, -27.42323840812547], [-70.27780989340205, -27.425269409051513], [-70.26689030787989, -27.41534094386784], [-70.26458497663762, -27.406780233707455], [-70.26102206598132, -27.40175393652477], [-70.2694059122723, -27.397121230888743], [-70.27597185948237, -27.397902989775435], [-70.27572909247178, -27.39444674188621], [-70.28524715253879, -27.39748630090903], [-70.28444829602799, -27.395648779804954], [-70.2886418752177, -27.39625740821794], [-70.29066340710214, -27.394600117661767], [-70.2894232460215, -27.392923235806407], [-70.29312644657573, -27.390162879976206], [-70.29035672406079, -27.39065284936057], [-70.29122605699891, -27.38914280661807], [-70.28928621431312, -27.388069506377], [-70.29048034212535, -27.380032187866664], [-70.29387603408645, -27.381323320632955], [-70.29958434711834, -27.379505646993245], [-70.30113787290946, -27.375440052573612], [-70.298736875581, -27.37105457627035], [-70.30178622388092, -27.371668251724905], [-70.30441415271815, -27.369360054796775], [-70.3071905362409, -27.356675017518555], [-70.31667109972965, -27.35112479976472], [-70.3201079147678, -27.351207737258267], [-70.32704088845014, -27.354667069697335], [-70.32745956086471, -27.349540509849266], [-70.32892391359252, -27.34820174524919], [-70.33399928535333, -27.35249659161887], [-70.33903880355452, -27.34933536349564], [-70.34219780830287, -27.349294243537475], [-70.34197106005044, -27.348225721690536], [-70.3438795991435, -27.348772452403505], [-70.34238867065635, -27.3463450605456], [-70.34278549963648, -27.343146577039615], [-70.34617982166675, -27.34374971712327], [-70.34530428047171, -27.342289101248554], [-70.3465829460404, -27.339345175575964], [-70.35167386674046, -27.338124017634208], [-70.35315949067588, -27.339349394471423], [-70.35759059700312, -27.337343075706876], [-70.35891540812962, -27.33443631048922], [-70.36505982448588, -27.340648000683714]]]}, "properties": {"NOM": "L\u00edmite urbano de Copiap\u00f3", "COM": "Copiap\u00f3", "REG": "Atacama"}}, {"type": "Feature", "geometry": {"type": "Polygon", "coordinates": [[[-70.62770003144024, -26.329468737126064], [-70.63086510969823, -26.32949007851007], [-70.62675436775413, -26.340317093796717], [-70.62827022449042, -26.348199360365413], [-70.6321840287748, -26.35165032719437], [-70.63804528717034, -26.351080033092053], [-70.63878091216661, -26.35578795544366], [-70.6407518706972, -26.357421968745857], [-70.64981980743323, -26.35594693250295], [-70.65054981616235, -26.36058878564769], [-70.6482535740741, -26.35944967850671], [-70.6449915514273, -26.361252240491282], [-70.64452870525693, -26.363392818384497], [-70.63898627243046, -26.363311626225343], [-70.6387846213104, -26.36104491699653], [-70.63516252694826, -26.360259922272256], [-70.63667665352932, -26.35896003215579], [-70.63596525340132, -26.35437757364275], [-70.62438311364474, -26.350062102496178], [-70.62167146092472, -26.349834875106385], [-70.61982847549119, -26.353032852047082], [-70.61685390385382, -26.35036272729275], [-70.60983573215331, -26.35677454550292], [-70.60978832356419, -26.34492591006679], [-70.60477457982513, -26.34236917551015], [-70.59431874148356, -26.341454764794666], [-70.59579769452967, -26.33138877849359], [-70.62770003144024, -26.329468737126064]]]}, "properties": {"NOM": "L\u00edmite urbano de Cha\u00f1aral", "COM": "Cha\u00f1aral", "REG": "Atacama"}}, {"type": "Feature", "geometry": {"type": "Polygon", "coordinates": [[[-70.77633497831336, -26.84035269019581], [-70.80534088174491, -26.84233174483063], [-70.81104733795912, -26.854281133461892], [-70.81847196588465, -26.85057893257309], [-70.82104696239206, -26.8567814885832], [-70.82266568790651, -26.856831195951504], [-70.82195070170388, -26.85915285850602], [-70.82027810422187, -26.859457403176933], [-70.81670395384475, -26.856591632425832], [-70.81296228114185, -26.857757327487562], [-70.81059029760044, -26.863284910843806], [-70.81123182317239, -26.866384788830395], [-70.8173332425659, -26.869707756522125], [-70.82108968536869, -26.869891523806118], [-70.82168413652478, -26.87258843589452], [-70.82470157756414, -26.8723166577595], [-70.82463143531012, -26.874955266037986], [-70.82886041620688, -26.875714466103958], [-70.8302348754225, -26.877904070500293], [-70.83362931872536, -26.877678924854855], [-70.83280344987396, -26.880826057085475], [-70.82982640697124, -26.881377813420784], [-70.83016651003614, -26.886301426766813], [-70.8272721687334, -26.88787303742095], [-70.78085060712569, -26.88644746527714], [-70.77633497831336, -26.84035269019581]]]}, "properties": {"NOM": "L\u00edmite urbano de Totoralillo", "COM": "Caldera", "REG": "Atacama"}}, {"type": "Feature", "geometry": {"type": "MultiPolygon", "coordinates": [[[[-70.68203047040383, -26.964961706126065], [-70.68473630204079, -26.95725722449151], [-70.68311438840541, -26.949784927978087], [-70.69285528366349, -26.947863135086045], [-70.70004778332635, -26.937216129901117], [-70.70878447887777, -26.935576158135593], [-70.71464063843577, -26.93658823759626], [-70.71773646287356, -26.94151489219799], [-70.72484662116085, -26.94548983717708], [-70.73100545817235, -26.95308646976596], [-70.73604738475682, -26.953475792925975], [-70.74777414159604, -26.96280816079028], [-70.7570143527457, -26.966261545228114], [-70.7724614931139, -26.967930171079068], [-70.78543189919203, -26.973112910601067], [-70.78621774091098, -26.96007475939897], [-70.79785497434395, -26.958305117628022], [-70.79924125538872, -26.957092874087092], [-70.79709706124719, -26.953388169188223], [-70.80031164566047, -26.952821180805742], [-70.80440366851067, -26.956477577244357], [-70.81094515908713, -26.956686466606204], [-70.80733445626109, -26.966397517049064], [-70.80048916893028, -26.966977499537492], [-70.79858035674937, -26.97160536129362], [-70.79416264699795, -26.97365536036738], [-70.7925634275016, -26.980475086613446], [-70.79016463913044, -26.983478794598295], [-70.78910013641708, -26.99202820609786], [-70.79154330425821, -27.002742397417254], [-70.79452117989919, -27.00700434412211], [-70.79975556963497, -27.010277332697367], [-70.80556928828737, -27.009641243338237], [-70.80683590385483, -27.01156109648924], [-70.80254352974679, -27.013959898242284], [-70.80274478920137, -27.015785836176324], [-70.8060980016293, -27.01671836020545], [-70.8025064958009, -27.02064994083079], [-70.80280536080434, -27.02329226399132], [-70.8073020953513, -27.022533763772564], [-70.8077468772996, -27.026313234926125], [-70.80943436076421, -27.027595310318837], [-70.81431840125096, -27.027425308344924], [-70.81650790731376, -27.025320542450945], [-70.81880229438093, -27.026403415389726], [-70.82115745068046, -27.028701575192347], [-70.81773908973315, -27.032267786820558], [-70.81825184540239, -27.033609773052536], [-70.82144619346728, -27.03226489818889], [-70.82223232444377, -27.034143421300108], [-70.82433490862137, -27.034176103896172], [-70.82108868284881, -27.037316277292636], [-70.8220953403461, -27.038986161357077], [-70.81934429829751, -27.04033991062732], [-70.82004484947184, -27.043622128423845], [-70.81280467172526, -27.046024081065518], [-70.81256552223032, -27.048630241381428], [-70.80780032975397, -27.050166072472976], [-70.8088695971316, -27.0565366666056], [-70.81274884861688, -27.060879300413756], [-70.815367408924, -27.060517076162917], [-70.81996667448253, -27.063955013911833], [-70.82242563021481, -27.063991994750538], [-70.82577991702784, -27.062559406908704], [-70.82383894785468, -27.06408100261724], [-70.82705351070841, -27.065751446712582], [-70.83049502573216, -27.064555965228898], [-70.8335843185195, -27.05526567308183], [-70.83942157842223, -27.054560082734586], [-70.84087275376315, -27.05162494781207], [-70.84465705961108, -27.05165191225561], [-70.84608868581478, -27.04987306513288], [-70.85278746241431, -27.050357307638624], [-70.85218769053678, -27.0529903618378], [-70.84865073580232, -27.052091105997857], [-70.84948940654482, -27.05499721545928], [-70.8471407729126, -27.057406569370375], [-70.84844371185856, -27.05963156831534], [-70.84467282863758, -27.06296512378542], [-70.84884839840248, -27.064131080160532], [-70.85134540227861, -27.066483485973393], [-70.85167423058837, -27.069107467381823], [-70.85607282508884, -27.07321238054769], [-70.85275974399791, -27.075976180624934], [-70.84788339308997, -27.075820440736567], [-70.84548828062496, -27.073170571455055], [-70.84366800550012, -27.074019653965383], [-70.84134051641306, -27.077993760006898], [-70.8416011607961, -27.08028832779887], [-70.84309208479169, -27.080612478649737], [-70.84195390675029, -27.08107406850212], [-70.84210986236845, -27.082200483057676], [-70.84596997704324, -27.086635777957156], [-70.84844548423462, -27.086876082560668], [-70.84590693417492, -27.089562304249817], [-70.84881022988436, -27.091446475433955], [-70.85452143099991, -27.088296781291323], [-70.85437574671872, -27.084397902239857], [-70.85632291965722, -27.085241711405484], [-70.85486462067611, -27.08801183137251], [-70.85968427980477, -27.087133504419413], [-70.85869087605121, -27.08314557622889], [-70.86095278632591, -27.079001868209815], [-70.86567684853867, -27.08162503750511], [-70.86307233967922, -27.087660318268036], [-70.86869496151786, -27.09243881397299], [-70.8642927593832, -27.095826668937164], [-70.86429651793433, -27.096705062874342], [-70.86516743999218, -27.096488356612237], [-70.86484443007052, -27.09726684466983], [-70.86545925052572, -27.096882142893627], [-70.86526422987079, -27.097576438872096], [-70.86570136625771, -27.097124870235326], [-70.86571061261694, -27.09780436132522], [-70.86605208291768, -27.097725998764478], [-70.8657851359546, -27.09804759927923], [-70.86472536736278, -27.09792628625604], [-70.86503537057742, -27.099301976246657], [-70.86583004992217, -27.099120483321872], [-70.86484774215897, -27.100424519347598], [-70.8658200139438, -27.101015139901417], [-70.8670166013433, -27.100500680877254], [-70.86674600003363, -27.10203687935284], [-70.86072669653858, -27.100403343587825], [-70.86005295199064, -27.10215516274666], [-70.8567161023756, -27.104833371640837], [-70.85401502821638, -27.104246740749673], [-70.85250077856612, -27.106018102359737], [-70.8523826411231, -27.112434487377996], [-70.8548731358067, -27.11939355198184], [-70.86295292932346, -27.129193913140487], [-70.86786003136018, -27.128712105179122], [-70.87029547728316, -27.13056914282561], [-70.87001730407397, -27.132071671684308], [-70.87917291099183, -27.138793063986757], [-70.88924403143993, -27.14263982759793], [-70.89759817673266, -27.14288939913856], [-70.89906361193037, -27.140424816982225], [-70.90984014882837, -27.13326202275518], [-70.91114854144644, -27.12862032088207], [-70.91373068315362, -27.127864645374714], [-70.91570881203681, -27.129517836862142], [-70.90981578472123, -27.13579871609404], [-70.90805999515908, -27.146670726206615], [-70.9064122917902, -27.148733123187533], [-70.90413524490296, -27.151240051828953], [-70.9034694558352, -27.149400921455655], [-70.89970080852096, -27.150000626055615], [-70.89929256285188, -27.15352694976972], [-70.89467494201715, -27.153626067253214], [-70.89262997757851, -27.162456905840756], [-70.87550575713502, -27.162843300268136], [-70.8753551114585, -27.152935235651157], [-70.85185710242739, -27.140010761515327], [-70.84207594018669, -27.128944199895127], [-70.83417269975926, -27.11261580839197], [-70.83745162241152, -27.110624171681753], [-70.82540108220115, -27.092231087815176], [-70.81022936440075, -27.090331548830566], [-70.79757459577075, -27.09232958224378], [-70.80184674341183, -27.076530272546808], [-70.80308971621932, -27.076167301394605], [-70.80501291851279, -27.06349032974317], [-70.78649296944268, -27.03336163268304], [-70.78947791392665, -27.031854885373324], [-70.78790134994176, -27.026758794290025], [-70.78653626195118, -26.980997390537993], [-70.75682724984168, -26.97534517688346], [-70.73895996006317, -26.979163809993693], [-70.72781835771518, -26.97523916480459], [-70.72033292731965, -26.979843708827694], [-70.71540616655123, -26.987124542432177], [-70.71237738697634, -26.98671008305407], [-70.71026042077106, -26.979966299108515], [-70.70670099288313, -26.977752947308154], [-70.70337711044921, -26.97779315718235], [-70.69069977703757, -26.985617939674523], [-70.68656522794181, -26.986243320518597], [-70.68360154568232, -26.982543802232406], [-70.67143400888936, -26.97727297670107], [-70.66689472923223, -26.976875426691038], [-70.67389873000913, -26.973633286436673], [-70.68203047040383, -26.964961706126065]]], [[[-70.81029722942552, -27.004838905414196], [-70.81189259245436, -27.00555434377374], [-70.81108942223355, -27.008158021801957], [-70.80708744111755, -27.00799642528376], [-70.81029722942552, -27.004838905414196]]], [[[-70.80614404388088, -27.009241336265745], [-70.80621511319626, -27.00856859650958], [-70.80688203593792, -27.00848675092389], [-70.80662379544657, -27.00939397761451], [-70.80614404388088, -27.009241336265745]]], [[[-70.82471285052264, -27.034085062298306], [-70.82458165337202, -27.033638010886307], [-70.825420898138, -27.033618192392673], [-70.825378427588, -27.03384014123784], [-70.82471285052264, -27.034085062298306]]], [[[-70.8686349019546, -27.086815339636647], [-70.86914324869241, -27.087072934388285], [-70.86920154755771, -27.08748092029849], [-70.8685414978263, -27.087171912422797], [-70.8686349019546, -27.086815339636647]]], [[[-70.86878362254144, -27.086395486434608], [-70.86932742758016, -27.0868758066347], [-70.86947621733731, -27.086830777103327], [-70.86960965847949, -27.087130630796732], [-70.86878362254144, -27.086395486434608]]], [[[-70.86944109141307, -27.086312373139663], [-70.8693372991668, -27.08610986945274], [-70.86982944838174, -27.08684349689605], [-70.86919133011966, -27.086695304502925], [-70.86944109141307, -27.086312373139663]]], [[[-70.84722035735857, -27.08637322590755], [-70.84746315042028, -27.086445938707442], [-70.8462795463716, -27.08644551641909], [-70.84644967201505, -27.08632360378338], [-70.84722035735857, -27.08637322590755]]], [[[-70.86997539317439, -27.08671817840227], [-70.86970180766134, -27.086316036175536], [-70.87026341910561, -27.086745122410132], [-70.87040222768164, -27.086627388988926], [-70.87048560750968, -27.086651099479464], [-70.87035467087048, -27.08691494013159], [-70.86997539317439, -27.08671817840227]]], [[[-70.85574166565094, -27.07266403220988], [-70.85516079881855, -27.072209052407604], [-70.85526210542639, -27.072073145386867], [-70.85592679405796, -27.072677473508865], [-70.85574166565094, -27.07266403220988]]], [[[-70.82018140866637, -27.043527126816553], [-70.82043453504882, -27.043366266056527], [-70.82073248287234, -27.043590577510738], [-70.82061539466159, -27.043711592504426], [-70.82018140866637, -27.043527126816553]]], [[[-70.82201875088329, -27.03924624156737], [-70.8220448532305, -27.039114941738887], [-70.82243436722926, -27.038949602744083], [-70.82239246621116, -27.03923842354336], [-70.82201875088329, -27.03924624156737]]], [[[-70.82487773539474, -27.03628499020831], [-70.82465468550633, -27.035960795245845], [-70.82470929588906, -27.0358536752935], [-70.82503126735824, -27.03605609611084], [-70.82487773539474, -27.03628499020831]]], [[[-70.87130341038815, -27.086829386275795], [-70.87134166694115, -27.086510188902643], [-70.87162172301917, -27.086488409071162], [-70.87147841208694, -27.086790141578724], [-70.87130341038815, -27.086829386275795]]], [[[-70.85845991919166, -27.10421698294472], [-70.85831743920107, -27.103980145304767], [-70.85861922013594, -27.10392750585376], [-70.85867653624433, -27.104143178148632], [-70.85845991919166, -27.10421698294472]]], [[[-70.86571159357723, -27.100530427674663], [-70.86595773466003, -27.10041150681171], [-70.8657367895243, -27.100803032178625], [-70.86557397796389, -27.100647907375134], [-70.86571159357723, -27.100530427674663]]], [[[-70.82003452872752, -27.041295370007745], [-70.81976853936854, -27.041146006855442], [-70.81978212459057, -27.041082110717095], [-70.82004439312766, -27.041038374177887], [-70.82003452872752, -27.041295370007745]]], [[[-70.85732308682655, -27.14430373925417], [-70.85731883510032, -27.14404654001995], [-70.85761533124638, -27.14404261667787], [-70.85761958476924, -27.144299815921094], [-70.85732308682655, -27.14430373925417]]], [[[-70.81963875347122, -27.04051715650426], [-70.81968784280825, -27.040348555095846], [-70.81995739219072, -27.040325122055602], [-70.81991471862145, -27.040535249529984], [-70.81963875347122, -27.04051715650426]]], [[[-70.8578887523677, -27.103615322301675], [-70.85772885943365, -27.103435393321043], [-70.85820363523099, -27.103580470455334], [-70.85807084536737, -27.103698294010076], [-70.8578887523677, -27.103615322301675]]], [[[-70.86498688311164, -27.086849714430013], [-70.86491410609891, -27.08669905310345], [-70.8650642621936, -27.086608611582108], [-70.86508177664668, -27.087045029118578], [-70.86498688311164, -27.086849714430013]]], [[[-70.82487098814862, -27.034833040063486], [-70.8248673131408, -27.03464941595478], [-70.82506823482883, -27.034521535430414], [-70.82506731764892, -27.034763975317475], [-70.82487098814862, -27.034833040063486]]], [[[-70.82405031694947, -27.062785002322023], [-70.82414138545803, -27.062973989698666], [-70.8238625582753, -27.06294678798979], [-70.82390104479701, -27.06281443835059], [-70.82405031694947, -27.062785002322023]]], [[[-70.8238829302693, -27.06221585438645], [-70.82407683880992, -27.062231029654335], [-70.82397099930313, -27.062493602261316], [-70.82384233180836, -27.06234851511675], [-70.8238829302693, -27.06221585438645]]], [[[-70.81596478768962, -27.06088162512944], [-70.81586674106794, -27.06068405692323], [-70.81609196218439, -27.06053421239558], [-70.81602349977997, -27.06089025361606], [-70.81596478768962, -27.06088162512944]]], [[[-70.86397220904877, -27.080405752747442], [-70.86416110139683, -27.080176709517175], [-70.86425093202692, -27.080279851973454], [-70.86409525398818, -27.08045051211858], [-70.86397220904877, -27.080405752747442]]], [[[-70.86566350676007, -27.084015146179738], [-70.86585535456541, -27.084037329594167], [-70.86549813500109, -27.08414252399571], [-70.86549164736812, -27.084110028713805], [-70.86566350676007, -27.084015146179738]]], [[[-70.86520871129127, -27.098254623703934], [-70.86515335171359, -27.098388753216547], [-70.86498532543294, -27.098411923017192], [-70.86500318843237, -27.098321521342246], [-70.86520871129127, -27.098254623703934]]], [[[-70.87039923629173, -27.086489791105222], [-70.8702948745136, -27.08661130846516], [-70.87018561512053, -27.08643180324367], [-70.87035887768096, -27.08651253148195], [-70.87039923629173, -27.086489791105222]]], [[[-70.86671398138195, -27.094731873541658], [-70.86674883242172, -27.094626083688322], [-70.8669128710808, -27.094691144116066], [-70.86680082601204, -27.094848591586327], [-70.86671398138195, -27.094731873541658]]], [[[-70.86982956336611, -27.086977884009347], [-70.86993427189394, -27.08692585879869], [-70.87009076111137, -27.087083345177113], [-70.86994153836628, -27.087126577493063], [-70.86982956336611, -27.086977884009347]]], [[[-70.84457191279688, -27.084580437970256], [-70.8445770269058, -27.08449869019125], [-70.84484359927141, -27.084398348530023], [-70.84472191348303, -27.084522692260308], [-70.84457191279688, -27.084580437970256]]], [[[-70.8654721979439, -27.08507239662031], [-70.86559718324432, -27.085191227398248], [-70.86557878844225, -27.085219089140814], [-70.86534072590881, -27.085140207503624], [-70.8654721979439, -27.08507239662031]]], [[[-70.86530110122162, -27.084976019277065], [-70.86544058622906, -27.084911080374447], [-70.86554706174306, -27.084971671569345], [-70.86534925092086, -27.0850765555717], [-70.86530110122162, -27.084976019277065]]], [[[-70.84219498582647, -27.081480576587026], [-70.8423563061835, -27.081362936012216], [-70.84240326830994, -27.08141692577537], [-70.84226746549685, -27.081547318680464], [-70.84219498582647, -27.081480576587026]]], [[[-70.86357016804337, -27.079239581707665], [-70.86350821932307, -27.079206648291123], [-70.86349410050174, -27.079096814977046], [-70.86364096067766, -27.079100102323558], [-70.86357016804337, -27.079239581707665]]], [[[-70.86020537543311, -27.105317546262402], [-70.86016199488972, -27.10522515982345], [-70.86028051321841, -27.10513477964292], [-70.86030696411196, -27.105331635361576], [-70.86020537543311, -27.105317546262402]]], [[[-70.86568298942196, -27.08500244943322], [-70.86556747865282, -27.0849746500211], [-70.86556936241998, -27.084917945853245], [-70.86565022876187, -27.084869127683074], [-70.86568298942196, -27.08500244943322]]], [[[-70.8651538583634, -27.095833112293686], [-70.86510146951436, -27.095714311198616], [-70.86524725620349, -27.095736744208732], [-70.86526175680882, -27.095851174802675], [-70.8651538583634, -27.095833112293686]]], [[[-70.87086289992901, -27.086382265123266], [-70.87085567208423, -27.086238586934858], [-70.87090063096755, -27.086213528710534], [-70.87094461068725, -27.086378379748226], [-70.87086289992901, -27.086382265123266]]], [[[-70.86547257972789, -27.082319727188132], [-70.86553031624784, -27.082226089255517], [-70.86562821374919, -27.082237697023377], [-70.86561125714988, -27.082370595601894], [-70.86547257972789, -27.082319727188132]]], [[[-70.86741905647204, -27.093375824982076], [-70.86733384048758, -27.09330863488354], [-70.86737474168076, -27.09323931743618], [-70.86748541322547, -27.093333516377776], [-70.86741905647204, -27.093375824982076]]], [[[-70.8599688849514, -27.078872016235852], [-70.86007352610561, -27.0788282128464], [-70.86013211422843, -27.078908033942906], [-70.85999340446709, -27.078989113133694], [-70.8599688849514, -27.078872016235852]]], [[[-70.8586830705897, -27.10434950279449], [-70.8587708207216, -27.104246354513187], [-70.8588558848908, -27.10421869422064], [-70.85883526316513, -27.104337831745955], [-70.8586830705897, -27.10434950279449]]], [[[-70.85893161197093, -27.10458421415937], [-70.85886602507372, -27.104539503615086], [-70.85886746058155, -27.10442486199391], [-70.85898033120205, -27.104474903116365], [-70.85893161197093, -27.10458421415937]]], [[[-70.86532386992083, -27.086642712911736], [-70.86525130850374, -27.086517228637266], [-70.86528188805433, -27.086470161900746], [-70.86538291798107, -27.08648804516749], [-70.86532386992083, -27.086642712911736]]], [[[-70.8659231863525, -27.097728220353325], [-70.86595400485497, -27.097623400178442], [-70.86608152969269, -27.09762413511074], [-70.86602762448744, -27.09770012340917], [-70.8659231863525, -27.097728220353325]]], [[[-70.86387445348126, -27.080225908052732], [-70.86385692555342, -27.080159893820507], [-70.86395547343504, -27.0800890917436], [-70.864006522896, -27.080237153703525], [-70.86387445348126, -27.080225908052732]]], [[[-70.86571618307, -27.09970982084838], [-70.86564435737314, -27.099787490286058], [-70.86554183175147, -27.09977738935969], [-70.86557474512516, -27.099718828599453], [-70.86571618307, -27.09970982084838]]], [[[-70.84817896397129, -27.086248617901006], [-70.84811982967277, -27.08618450192058], [-70.84827210938478, -27.086185658417513], [-70.84824866066093, -27.086256004760855], [-70.84817896397129, -27.086248617901006]]], [[[-70.84508389052507, -27.0846449299755], [-70.84517854780319, -27.08466805543112], [-70.84492052560245, -27.0847055597048], [-70.84493752532089, -27.08468457692419], [-70.84508389052507, -27.0846449299755]]], [[[-70.86442003808253, -27.08047571720105], [-70.86438601349283, -27.08037553510288], [-70.86454979792869, -27.080426613155268], [-70.86452915644011, -27.080483114839293], [-70.86442003808253, -27.08047571720105]]], [[[-70.86555556250059, -27.0832692743022], [-70.86557262150782, -27.083191248690486], [-70.86567643172039, -27.08321893257247], [-70.86563123029191, -27.08326583271441], [-70.86555556250059, -27.0832692743022]]], [[[-70.87006756032254, -27.08636631492995], [-70.87002927682006, -27.086301571182048], [-70.87013036244235, -27.08624995355024], [-70.87014539485033, -27.086305079858935], [-70.87006756032254, -27.08636631492995]]], [[[-70.82080905886043, -27.06373497810929], [-70.8207230640366, -27.063653867886416], [-70.82080872378884, -27.063614399887054], [-70.82084346433582, -27.063693014291623], [-70.82080905886043, -27.06373497810929]]], [[[-70.84257545379033, -27.081069803825017], [-70.84258268073678, -27.08096916555638], [-70.84266939061958, -27.080876510283993], [-70.84267594921947, -27.080932202315353], [-70.84257545379033, -27.081069803825017]]], [[[-70.86539099922537, -27.09850780258088], [-70.86534757017297, -27.09843689774254], [-70.86540613943117, -27.098393070014772], [-70.86545452359069, -27.09848908954256], [-70.86539099922537, -27.09850780258088]]], [[[-70.84225537417313, -27.081782049042033], [-70.84224357210692, -27.08176316364701], [-70.84239201870763, -27.081696952764247], [-70.84237144638931, -27.08178305601773], [-70.84225537417313, -27.081782049042033]]], [[[-70.84421502021934, -27.084239084411323], [-70.8441730293697, -27.084174832113902], [-70.84419520967238, -27.084131580263417], [-70.84426930361533, -27.084179706124008], [-70.84421502021934, -27.084239084411323]]], [[[-70.86599954494828, -27.097123889788026], [-70.86591792491988, -27.09708517170987], [-70.86591150735549, -27.097050870432383], [-70.86600395208308, -27.097036916242313], [-70.86599954494828, -27.097123889788026]]], [[[-70.86382883164123, -27.087868975046884], [-70.86379975048054, -27.087811688505425], [-70.86390060882906, -27.087800963471178], [-70.86388961255166, -27.087855441995867], [-70.86382883164123, -27.087868975046884]]], [[[-70.84542200112666, -27.085101331721585], [-70.84548565844263, -27.085029375458355], [-70.84554076379712, -27.085081721468992], [-70.84549175351184, -27.085112148991055], [-70.84542200112666, -27.085101331721585]]], [[[-70.84351347281336, -27.084155775963907], [-70.84352067909859, -27.08407246665474], [-70.84360387117873, -27.08403581476208], [-70.84354674371654, -27.08415552002635], [-70.84351347281336, -27.084155775963907]]], [[[-70.84768425276117, -27.086597909626526], [-70.84767849905178, -27.086511430173775], [-70.84774633353383, -27.08653436649415], [-70.84775096524743, -27.08658927032195], [-70.84768425276117, -27.086597909626526]]], [[[-70.84663571041544, -27.086218991277526], [-70.84661776117777, -27.086175904973054], [-70.84669088134696, -27.086139924792906], [-70.84668748122358, -27.086197010642028], [-70.84663571041544, -27.086218991277526]]], [[[-70.84519725252403, -27.0845665438113], [-70.84522312041096, -27.084514488687983], [-70.84529995152059, -27.08452656650249], [-70.84528855728952, -27.084557312496568], [-70.84519725252403, -27.0845665438113]]], [[[-70.84758746557752, -27.08607633581268], [-70.84755296757567, -27.08604483923131], [-70.84760499260702, -27.086013829714204], [-70.84762877909743, -27.08608689465549], [-70.84758746557752, -27.08607633581268]]], [[[-70.8648654111223, -27.098508731835096], [-70.86486129234673, -27.098467089723002], [-70.86493807494732, -27.09844513148365], [-70.86493971437271, -27.098477149982696], [-70.8648654111223, -27.098508731835096]]], [[[-70.86999934585312, -27.086247906887728], [-70.87001602038141, -27.08620770223867], [-70.87006326188391, -27.086198590227948], [-70.87004633223405, -27.08625991733302], [-70.86999934585312, -27.086247906887728]]], [[[-70.84346127710211, -27.084047071227726], [-70.84347660775074, -27.084004180040463], [-70.84353948532905, -27.084001640656396], [-70.84350229058471, -27.084045540399657], [-70.84346127710211, -27.084047071227726]]], [[[-70.86650543299719, -27.094871198310937], [-70.86653414854355, -27.09483327118531], [-70.86658661554604, -27.0948351009645], [-70.86654179679988, -27.094874867464792], [-70.86650543299719, -27.094871198310937]]], [[[-70.84796599946857, -27.086328404919193], [-70.8479655539042, -27.08630124406813], [-70.84800048758895, -27.086279394614284], [-70.84799572651795, -27.086327202035932], [-70.84796599946857, -27.086328404919193]]], [[[-70.86560250216912, -27.098953827723605], [-70.86561167486649, -27.09893529469216], [-70.86565105970348, -27.09894469915639], [-70.86564102372515, -27.09897199928796], [-70.86560250216912, -27.098953827723605]]], [[[-70.86489682700442, -27.09859107876236], [-70.86488707130043, -27.09857442097196], [-70.86493860046177, -27.09856814091237], [-70.8649374622963, -27.098590719696233], [-70.86489682700442, -27.09859107876236]]], [[[-70.86580505070613, -27.099388780096877], [-70.86580162183668, -27.099364457336307], [-70.86581268818267, -27.09935672907096], [-70.8658347005004, -27.099394975342626], [-70.86580505070613, -27.099388780096877]]]]}, "properties": {"NOM": "L\u00edmite urbano de Caldera", "COM": "Caldera", "REG": "Atacama"}}, {"type": "Feature", "geometry": {"type": "Polygon", "coordinates": [[[-70.68916260148295, -26.592314556261115], [-70.67476058357417, -26.575389419901473], [-70.67631145753856, -26.561970864833], [-70.68038113659271, -26.554858176782098], [-70.68506160805632, -26.556751784800397], [-70.68272442884228, -26.558470360627226], [-70.68170282876856, -26.562168838029645], [-70.68387618761413, -26.572890527972106], [-70.6868772254164, -26.57342391179139], [-70.69134579508425, -26.578509169795268], [-70.69534172065696, -26.577215056707413], [-70.6912959206197, -26.59105684389151], [-70.68916260148295, -26.592314556261115]]]}, "properties": {"NOM": "L\u00edmite urbano Localidad de Flamenco", "COM": "Cha\u00f1aral", "REG": "Atacama"}}, {"type": "Feature", "geometry": {"type": "Polygon", "coordinates": [[[-70.70600263808967, -26.510599742034355], [-70.70467865610817, -26.51584600588422], [-70.70606271202598, -26.516673590239403], [-70.70456658858153, -26.516702166717543], [-70.70298744283852, -26.519958665877027], [-70.6949985812864, -26.519407205918093], [-70.69885634776504, -26.508059633504296], [-70.70600263808967, -26.510599742034355]]]}, "properties": {"NOM": "L\u00edmite urbano Localidad de Portofino", "COM": "Cha\u00f1aral", "REG": "Atacama"}}, {"type": "Feature", "geometry": {"type": "Polygon", "coordinates": [[[-70.32811003096195, -26.418959552701057], [-70.32812835389879, -26.422678080208463], [-70.32328693667563, -26.42597448756549], [-70.31464419322485, -26.427003704062614], [-70.30945241956614, -26.424438783118973], [-70.3067737493901, -26.42480665858118], [-70.30643324747324, -26.422842129917875], [-70.31446967931124, -26.421809736388063], [-70.31702411967, -26.41538421690032], [-70.3191923437454, -26.414998771887852], [-70.32138805087861, -26.420430091707356], [-70.32811003096195, -26.418959552701057]]]}, "properties": {"NOM": "L\u00edmite urbano Localidad El Salado", "COM": "Cha\u00f1aral", "REG": "Atacama"}}, {"type": "Feature", "geometry": {"type": "Polygon", "coordinates": [[[-71.12283132881886, -30.624846338596768], [-71.12185840755208, -30.63237648780155], [-71.11858892888839, -30.63179733324947], [-71.12129470213486, -30.62477893669744], [-71.12283132881886, -30.624846338596768]]]}, "properties": {"NOM": "L\u00edmite urbano de Sotaqui", "COM": "Ovalle", "REG": "Coquimbo"}}, {"type": "Feature", "geometry": {"type": "Polygon", "coordinates": [[[-71.4582861187563, -31.40441095294119], [-71.45602321763982, -31.40031422428923], [-71.45416476681036, -31.401059741971316], [-71.45276883875778, -31.393653317781837], [-71.45769215628371, -31.39710255708522], [-71.45937782784637, -31.40333409074561], [-71.4582861187563, -31.40441095294119]]]}, "properties": {"NOM": "L\u00edmite urbano de Canela Baja", "COM": "Canela", "REG": "Coquimbo"}}, {"type": "Feature", "geometry": {"type": "Polygon", "coordinates": [[[-71.39000135617042, -31.391118856802883], [-71.3813541507876, -31.392938311147322], [-71.37922612452452, -31.39018585975309], [-71.38962418322701, -31.389407755330165], [-71.39000135617042, -31.391118856802883]]]}, "properties": {"NOM": "L\u00edmite urbano de Canela Alta", "COM": "Canela", "REG": "Coquimbo"}}, {"type": "Feature", "geometry": {"type": "Polygon", "coordinates": [[[-71.20425895605112, -29.893547935127504], [-71.203606141351, -29.89058810113854], [-71.20051118199082, -29.88795060193871], [-71.20094824741085, -29.88411121069953], [-71.19937369655054, -29.882407114171176], [-71.21663357068674, -29.87713615893936], [-71.21858010761801, -29.865063421592467], [-71.23217456613752, -29.864504688543548], [-71.23784198785768, -29.85978652335047], [-71.24539274553732, -29.8639118285867], [-71.24940113792951, -29.861847241493663], [-71.25038152958619, -29.859747324903704], [-71.24861095555109, -29.852210343421344], [-71.25107516283452, -29.849416567603956], [-71.2538764099277, -29.835393378076457], [-71.25667725547396, -29.83438919585024], [-71.25536911258756, -29.831947062201614], [-71.2584228868869, -29.83254405120745], [-71.25765241444412, -29.82922731952155], [-71.26101980767713, -29.822785646594422], [-71.26354364063755, -29.818548698008104], [-71.2707916067776, -29.813239510902612], [-71.27504669271653, -29.80149460078633], [-71.28392775112737, -29.788109786028677], [-71.26493378713297, -29.7639024795741], [-71.27243287641241, -29.761196000544235], [-71.27987228162438, -29.7632456481937], [-71.28218538868374, -29.772531491446195], [-71.28365606824609, -29.77361918902137], [-71.28467598667359, -29.787412725717466], [-71.28738750105305, -29.79529590246076], [-71.28575160963186, -29.806190243334598], [-71.28046174533402, -29.811001707943092], [-71.28214170361147, -29.81241309145894], [-71.28003384093329, -29.8145350739813], [-71.28557817459489, -29.81500754642902], [-71.28746955137447, -29.813419582577275], [-71.2905481281588, -29.815939041488758], [-71.2907417186958, -29.82023883057163], [-71.29269368414634, -29.82330992756629], [-71.29616605001186, -29.822656598725676], [-71.29789131661731, -29.819710215763156], [-71.3019723135457, -29.824485693932633], [-71.29824903294997, -29.826176160193185], [-71.29205363720133, -29.824909740721285], [-71.2898840360086, -29.822763372007714], [-71.28524580961788, -29.82735591565785], [-71.27970009614397, -29.840479535470386], [-71.27569767934503, -29.863323500638195], [-71.27300325361723, -29.8961116240668], [-71.27375396132712, -29.906681887057392], [-71.27859941827411, -29.92706422249933], [-71.28741880554406, -29.941751321502373], [-71.28396886162801, -29.944080805060953], [-71.2879070991898, -29.94931218489223], [-71.28402787016239, -29.94917259199227], [-71.28093944784256, -29.95093156325118], [-71.27619136018752, -29.94926834370443], [-71.26844846185178, -29.9495385101927], [-71.26591207763022, -29.951709109858353], [-71.25600233952291, -29.953966988628554], [-71.24740895939529, -29.950898541043603], [-71.24705306574434, -29.95247628606175], [-71.24373539066903, -29.95194763563628], [-71.24145358720237, -29.95405219566351], [-71.24008680049758, -29.956929293354225], [-71.24175144160111, -29.95881956683332], [-71.23832761440532, -29.960271955538516], [-71.23712136652328, -29.96571149362825], [-71.22742628175143, -29.969089408921043], [-71.22968530124754, -29.9702501353904], [-71.22899928301788, -29.9717128236472], [-71.22035249355505, -29.97379389013917], [-71.21319300967383, -29.96992403374983], [-71.20722633308138, -29.964964777503415], [-71.20988980915271, -29.957314879404905], [-71.20884637283108, -29.950828160413092], [-71.21131912848274, -29.947352672356622], [-71.2099186432767, -29.93755956637156], [-71.21294953658744, -29.931435442431845], [-71.21089016676488, -29.927623367872787], [-71.20563962891357, -29.930764637953406], [-71.19354039013336, -29.93193254898117], [-71.19060129655982, -29.9222960260239], [-71.22007824957691, -29.910614316458762], [-71.22082606740655, -29.8995587631497], [-71.21256287563801, -29.891958152407657], [-71.20425895605112, -29.893547935127504]]]}, "properties": {"NOM": "L\u00edmite urbano de La Serena", "COM": "La Serena", "REG": "Coquimbo"}}, {"type": "Feature", "geometry": {"type": "Polygon", "coordinates": [[[-71.31179959978468, -29.995932917636118], [-71.30590250310087, -29.988841040992376], [-71.30279302606739, -29.987237300100457], [-71.28937710950726, -29.9861970317919], [-71.28828222307602, -29.99217032356533], [-71.28413095812947, -29.994147576410885], [-71.26554552906167, -29.984699335304757], [-71.25405455393339, -29.985520618007055], [-71.24104434440332, -29.979728305201103], [-71.23496716245451, -29.96660902202119], [-71.23715625169902, -29.965777849601434], [-71.23833594448296, -29.960150823948492], [-71.24163218216232, -29.958848470832464], [-71.24001675346499, -29.956892428328956], [-71.2439472232945, -29.951895605131703], [-71.24701836921481, -29.95246874554093], [-71.24795288750319, -29.950762551015657], [-71.25581409575848, -29.954049265274367], [-71.26589827411755, -29.951652585857293], [-71.26804701014119, -29.949505303829632], [-71.27607000767411, -29.949219682103827], [-71.28138001489556, -29.95083753796189], [-71.2838192562006, -29.94917955755358], [-71.28802760549023, -29.94921296328598], [-71.28406704209868, -29.94425054166722], [-71.2882817038498, -29.941403290053174], [-71.29909253752703, -29.951518296763123], [-71.30987706853273, -29.957099618995326], [-71.32428408376943, -29.959360998249636], [-71.33475365555506, -29.958222930626775], [-71.3352686633007, -29.935015214304634], [-71.33729489696736, -29.932704085470665], [-71.34001343796898, -29.934691000099633], [-71.34259725593249, -29.933608593554922], [-71.34756975801685, -29.936604667889895], [-71.34873428813711, -29.93960369102347], [-71.35245442552768, -29.939594189422355], [-71.35239993102759, -29.94385325536558], [-71.35762283310753, -29.950490543159503], [-71.36157123420841, -29.949935109846095], [-71.36190957118545, -29.951953545573858], [-71.36502199379474, -29.952474158090723], [-71.3628006999473, -29.95331536312769], [-71.36100038359145, -29.95660993325527], [-71.36282483408573, -29.964613907340233], [-71.35766090101431, -29.96693291427118], [-71.35363237198669, -29.965924546224194], [-71.34985212113394, -29.967382902773547], [-71.35099705809952, -29.969276158744847], [-71.3472678135886, -29.973854714938863], [-71.34829810845596, -29.97631649827018], [-71.35504474639552, -29.982461702998563], [-71.36486621694132, -29.983739682599875], [-71.36853256590763, -29.968992199263482], [-71.37218913311881, -29.96704552306811], [-71.37444896648857, -29.968437232748432], [-71.37673848917848, -29.973748002268323], [-71.37923768135065, -29.974570889059073], [-71.37847129354748, -29.984862777891877], [-71.38500028945664, -29.98679915501925], [-71.38602708448765, -29.990610802536803], [-71.38141264728226, -29.994711733782175], [-71.38642957105742, -30.002515577226973], [-71.38547446428105, -30.013601347945514], [-71.37558539191686, -30.012656123252203], [-71.37654074393332, -30.003772680310362], [-71.36941789065443, -29.998176890271306], [-71.35750206449903, -30.005103518564876], [-71.35289774681533, -30.02247080107721], [-71.33160941012684, -30.025680348165075], [-71.32591121571829, -30.021826635259625], [-71.32116764569082, -30.00822546454021], [-71.31179959978468, -29.995932917636118]]]}, "properties": {"NOM": "L\u00edmite urbano de Coquimbo", "COM": "Coquimbo", "REG": "Coquimbo"}}, {"type": "Feature", "geometry": {"type": "Polygon", "coordinates": [[[-71.41358333701933, -30.203331406604168], [-71.39805759406379, -30.200180276226522], [-71.38582186975087, -30.202632767245415], [-71.38201101868628, -30.192288901316672], [-71.39087830233056, -30.190512706926413], [-71.39042688632387, -30.188457576225453], [-71.39348507584283, -30.185206103178903], [-71.39409262174084, -30.181486427268595], [-71.40244664126942, -30.188103030672643], [-71.41231439122205, -30.19275896583191], [-71.42960716615555, -30.19550163287756], [-71.43195345159161, -30.19211089563606], [-71.43950639666897, -30.19500995010045], [-71.43845176733889, -30.2029841938303], [-71.41923703607523, -30.20944950514825], [-71.4169547888408, -30.20896588192721], [-71.4172802224171, -30.204114591173248], [-71.41358333701933, -30.203331406604168]]]}, "properties": {"NOM": "L\u00edmite urbano de Guanaqueros", "COM": "Coquimbo", "REG": "Coquimbo"}}, {"type": "Feature", "geometry": {"type": "Polygon", "coordinates": [[[-71.49285728210403, -31.909664022656408], [-71.49027636390225, -31.902639992648524], [-71.49184307965668, -31.893523145000458], [-71.49490959835495, -31.888595390570604], [-71.49700994123592, -31.89067055880522], [-71.49605372863341, -31.896895490049165], [-71.49809108344328, -31.902116690367837], [-71.50492241364954, -31.909276292277493], [-71.50804491625463, -31.90961551822485], [-71.50901411220794, -31.907914213324812], [-71.51195843128147, -31.909108680577848], [-71.51229303575849, -31.907835074402044], [-71.5121265635633, -31.909119671480845], [-71.5151642840702, -31.908193412014985], [-71.51732107618531, -31.909431980189208], [-71.51850832290246, -31.911427026661286], [-71.51666110640393, -31.914162255062287], [-71.51842677114603, -31.91520812260235], [-71.51903759769145, -31.920886694211518], [-71.50720034717395, -31.925392006016537], [-71.50648013816628, -31.920502911948358], [-71.50298631604018, -31.91700469633694], [-71.49856505075687, -31.915922607782274], [-71.49709493084494, -31.91172821494055], [-71.49255106169501, -31.9107556893116], [-71.49285728210403, -31.909664022656408]]]}, "properties": {"NOM": "L\u00edmite urbano de Los Vilos", "COM": "Los Vilos", "REG": "Coquimbo"}}, {"type": "Feature", "geometry": {"type": "Polygon", "coordinates": [[[-71.51029442259188, -32.13733595701019], [-71.5044580583095, -32.130226891382065], [-71.51499175902663, -32.129893869531635], [-71.5192640405167, -32.13434698235759], [-71.52649395321451, -32.13702778114513], [-71.53335670648939, -32.132705569890916], [-71.53820125434132, -32.13733265113249], [-71.53407738082439, -32.138484234135895], [-71.53334291195989, -32.140317041649226], [-71.53496076970175, -32.14324798220813], [-71.53317939881524, -32.14373222865545], [-71.53225949342158, -32.14555442905096], [-71.53341632497985, -32.14661925837134], [-71.53108682366654, -32.14797339753619], [-71.53219204072352, -32.15021315802918], [-71.52551851756326, -32.14471931150604], [-71.51550684672233, -32.144718390407604], [-71.51266049881198, -32.15228360399393], [-71.51383579344429, -32.15341267109151], [-71.51128953763609, -32.15567504808966], [-71.51006536836411, -32.154758086502305], [-71.51578862037918, -32.14093938069645], [-71.51553709389627, -32.139541432239646], [-71.51029442259188, -32.13733595701019]]]}, "properties": {"NOM": "L\u00edmite urbano de Los Vilos - Pichidangui", "COM": "Los Vilos", "REG": "Coquimbo"}}, {"type": "Feature", "geometry": {"type": "Polygon", "coordinates": [[[-71.47409318171948, -30.229727424327383], [-71.4794828263875, -30.228897314235894], [-71.47765436940706, -30.23185657376696], [-71.47950259920522, -30.23797893325924], [-71.47769579162313, -30.24144094847672], [-71.48564340882561, -30.251028828809186], [-71.49363414695837, -30.2537005822243], [-71.49475548428313, -30.25087228231424], [-71.50153146658977, -30.248230911953495], [-71.50692059652312, -30.25028649289131], [-71.50729125847735, -30.252938575395486], [-71.50941007970371, -30.25365430118934], [-71.50649253581551, -30.256592530603655], [-71.50243541610735, -30.25509165535243], [-71.49727989935184, -30.25563957604991], [-71.49532131691092, -30.262419566381215], [-71.49939640831464, -30.27291044347487], [-71.50781413366825, -30.280971455803048], [-71.5166752512764, -30.28712178557913], [-71.53503917376145, -30.295269269121025], [-71.55412096334621, -30.299819416997174], [-71.57467387266779, -30.301793124888285], [-71.57503636624112, -30.30763212624779], [-71.56268078061817, -30.30692064309081], [-71.56192695036435, -30.30171553666177], [-71.53938802495138, -30.297175858498168], [-71.53316333154807, -30.301692717313443], [-71.50433952470944, -30.28706745918559], [-71.50325903557729, -30.290174149073945], [-71.4991005113449, -30.291656944713065], [-71.49700559428824, -30.29467884640636], [-71.49338417815414, -30.29659924413987], [-71.49076796963644, -30.295125726190054], [-71.46304015954672, -30.254084188722505], [-71.45826327549693, -30.251088459628246], [-71.46324868277867, -30.248639082598356], [-71.4504446887086, -30.24382599308315], [-71.4715528233511, -30.238312597740745], [-71.47258695582136, -30.23600070328808], [-71.46976115238157, -30.230845609866712], [-71.47409318171948, -30.229727424327383]]]}, "properties": {"NOM": "L\u00edmite urbano de Tongoy", "COM": "Coquimbo", "REG": "Coquimbo"}}, {"type": "Feature", "geometry": {"type": "Polygon", "coordinates": [[[-71.08595883083356, -30.262276454897833], [-71.08272681730712, -30.260940634465957], [-71.08267625563134, -30.24975571130543], [-71.07635306375379, -30.24811680418308], [-71.07897888424502, -30.24132608547082], [-71.07711785704731, -30.239904267975298], [-71.07768239699942, -30.234202555145618], [-71.07549058496129, -30.23363442721874], [-71.0750875351478, -30.229365866582107], [-71.07913446885897, -30.225366749620378], [-71.08553046380042, -30.223788145044864], [-71.0974812469968, -30.232204252007143], [-71.09400423594292, -30.235066864954298], [-71.09593433819609, -30.241301571898216], [-71.0874911060783, -30.24178013530066], [-71.08601389486553, -30.24548094562536], [-71.08595883083356, -30.262276454897833]]]}, "properties": {"NOM": "L\u00edmite urbano de Andacollo", "COM": "Andacollo", "REG": "Coquimbo"}}, {"type": "Feature", "geometry": {"type": "Polygon", "coordinates": [[[-71.14647133454694, -31.614860317960964], [-71.15135840774609, -31.61478976912608], [-71.1488964417593, -31.616567346926665], [-71.15011331132128, -31.618550246365395], [-71.14809529813778, -31.62091421339768], [-71.15164691247938, -31.623943598493483], [-71.15906389484353, -31.62523349145404], [-71.16491915878119, -31.622800418542873], [-71.16629768377179, -31.625001149925033], [-71.16837046005163, -31.623944577594344], [-71.16932636183704, -31.625236078386205], [-71.17120154378865, -31.62311848894253], [-71.17399523155873, -31.623564443205574], [-71.17987625199223, -31.630680565220043], [-71.18295966171279, -31.63988510171085], [-71.19113978267373, -31.634390837346995], [-71.19117361682059, -31.636308900165265], [-71.19449711208061, -31.63744020256194], [-71.19521664914846, -31.63444486462759], [-71.19799046618445, -31.635924395616126], [-71.20059909292117, -31.6337508007131], [-71.20019942706135, -31.641472332552063], [-71.2065015040382, -31.64096260328357], [-71.20654181324161, -31.648688934437263], [-71.2003315539683, -31.646890439306084], [-71.19889057720084, -31.649667235134945], [-71.1894444560184, -31.656776939447905], [-71.17031352768927, -31.6466939736204], [-71.16066557302881, -31.637019579718235], [-71.15181896051755, -31.634016623435553], [-71.14836241937404, -31.634169120115214], [-71.14719643577966, -31.63604655858553], [-71.14385829079399, -31.63463663181238], [-71.14667142259839, -31.630364809927848], [-71.14033085281164, -31.62539540175477], [-71.14428623112735, -31.62396279575278], [-71.14171160562414, -31.61962337550425], [-71.14444085274731, -31.61526411703972], [-71.14647133454694, -31.614860317960964]]]}, "properties": {"NOM": "L\u00edmite urbano de Illapel", "COM": "Illapel", "REG": "Coquimbo"}}, {"type": "Feature", "geometry": {"type": "Polygon", "coordinates": [[[-71.15653294812438, -30.534145615067278], [-71.16268075472252, -30.540806399111357], [-71.16375277363987, -30.546150069029004], [-71.16766321642845, -30.55162763885461], [-71.175828192692, -30.557760263479548], [-71.1869207820598, -30.573133893826782], [-71.20375432025375, -30.58547973863509], [-71.20771792803578, -30.594338754626403], [-71.21462030420122, -30.60221293186308], [-71.23719173425442, -30.61698838698987], [-71.23781760847918, -30.61787637671355], [-71.22339807342236, -30.621199315351525], [-71.22482264066454, -30.628397825787946], [-71.231698986348, -30.63766994245725], [-71.23507036540593, -30.639724156784684], [-71.23690085078229, -30.6390652120419], [-71.23608271373053, -30.64088469855745], [-71.24690562435842, -30.649430506902263], [-71.25210261363567, -30.651564059660057], [-71.25127347581495, -30.653218689331847], [-71.23883953643798, -30.645604217360734], [-71.23352438186994, -30.646942714628114], [-71.23421192543896, -30.645668706554215], [-71.232203723655, -30.643991322020483], [-71.23315079050958, -30.643064194778624], [-71.22742459022375, -30.635162415251013], [-71.22095209295605, -30.631035506381224], [-71.2138013640556, -30.635994846976992], [-71.20715115127862, -30.631608154033472], [-71.21317486280678, -30.625395800734474], [-71.1965592469176, -30.6216954952423], [-71.19404785562388, -30.614485730179762], [-71.19048171552414, -30.614275073548914], [-71.19075828973213, -30.61272982393486], [-71.17627822259821, -30.606971387361167], [-71.17367837869003, -30.5962020667688], [-71.17063955415365, -30.59363066515185], [-71.17170889070157, -30.59224896282226], [-71.16783256502917, -30.58943065263159], [-71.16641197642538, -30.577623375806017], [-71.16490488724628, -30.57422256216641], [-71.16309145638559, -30.5750695050116], [-71.16058158234638, -30.5695161775937], [-71.16256091048047, -30.568914737946304], [-71.16087114799001, -30.565284063788273], [-71.16458462886433, -30.563447870677606], [-71.16443391132259, -30.56075038275965], [-71.16255825685712, -30.552099183083808], [-71.15662631452344, -30.545321850686502], [-71.15480130437875, -30.534896096253615], [-71.15653294812438, -30.534145615067278]]]}, "properties": {"NOM": "L\u00edmite urbano de Ovalle", "COM": "Ovalle", "REG": "Coquimbo"}}, {"type": "Feature", "geometry": {"type": "Polygon", "coordinates": [[[-71.64305015561482, -33.31057284581105], [-71.64184681198608, -33.309485850921924], [-71.64282314325767, -33.307194066649934], [-71.64591353019307, -33.306844378541655], [-71.65364080413107, -33.312202190043706], [-71.6520646875072, -33.31592144479827], [-71.65290161102648, -33.31962924209866], [-71.65112970299317, -33.33345052062687], [-71.65298317535934, -33.34564708130719], [-71.65665075411928, -33.354239402937324], [-71.6657907195714, -33.360477021643945], [-71.66930478523244, -33.35928268083691], [-71.6722433101724, -33.36055767934129], [-71.67415009305908, -33.363878920443796], [-71.68040414250757, -33.36514780903437], [-71.68457997727548, -33.36134454358655], [-71.68717013464995, -33.361014508374595], [-71.68453380566652, -33.36076706817846], [-71.68895332192996, -33.358890616352845], [-71.68623018155408, -33.36255570812802], [-71.6877313939546, -33.36690576631993], [-71.69012879802195, -33.36757898295877], [-71.69435962136333, -33.36418665065411], [-71.69334491675774, -33.36594434226433], [-71.69654434120231, -33.36681184796241], [-71.69324247108611, -33.369444599552494], [-71.69845305546686, -33.370943216772176], [-71.69502115151835, -33.37236689973572], [-71.68981309589513, -33.371949121137106], [-71.67898258372328, -33.38452153726029], [-71.65731817362929, -33.3840620263142], [-71.64665009213216, -33.38202296154269], [-71.65319363176577, -33.37578014125588], [-71.65633415188053, -33.37471102647945], [-71.65719027329577, -33.37257247317876], [-71.65280198875979, -33.37131143723165], [-71.64984502859357, -33.36830784946891], [-71.64508150159374, -33.369478205660066], [-71.64090541260262, -33.366009922376335], [-71.63907091714684, -33.364006971624036], [-71.64597717762756, -33.35662323713795], [-71.63856425295356, -33.355513914819944], [-71.6365150745179, -33.353546014041655], [-71.63782768023465, -33.34881581256354], [-71.63911782717098, -33.35012426431358], [-71.63802882200993, -33.35321994867574], [-71.6446377464198, -33.35218995780024], [-71.64253479033968, -33.34769276484582], [-71.64283905601464, -33.34421872045981], [-71.63782358212032, -33.334737592053706], [-71.63864962434658, -33.33009023863207], [-71.6361886294386, -33.32688296343424], [-71.63863541479542, -33.322458813808844], [-71.64162029999056, -33.3219373176798], [-71.64305015561482, -33.31057284581105]]]}, "properties": {"NOM": "L\u00edmite urbano de Algarrobo", "COM": "Algarrobo", "REG": "Valpara\u00edso"}}, {"type": "Feature", "geometry": {"type": "Polygon", "coordinates": [[[-71.08762386899245, -32.38858298195128], [-71.08998439991231, -32.38818233851606], [-71.09140815597577, -32.390584684192056], [-71.0927547611294, -32.38987162071725], [-71.10115366857444, -32.4013976579989], [-71.08944890159502, -32.40042263526988], [-71.09296039717603, -32.396248714268786], [-71.08762386899245, -32.38858298195128]]]}, "properties": {"NOM": "L\u00edmite urbano de Artificio", "COM": "Cabildo", "REG": "Valpara\u00edso"}}, {"type": "Feature", "geometry": {"type": "Polygon", "coordinates": [[[-71.59759577863247, -33.51881094058442], [-71.5993782023445, -33.517560506775816], [-71.60186112063697, -33.519018354129734], [-71.60437065960457, -33.51794221014025], [-71.60834978757977, -33.5208533941628], [-71.6047248123205, -33.52795006301728], [-71.60343476689381, -33.54172707767185], [-71.60395180662863, -33.54471712100044], [-71.60684730675806, -33.54589182846138], [-71.60603414996623, -33.54803202301193], [-71.60761238391923, -33.55049397081957], [-71.61324448657737, -33.54963088018506], [-71.61463174229422, -33.551042391906115], [-71.62698548996411, -33.551457584924215], [-71.6112769497297, -33.557734687541746], [-71.60676013424289, -33.55742441265752], [-71.5944925619582, -33.56108397166761], [-71.59048325777599, -33.556401809260834], [-71.58555222192514, -33.54488718247823], [-71.58321334309858, -33.53249451985822], [-71.58866025985755, -33.528029583407054], [-71.59026160566616, -33.52284700754538], [-71.59661950575136, -33.52287839521067], [-71.59759577863247, -33.51881094058442]]]}, "properties": {"NOM": "L\u00edmite urbano de Cartagena", "COM": "Cartagena", "REG": "Valpara\u00edso"}}, {"type": "Feature", "geometry": {"type": "Polygon", "coordinates": [[[-71.6829908072322, -33.18250738606279], [-71.6884471778612, -33.183133156093554], [-71.68970890928848, -33.18636640271273], [-71.68366873882768, -33.18613068001932], [-71.6819821734413, -33.18478345205257], [-71.6829908072322, -33.18250738606279]]]}, "properties": {"NOM": "L\u00edmite urbano de Santa Augusta", "COM": "Casablanca", "REG": "Valpara\u00edso"}}, {"type": "Feature", "geometry": {"type": "Polygon", "coordinates": [[[-71.6965493897342, -33.18870479286682], [-71.69942035417827, -33.19364220598363], [-71.70180362505123, -33.193379462966014], [-71.6964124271961, -33.19685882186725], [-71.69299447588057, -33.192957424386485], [-71.6965493897342, -33.18870479286682]]]}, "properties": {"NOM": "L\u00edmite urbano de La Caleta de Quintay", "COM": "Casablanca", "REG": "Valpara\u00edso"}}, {"type": "Feature", "geometry": {"type": "Polygon", "coordinates": [[[-71.49492239755112, -33.290596470912064], [-71.496517028453, -33.287665058852724], [-71.49672077983416, -33.29055294651573], [-71.50324089589674, -33.288648096333596], [-71.50538518346309, -33.289485954126036], [-71.4980012833559, -33.29249402127567], [-71.4956265617495, -33.29256535138962], [-71.49492239755112, -33.290596470912064]]]}, "properties": {"NOM": "L\u00edmite urbano de Las Dichas", "COM": "Casablanca", "REG": "Valpara\u00edso"}}, {"type": "Feature", "geometry": {"type": "Polygon", "coordinates": [[[-71.44987936183232, -33.433926457566535], [-71.45169887338915, -33.4360983679184], [-71.45290298328084, -33.44460549455274], [-71.4555219047107, -33.44842308931738], [-71.4512180186923, -33.450407240177846], [-71.45333056877965, -33.44811699828163], [-71.45104923153862, -33.44162914211546], [-71.44800438110332, -33.43884089591266], [-71.45013512656675, -33.43770975962791], [-71.4479758748644, -33.435800990027424], [-71.44987936183232, -33.433926457566535]]]}, "properties": {"NOM": "L\u00edmite urbano de Lagunillas", "COM": "Casablanca", "REG": "Valpara\u00edso"}}, {"type": "Feature", "geometry": {"type": "Polygon", "coordinates": [[[-70.96406316635195, -32.774365279424885], [-70.96539786972637, -32.771084367974105], [-70.97230631311322, -32.77523700429585], [-70.96899352846633, -32.77945383122636], [-70.97097972691573, -32.78104759087707], [-70.96706991923607, -32.78039823482096], [-70.96578453696401, -32.78236895438787], [-70.95995397669665, -32.780486412923686], [-70.95987667037825, -32.782126380406964], [-70.95764581845619, -32.78181444454831], [-70.95714503732968, -32.778338559594694], [-70.95944737628376, -32.77813188741746], [-70.9583926948514, -32.77598425142506], [-70.96406316635195, -32.774365279424885]]]}, "properties": {"NOM": "L\u00edmite urbano de Catemu", "COM": "Catemu", "REG": "Valpara\u00edso"}}, {"type": "Feature", "geometry": {"type": "MultiPolygon", "coordinates": [[[[-71.11531752064349, -32.83246359673642], [-71.11281573773005, -32.83464495165169], [-71.10307408878545, -32.839310728985076], [-71.10620987657528, -32.84296154091204], [-71.11089364934753, -32.84003892351307], [-71.10911103429437, -32.83878551576549], [-71.11992804209255, -32.8317239256214], [-71.11801766684303, -32.830380779641146], [-71.11531752064349, -32.83246359673642]], [[-71.10678236661764, -32.83721776677716], [-71.1067077381771, -32.83736075474398], [-71.10674822345032, -32.83727990155453], [-71.10678236661764, -32.83721776677716]], [[-71.1069907488141, -32.83704708498734], [-71.10697534989349, -32.83705990188894], [-71.10688903616774, -32.83713146471308], [-71.1069907488141, -32.83704708498734]]], [[[-71.12954768275357, -32.82415947620407], [-71.13436584888223, -32.820164688941865], [-71.12861928019564, -32.81706115354774], [-71.1275322567181, -32.82098937228628], [-71.12954768275357, -32.82415947620407]]], [[[-71.15091357639047, -32.78626116331901], [-71.14967655761666, -32.78817923304402], [-71.14510259849797, -32.787858185813576], [-71.14431178640055, -32.79197903009452], [-71.13839803584969, -32.798019603945654], [-71.14094513876921, -32.80193173858281], [-71.14012899957066, -32.808783999888014], [-71.13500717862145, -32.81194621627383], [-71.13860481275674, -32.81565667856454], [-71.14197865589348, -32.81169192995688], [-71.1510874102794, -32.790267844609126], [-71.15465713196217, -32.787919822700324], [-71.15091357639047, -32.78626116331901]], [[-71.13794864195071, -32.813131350816185], [-71.13793464530028, -32.81315198598944], [-71.13793322775875, -32.813154031235946], [-71.13794864195071, -32.813131350816185]], [[-71.14113296481702, -32.81011353423305], [-71.14113294685072, -32.81011471431043], [-71.14113293696926, -32.810113095573435], [-71.14113296481702, -32.81011353423305]], [[-71.14173248336967, -32.80616836721258], [-71.14173109367592, -32.806165538072264], [-71.14173169554716, -32.80616660268073], [-71.14173248336967, -32.80616836721258]], [[-71.14173109367592, -32.806165538072264], [-71.14172826218612, -32.806162016558844], [-71.14172964828661, -32.80616351909137], [-71.14173109367592, -32.806165538072264]], [[-71.15215986487966, -32.787277148233734], [-71.15215880756257, -32.787278329369485], [-71.15215900070035, -32.787278074866435], [-71.15215986487966, -32.787277148233734]], [[-71.15223477898445, -32.78725514920067], [-71.15217456491096, -32.78727034764067], [-71.15223323837374, -32.78725548828639], [-71.15223477898445, -32.78725514920067]]], [[[-71.16756404062444, -32.790265178080936], [-71.16205580037263, -32.794270702599626], [-71.17149287192687, -32.799631822294586], [-71.17273790367301, -32.79816680282795], [-71.16493278532573, -32.79372455544844], [-71.16984385252613, -32.78981680223376], [-71.16756404062444, -32.790265178080936]]], [[[-71.17047394613776, -32.78927749538171], [-71.1705381478328, -32.78931987181612], [-71.17281351936205, -32.78772530805874], [-71.17196635415021, -32.78714502103787], [-71.17047394613776, -32.78927749538171]]]]}, "properties": {"NOM": "L\u00edmite urbano de Hijuelas", "COM": "Hijuelas", "REG": "Valpara\u00edso"}}, {"type": "Feature", "geometry": {"type": "Polygon", "coordinates": [[[-71.22249678381634, -32.45116878588993], [-71.22123653191436, -32.444839207315056], [-71.23988024367777, -32.44426075338114], [-71.24082885832959, -32.450979767033935], [-71.24653035764007, -32.451665538115435], [-71.24702486762756, -32.45911318049657], [-71.22901320510816, -32.45934996572002], [-71.22921935049956, -32.45538064603754], [-71.22416362848728, -32.45406707160135], [-71.22249678381634, -32.45116878588993]]]}, "properties": {"NOM": "L\u00edmite urbano de La Ligua", "COM": "La Ligua", "REG": "Valpara\u00edso"}}, {"type": "Feature", "geometry": {"type": "Polygon", "coordinates": [[[-70.97499292080313, -32.830645916036616], [-70.97726855643705, -32.8295425849988], [-70.97993783652343, -32.830874720098485], [-70.9800848242601, -32.83291252586322], [-70.97533366257016, -32.83554109333457], [-70.97981605371699, -32.84204638156597], [-70.98326012714264, -32.841893262753835], [-70.98410119998024, -32.84410503663581], [-70.93565067113246, -32.85149017411253], [-70.93475774753668, -32.84413497406976], [-70.93073066389834, -32.84322320271419], [-70.94197378844987, -32.838983860793554], [-70.94272713630838, -32.83450423880891], [-70.94115351161112, -32.83329449044938], [-70.9426935123673, -32.83133184940261], [-70.95520072911864, -32.83185647417458], [-70.95763146876784, -32.83475937464464], [-70.96135255028777, -32.834637865594246], [-70.96440641082539, -32.83790786402011], [-70.96643582183319, -32.83540872916766], [-70.9745796535516, -32.83270942098895], [-70.97499292080313, -32.830645916036616]]]}, "properties": {"NOM": "L\u00edmite urbano de Llay Llay", "COM": "Llay Llay", "REG": "Valpara\u00edso"}}, {"type": "Feature", "geometry": {"type": "Polygon", "coordinates": [[[-71.2009281080805, -32.7337220172078], [-71.20477551788221, -32.72889428896467], [-71.20850139281251, -32.73030874030183], [-71.20628348381705, -32.73367078445603], [-71.20732755075602, -32.73479768056571], [-71.21601280607932, -32.73258287100139], [-71.21819042114272, -32.73752630773076], [-71.21494842733347, -32.73862395890126], [-71.21372671046223, -32.736483832967615], [-71.2074826907039, -32.73879866515421], [-71.20410339209842, -32.737710489374344], [-71.19719159440228, -32.748831397487], [-71.2009281080805, -32.7337220172078]]]}, "properties": {"NOM": "L\u00edmite urbano de Nogales", "COM": "Nogales", "REG": "Valpara\u00edso"}}, {"type": "Feature", "geometry": {"type": "Polygon", "coordinates": [[[-71.21737515330997, -32.682754309965766], [-71.21823418975829, -32.680412750983564], [-71.22500801610826, -32.681783326600836], [-71.2221519223754, -32.684925015363135], [-71.22127441027664, -32.68959328853775], [-71.21648235458001, -32.68932495792027], [-71.21525495137303, -32.69674711317743], [-71.21358108816479, -32.698554258231965], [-71.21012577142501, -32.69781351676254], [-71.20845233132326, -32.694488740489554], [-71.21082574767755, -32.68225673762762], [-71.21737515330997, -32.682754309965766]]]}, "properties": {"NOM": "L\u00edmite urbano de El Mel\u00f3n", "COM": "Nogales", "REG": "Valpara\u00edso"}}, {"type": "Feature", "geometry": {"type": "Polygon", "coordinates": [[[-71.15283722245165, -32.98274834089349], [-71.16178246099797, -32.984757200265804], [-71.1629568582133, -32.98328738633084], [-71.16587349839631, -32.984476908196164], [-71.1686241523727, -32.98269694582812], [-71.177534353928, -32.98585983306411], [-71.18555036436462, -32.98597263288187], [-71.18677622336764, -32.99136723969044], [-71.19061343729088, -32.99037420131223], [-71.19044549365526, -32.98747346580347], [-71.1947437921526, -32.98750293508723], [-71.1994346149032, -32.990801219672434], [-71.19857684058785, -32.997537493472485], [-71.20530348382584, -32.999783247800366], [-71.22095416087784, -32.99627478540356], [-71.22118205268563, -32.99802437459202], [-71.20759842066195, -33.00143273465182], [-71.18607458613015, -32.99902013480412], [-71.18520830926064, -33.00206842774379], [-71.17917347389431, -33.000193637789614], [-71.17617808739348, -33.003031498274204], [-71.17969865595887, -33.006003171377245], [-71.1782415463472, -33.00720369228657], [-71.17543855921731, -33.00491437463359], [-71.17344111745383, -33.00804195974593], [-71.16156789569742, -33.00625595703838], [-71.16264847286448, -33.00325181423265], [-71.1659046304108, -33.00179657571796], [-71.16263805869539, -33.000505171851906], [-71.16416064560978, -32.997633529292145], [-71.16143940517075, -32.996636839533934], [-71.16037875084007, -32.994069429459245], [-71.1521512105102, -32.99687789571188], [-71.14427321094561, -32.99701112539705], [-71.14025115248299, -33.00193322281459], [-71.13864019559914, -33.00153136990442], [-71.13826177309919, -32.99658637926147], [-71.1364589154094, -32.99632378346219], [-71.14045371718966, -32.99256006356278], [-71.13979558176811, -32.989751135898885], [-71.14195772514736, -32.98889446858986], [-71.13894798087337, -32.98507186769856], [-71.1395275334705, -32.983923827278225], [-71.14126243271073, -32.98366860175627], [-71.14571855891526, -32.987944078012944], [-71.15002802975978, -32.989482227445734], [-71.15179192302412, -32.989018777771356], [-71.15037491420675, -32.985575204256435], [-71.15264691795197, -32.985578986895334], [-71.15283722245165, -32.98274834089349]]]}, "properties": {"NOM": "L\u00edmite urbano de Olmu\u00e9", "COM": "Olmu\u00e9", "REG": "Valpara\u00edso"}}, {"type": "Feature", "geometry": {"type": "Polygon", "coordinates": [[[-71.43022322269256, -32.48970991198722], [-71.43366847740283, -32.48961546237664], [-71.43288614450334, -32.49129835772849], [-71.43625976216299, -32.497703672956256], [-71.44496821198692, -32.50452758213125], [-71.45064715100733, -32.50529123216041], [-71.45298503809383, -32.50151122918994], [-71.45864185610037, -32.501144274310995], [-71.46038943416252, -32.49900811688911], [-71.46266804771163, -32.499658289936626], [-71.46278357644705, -32.50180163381601], [-71.45711088431112, -32.503453353894855], [-71.45320758043411, -32.50780200128945], [-71.45011066633988, -32.50891456902087], [-71.4474573133835, -32.5135536249897], [-71.44419429809828, -32.513939198916866], [-71.44316797827607, -32.5159704678797], [-71.43432108638875, -32.51610628620665], [-71.4285651042563, -32.50562545461435], [-71.42482192328205, -32.504008456502504], [-71.42579136627205, -32.50116923643015], [-71.42469022936308, -32.499481194258784], [-71.42835534763745, -32.49965252812753], [-71.42922749050577, -32.49728363948035], [-71.4316055933709, -32.49745957269993], [-71.42857531630445, -32.49333637925173], [-71.43022322269256, -32.48970991198722]]]}, "properties": {"NOM": "L\u00edmite urbano de Papudo", "COM": "Papudo", "REG": "Valpara\u00edso"}}, {"type": "Feature", "geometry": {"type": "Polygon", "coordinates": [[[-71.40678739145214, -32.71480285887628], [-71.41126847734685, -32.71602310280751], [-71.41148011324127, -32.720518422295314], [-71.41921698567809, -32.724004901572805], [-71.41814054345629, -32.724592558952374], [-71.42117759292167, -32.728756871375616], [-71.41196252561683, -32.729171194866815], [-71.40833897059403, -32.73355272889217], [-71.40454524591033, -32.732770260076585], [-71.4028922083453, -32.72943849127859], [-71.4040852770438, -32.72740670256191], [-71.40977923859073, -32.725010835371585], [-71.40396968273137, -32.71763694768544], [-71.4053113749987, -32.71702070025669], [-71.40420608248323, -32.715062169345366], [-71.40678739145214, -32.71480285887628]]]}, "properties": {"NOM": "L\u00edmite urbano de Puchuncav\u00ed", "COM": "Puchuncav\u00ed", "REG": "Valpara\u00edso"}}, {"type": "Feature", "geometry": {"type": "Polygon", "coordinates": [[[-71.44333735382627, -32.65086085833522], [-71.44353839678685, -32.650626919544706], [-71.44298214289492, -32.650464053928424], [-71.44331206625101, -32.64978514674863], [-71.44112437119182, -32.64773771413573], [-71.43892598707907, -32.64820038190249], [-71.43635639393808, -32.64329723593211], [-71.43420199223995, -32.6441311629948], [-71.43172737348237, -32.6418887067313], [-71.42987936646641, -32.63113937233843], [-71.42437262819776, -32.63312118262771], [-71.41929223754944, -32.630819023644584], [-71.41741118510743, -32.62694718006323], [-71.4155273514813, -32.626930962438294], [-71.41414790841249, -32.63015746747321], [-71.42084103640552, -32.634660022327786], [-71.42231935793599, -32.64351557836281], [-71.42425375144126, -32.64351162001653], [-71.42429631541606, -32.656021244316875], [-71.42757386095099, -32.645965802695976], [-71.435354537936, -32.64774041518421], [-71.44143498436257, -32.65384076364866], [-71.44005505710179, -32.66893721591554], [-71.43830594381882, -32.669343427897324], [-71.4399167497857, -32.67100845024234], [-71.4328625493541, -32.677721894210634], [-71.44010260403147, -32.684715896835556], [-71.44071527302154, -32.68800790724977], [-71.44811595814981, -32.693390683621196], [-71.45101213381233, -32.700402880585834], [-71.45498609827126, -32.70208586748311], [-71.467375389582, -32.71853960281496], [-71.48311370806977, -32.72358123577168], [-71.48554918633208, -32.72590921933533], [-71.48305332870625, -32.72988121794823], [-71.48614864918918, -32.73122316983315], [-71.48023002168463, -32.738219964822434], [-71.47515326382334, -32.73552419527884], [-71.47204879938916, -32.74045255862894], [-71.47009286158843, -32.73954635638307], [-71.4692045786894, -32.74131983037779], [-71.47298971907225, -32.74344584241327], [-71.47848011788422, -32.75041841623514], [-71.49082038004505, -32.74138241980369], [-71.49822533037428, -32.743716193103644], [-71.4984127746381, -32.73928385742046], [-71.50089787853167, -32.73821577114188], [-71.5000938989288, -32.73582487261978], [-71.50369393336251, -32.73500515759691], [-71.5022342581624, -32.7346621604422], [-71.5002724678376, -32.732552221943216], [-71.50271698674494, -32.72989389613821], [-71.50185553472683, -32.727090984597695], [-71.5060039313527, -32.72655305778664], [-71.50343057157573, -32.72593830330962], [-71.50264354138564, -32.724035843773166], [-71.50938369259055, -32.7179263681564], [-71.50924966395016, -32.71102249634545], [-71.50415437384456, -32.70983400641897], [-71.49757202160076, -32.7109960197202], [-71.49439195495226, -32.708272725061065], [-71.49185518445512, -32.70919162096954], [-71.4897914012096, -32.707971161891116], [-71.48638483873525, -32.71341340698877], [-71.4802436850601, -32.71544374898294], [-71.46964320358475, -32.71051879286762], [-71.457882944077, -32.694955718008615], [-71.45390657482805, -32.6925688707285], [-71.45504456062996, -32.690220558486125], [-71.45264571297, -32.689990750081904], [-71.44905049620112, -32.68666985814333], [-71.44434790372365, -32.67787996318105], [-71.44199682577555, -32.663639231870036], [-71.44399013708534, -32.658532835741276], [-71.44333735382627, -32.65086085833522]], [[-71.44334194601399, -32.6508176566721], [-71.44333735382627, -32.65086085833522], [-71.44332383507955, -32.650835774477045], [-71.44334194601399, -32.6508176566721]]]}, "properties": {"NOM": "L\u00edmite urbano de Maitencillo, Horc\u00f3n y Ventanas", "COM": "Puchuncav\u00ed", "REG": "Valpara\u00edso"}}, {"type": "Feature", "geometry": {"type": "Polygon", "coordinates": [[[-71.53462883950931, -32.765043419883305], [-71.53835396434636, -32.76684781591685], [-71.53756236173146, -32.76823313618736], [-71.53973632783817, -32.77199517789959], [-71.53904187802127, -32.77486675195799], [-71.534377348959, -32.777969604139145], [-71.53349847770922, -32.78306415410133], [-71.53773407110477, -32.78491913206742], [-71.54252963382426, -32.78351637338712], [-71.5438432097215, -32.79153414495691], [-71.54582652637545, -32.793637652320115], [-71.54558202022648, -32.79831321917451], [-71.53108173560877, -32.79980613248012], [-71.53143587484998, -32.802604237437556], [-71.52889432082395, -32.80285869170861], [-71.52786666969848, -32.79810730169779], [-71.49883473758156, -32.799554820494244], [-71.49322149235788, -32.79338312106325], [-71.49478370126451, -32.78955163311305], [-71.499041296198, -32.790981045514606], [-71.50149340227622, -32.789748444041635], [-71.49754384324692, -32.78189297220496], [-71.5010616198484, -32.77972529235908], [-71.51580873096346, -32.78439273707936], [-71.52609095011344, -32.78202209754458], [-71.52696802922424, -32.780977437501214], [-71.52513349873415, -32.77530308129292], [-71.52703030852457, -32.77553025364059], [-71.52642139718732, -32.77166533455867], [-71.53462883950931, -32.765043419883305]]]}, "properties": {"NOM": "L\u00edmite urbano de Quintero", "COM": "Quintero", "REG": "Valpara\u00edso"}}, {"type": "Feature", "geometry": {"type": "Polygon", "coordinates": [[[-71.23501083944195, -32.85568017320355], [-71.23733821803624, -32.854882689621846], [-71.23929949452469, -32.856256249429144], [-71.24112925316399, -32.863186611220165], [-71.2455481801326, -32.86783721994407], [-71.2539514884242, -32.8733206372733], [-71.25659054469284, -32.872494264920974], [-71.26412294529965, -32.877843801024866], [-71.26874342816689, -32.88606493812585], [-71.26851322409556, -32.888489949474085], [-71.27350972646936, -32.89358271769822], [-71.26643217523026, -32.898704503493846], [-71.26833443599783, -32.901275545911616], [-71.26296095830996, -32.90378052778144], [-71.26244990045663, -32.90206712823235], [-71.25972409028772, -32.90323721049622], [-71.25894733323122, -32.9017153928457], [-71.25745724556717, -32.90213666178566], [-71.2568908038816, -32.90017517722228], [-71.25929758456388, -32.90000716063653], [-71.25974039381181, -32.89823985818917], [-71.25286379121019, -32.89736939603302], [-71.24516416382338, -32.89942051278326], [-71.24375635195788, -32.89558020753803], [-71.24495335258239, -32.89913608001584], [-71.23825782159595, -32.89093021696981], [-71.2365038654953, -32.88649513766524], [-71.23622170825782, -32.87690759653176], [-71.23193963962272, -32.87717431706004], [-71.22596930239548, -32.85985759242847], [-71.22604538970005, -32.85855827879128], [-71.2348111098183, -32.85697036879111], [-71.23501083944195, -32.85568017320355]]]}, "properties": {"NOM": "L\u00edmite urbano de Quillota", "COM": "Quillota", "REG": "Valpara\u00edso"}}, {"type": "Feature", "geometry": {"type": "Polygon", "coordinates": [[[-71.6266739784781, -33.621841185984636], [-71.63446632996855, -33.621886450398776], [-71.63660234494945, -33.62835310475793], [-71.63819658238923, -33.65488068580428], [-71.64102032150052, -33.66742622647938], [-71.62062067015627, -33.67012668494689], [-71.59897373858277, -33.65580390531704], [-71.59687205990697, -33.66180216185555], [-71.58669985114163, -33.65987871879235], [-71.58515778875187, -33.656531089680485], [-71.59011620076102, -33.650589275077174], [-71.58966004075131, -33.64564664474027], [-71.59490142207494, -33.63928079264623], [-71.59543534564553, -33.6350094031762], [-71.59811471291421, -33.63307437637352], [-71.61173979859501, -33.63173758397485], [-71.61556214270534, -33.62883238867669], [-71.61879893616742, -33.623096051166804], [-71.6266739784781, -33.621841185984636]]]}, "properties": {"NOM": "L\u00edmite urbano de Santo Domingo", "COM": "Santo Domingo", "REG": "Valpara\u00edso"}}, {"type": "Feature", "geometry": {"type": "Polygon", "coordinates": [[[-71.58648650215997, -33.028755990588174], [-71.60312427140238, -33.03712431012841], [-71.6076281098266, -33.04152482241325], [-71.60843182981637, -33.03967877871785], [-71.60929588874544, -33.04217838428191], [-71.61948620485195, -33.04284211918169], [-71.62538484304478, -33.03944316211653], [-71.62610834797124, -33.03568688909001], [-71.626993624209, -33.03810325495269], [-71.62822243058449, -33.03633763256528], [-71.62657665320359, -33.033174651984716], [-71.62793660283073, -33.027681312479345], [-71.62587625833612, -33.02733885489215], [-71.62174015245998, -33.031293136699404], [-71.62064299059614, -33.031907591256456], [-71.62577835993646, -33.02713883573396], [-71.63114428728433, -33.026592697534944], [-71.63414656655834, -33.019775998387395], [-71.63906724213902, -33.017913766177884], [-71.64315063487427, -33.01886418494047], [-71.64480934709695, -33.021835073002876], [-71.64675540253126, -33.020251980475116], [-71.64746917600823, -33.02200728466273], [-71.64917767735551, -33.02165219335574], [-71.64763414083038, -33.023614482362916], [-71.64931025611504, -33.02661741334256], [-71.65386654986365, -33.02686315434158], [-71.65411168573164, -33.02914809806118], [-71.65648070842587, -33.02883617789375], [-71.65732278378333, -33.03485018580984], [-71.65621939389963, -33.03772516352312], [-71.65949848453684, -33.039852957871325], [-71.65843330449376, -33.04558302487829], [-71.66189194500006, -33.04838543506706], [-71.66034799794484, -33.049410191098346], [-71.66175210785306, -33.05074168439851], [-71.65851392469723, -33.05389437488486], [-71.66169653806958, -33.05514959744828], [-71.66106047784781, -33.06066937627547], [-71.64736892581915, -33.05790804880177], [-71.64155424417277, -33.06082098501159], [-71.64092899517546, -33.06670965838328], [-71.63724619895461, -33.06491792826204], [-71.63095553776841, -33.068701859179555], [-71.62962496215272, -33.06564333823876], [-71.63190400150327, -33.06487602767207], [-71.6296865793947, -33.06195050230493], [-71.61492524345712, -33.069441956654956], [-71.61096830836102, -33.06896325998279], [-71.60904971262835, -33.07067784201092], [-71.60491212722691, -33.061423902215104], [-71.60149080183918, -33.060051901538046], [-71.59571923842813, -33.07194216192204], [-71.587790085198, -33.07110097550299], [-71.58852197769428, -33.07538537552565], [-71.5853820864002, -33.077034675187264], [-71.58663277034611, -33.079102808659734], [-71.58230463610325, -33.08121788359774], [-71.57810432853208, -33.06860248606445], [-71.5798752502152, -33.06785660747131], [-71.57545277220623, -33.06306572426284], [-71.56965343378491, -33.0678946770963], [-71.56594356952792, -33.06782240577241], [-71.56277026899015, -33.0629918627137], [-71.55711142977421, -33.061426958096725], [-71.55903113312964, -33.05824872818514], [-71.55751435472185, -33.051826421458784], [-71.55874531795232, -33.05014050039234], [-71.56238695516346, -33.05131294274117], [-71.57226461802524, -33.04846881143446], [-71.57400793986957, -33.04345006693066], [-71.58214476113551, -33.037822344672534], [-71.58171395787132, -33.032431817068264], [-71.58648650215997, -33.028755990588174]]]}, "properties": {"NOM": "L\u00edmite urbano de Valpara\u00edso", "COM": "Valpara\u00edso", "REG": "Valpara\u00edso"}}, {"type": "Feature", "geometry": {"type": "Polygon", "coordinates": [[[-71.40039576681454, -33.04442484206815], [-71.40000562489338, -33.02943656512845], [-71.43155960501824, -33.02990058873873], [-71.43340115763888, -33.03284070028208], [-71.4447635703753, -33.032204637820186], [-71.4491941511881, -33.0353895424868], [-71.44572373376842, -33.04105815961768], [-71.45996282333579, -33.0430753049713], [-71.46705741741246, -33.04175100094506], [-71.47242695419115, -33.0387261542748], [-71.47034731747749, -33.03349534929079], [-71.47299299253315, -33.03120269031504], [-71.47944167725929, -33.02983158119629], [-71.48179151283738, -33.033964593108166], [-71.48610021831726, -33.036210989998516], [-71.48380740420016, -33.04246550595259], [-71.48445643339966, -33.048629186233846], [-71.48877853365877, -33.05396712672029], [-71.48651804631547, -33.058189778164525], [-71.48401368433883, -33.057877768083635], [-71.47707869843028, -33.053258350744635], [-71.47465310433101, -33.054387670679795], [-71.47301652569864, -33.0485245941702], [-71.46945605756162, -33.05175571662698], [-71.47107067148698, -33.05852355019374], [-71.45910486127254, -33.05905640680046], [-71.4596531650742, -33.05755489708616], [-71.4571160909465, -33.056706693091215], [-71.45202933663273, -33.05864155590589], [-71.4522514441884, -33.06296593447885], [-71.44013633217712, -33.06263979743662], [-71.4413485826019, -33.071522718835325], [-71.4368638297842, -33.06823752882218], [-71.43766216527214, -33.06644289831635], [-71.43367020755805, -33.06607969297737], [-71.43401421200622, -33.06823230433891], [-71.43080432937514, -33.07042695146716], [-71.43609578279269, -33.069354240697734], [-71.43544842535792, -33.07076914517824], [-71.43757749456503, -33.072512206979624], [-71.43464923108056, -33.073268022495476], [-71.4355987745904, -33.0773820039098], [-71.43328373076326, -33.07395983954953], [-71.43092441975557, -33.073813248760636], [-71.42666583937022, -33.07502937854017], [-71.42857510609866, -33.07691851650422], [-71.42766490340838, -33.078080717429366], [-71.42188303542271, -33.07768613907086], [-71.42410722723525, -33.0739477351935], [-71.42033902638373, -33.07702718851351], [-71.42122769555831, -33.079740786748694], [-71.42427830149965, -33.08079421617404], [-71.4225308231505, -33.08185935463765], [-71.41914973869423, -33.08078056972333], [-71.41553313214015, -33.07794025917806], [-71.41553680445304, -33.075798177567826], [-71.4126693146925, -33.07527959881187], [-71.41248541158751, -33.07292622617799], [-71.41028740386886, -33.07260614896062], [-71.41061843664433, -33.07553080522048], [-71.40899820555347, -33.07600028347552], [-71.40727797490354, -33.079977726408195], [-71.40725580717725, -33.08446689738343], [-71.40201444471825, -33.0856780621108], [-71.39874914142402, -33.0892716821174], [-71.39461381438721, -33.09041855381434], [-71.39217501864655, -33.0877151077434], [-71.39182283234278, -33.077239833586745], [-71.39517721168227, -33.07340133168739], [-71.40105582912236, -33.07019723244615], [-71.39873206445047, -33.05979246262093], [-71.39843990896387, -33.04617770549774], [-71.40046954814376, -33.04573416261355], [-71.40039576681454, -33.04442484206815]]]}, "properties": {"NOM": "L\u00edmite urbano de Quilpue", "COM": "Quilpue", "REG": "Valpara\u00edso"}}, {"type": "Feature", "geometry": {"type": "Polygon", "coordinates": [[[-71.55753576606665, -33.57663937135644], [-71.55598922467688, -33.571461884067816], [-71.5675026478058, -33.56859343562473], [-71.57084805656888, -33.56501191766068], [-71.56634695531132, -33.559779168717526], [-71.56851390557566, -33.55742325308375], [-71.57935122338408, -33.56159602266946], [-71.59349363176902, -33.56153173715403], [-71.60739610014154, -33.55680730834764], [-71.61029014320357, -33.55801296134166], [-71.61664611280924, -33.55645111529657], [-71.6274928647248, -33.551506124173514], [-71.62674893390539, -33.5532823832071], [-71.62809927155902, -33.55365446247979], [-71.62410788337682, -33.55883928019917], [-71.62640640449095, -33.562339455252825], [-71.62267303132296, -33.56431807760441], [-71.62573776237383, -33.56883908641751], [-71.62492080391172, -33.57138500009791], [-71.62805449054211, -33.57288092407325], [-71.62791891500281, -33.57534081193805], [-71.62472360753718, -33.580516496435656], [-71.62128795132573, -33.58176419490215], [-71.62209519271141, -33.58254024398383], [-71.6166569366101, -33.580711286191075], [-71.61442884431257, -33.58184080544799], [-71.61278633949429, -33.586559949192655], [-71.61422673056018, -33.587421069312406], [-71.61384643686948, -33.5855624934622], [-71.61482103708754, -33.585628362554516], [-71.61495458512924, -33.58769193472808], [-71.61747400825993, -33.58511602228561], [-71.61957286622572, -33.586073468340736], [-71.61582772512752, -33.589352227946925], [-71.61643068961759, -33.59350803972449], [-71.61808794207792, -33.594465902971194], [-71.61989428523101, -33.59363746476204], [-71.62381141957013, -33.585920991819435], [-71.62208154820057, -33.59138754951348], [-71.62403877777865, -33.60118597056366], [-71.6308463277827, -33.615032625516704], [-71.6354103730939, -33.617582454600345], [-71.62954724171098, -33.62190866033074], [-71.60853035793502, -33.6283265552113], [-71.59651325032462, -33.638729695448056], [-71.58881013657617, -33.6484214374395], [-71.57481191498087, -33.646355080245044], [-71.57055659098842, -33.641030467275385], [-71.5649976004146, -33.64276619476026], [-71.56627544312649, -33.6403637358711], [-71.56379278444713, -33.639640267255565], [-71.5547207451052, -33.641590749234105], [-71.54925712327523, -33.638599478782254], [-71.54381102577982, -33.64106141187411], [-71.54141250061502, -33.638540401371344], [-71.54333602540365, -33.63666996694043], [-71.53505810395941, -33.63437405381991], [-71.53719316852275, -33.63115347760988], [-71.53446129113242, -33.63064989492225], [-71.53327188486531, -33.627253479191246], [-71.54941904101193, -33.63068289490422], [-71.54997302845439, -33.63407412015794], [-71.55150640323704, -33.6343917049072], [-71.55408593713496, -33.63961700738159], [-71.5604949378851, -33.63669050821927], [-71.57154663683947, -33.63837218324755], [-71.57127163288658, -33.62664377073117], [-71.58428339021388, -33.62365844776277], [-71.58376639629314, -33.62102735826667], [-71.58920585074702, -33.612922244177234], [-71.582295740087, -33.6138838073631], [-71.5840906288219, -33.606081610458716], [-71.57644495425102, -33.60063233937964], [-71.57642408099709, -33.595020945318204], [-71.57383474468278, -33.591699418938056], [-71.57374096056714, -33.58746416441775], [-71.56707705656692, -33.5824858099929], [-71.56686356115985, -33.57900743027545], [-71.56449153270268, -33.576739731069985], [-71.55753576606665, -33.57663937135644]]]}, "properties": {"NOM": "L\u00edmite urbano de San Antonio", "COM": "San Antonio", "REG": "Valpara\u00edso"}}, {"type": "Feature", "geometry": {"type": "MultiPolygon", "coordinates": [[[[-71.37041414835566, -33.02614203878543], [-71.38681090409892, -33.02083098824699], [-71.3916819450652, -33.02083340831925], [-71.391653469369, -33.02461395758416], [-71.39424445139689, -33.025278280474375], [-71.39449121411388, -33.028409588422434], [-71.39956023388731, -33.02871595490021], [-71.40046954814376, -33.04573416261355], [-71.39843990896387, -33.04617770549774], [-71.40001102197161, -33.06578296467304], [-71.39885763904572, -33.067686655792144], [-71.38577230790003, -33.07514879008467], [-71.37947224135281, -33.07429048580038], [-71.38203078072422, -33.068141813077766], [-71.37715988079343, -33.06860930797621], [-71.37582972019942, -33.07441021450469], [-71.36736233957016, -33.07586357507462], [-71.37001369557167, -33.08052431713658], [-71.36723432335397, -33.081675140142934], [-71.3634380025391, -33.080427954638104], [-71.35392451130362, -33.06971729174913], [-71.34978318262239, -33.06737859401161], [-71.34472757739111, -33.068029668676864], [-71.34027160749342, -33.06406235863213], [-71.33737940597771, -33.06869576071907], [-71.33201117445113, -33.06958686470025], [-71.33204916420449, -33.066910637119655], [-71.32653436984435, -33.05559395876257], [-71.33104974623011, -33.04409393226315], [-71.33590687498757, -33.04502425110166], [-71.34124479915312, -33.043421706711484], [-71.34826130717369, -33.03588969408457], [-71.34781194830902, -33.033425418997275], [-71.35336000279254, -33.033081466218555], [-71.3589371689795, -33.029072027714996], [-71.36393585066618, -33.02886163642541], [-71.36491141567485, -33.027335788036574], [-71.37041414835566, -33.02614203878543]]], [[[-71.31555773860671, -33.04425880147738], [-71.31412319287836, -33.03167664355083], [-71.31520717466034, -33.03150782250756], [-71.3175975565971, -33.04439727960176], [-71.31635257425832, -33.05079147667808], [-71.31221332966857, -33.06102897661888], [-71.30861223252785, -33.061053141452696], [-71.30693815013068, -33.066128702677666], [-71.30578196176616, -33.06589244090535], [-71.30727285881228, -33.060866589395935], [-71.30933544729848, -33.05906848233657], [-71.31118572256054, -33.060535818169], [-71.31207319967076, -33.058911095937894], [-71.31582667533816, -33.04527542188149], [-71.31325936751125, -33.044744572975766], [-71.31555773860671, -33.04425880147738]]], [[[-71.29830038873644, -33.035412429588824], [-71.30449801590024, -33.03545201113491], [-71.3076338692671, -33.040397318784166], [-71.30111032433506, -33.03598500208152], [-71.29830038873644, -33.035412429588824]]]]}, "properties": {"NOM": "L\u00edmite urbano de Villa Alemana", "COM": "Villa Alemana", "REG": "Valpara\u00edso"}}, {"type": "Feature", "geometry": {"type": "Polygon", "coordinates": [[[-71.54636913934978, -33.078426754870165], [-71.55650098950434, -33.06821965717352], [-71.55549222815267, -33.06320885403508], [-71.55863073334625, -33.05822231368999], [-71.55708761094445, -33.05240617800611], [-71.55890250785566, -33.05061092051756], [-71.56488915669183, -33.05094433426014], [-71.57238927454226, -33.048475959439486], [-71.57528567568193, -33.044769529172626], [-71.5739952691325, -33.043403771289114], [-71.58208356610172, -33.03774813059668], [-71.58178755594423, -33.0324878788215], [-71.58713228305142, -33.028492376660495], [-71.58581602927632, -33.02539687301719], [-71.5768909623997, -33.027506928506675], [-71.57114504589, -33.02461694996961], [-71.56831230745622, -33.020645152410644], [-71.56574460077734, -33.020568702637696], [-71.56496070840252, -33.01890619630384], [-71.56288184064674, -33.019509767265305], [-71.5562044232897, -33.01416709337655], [-71.554286907332, -33.01158789447426], [-71.55540021461643, -33.01095415473415], [-71.55420795979158, -33.01152660739977], [-71.55239024935689, -33.0082890391933], [-71.54931399651417, -32.997313138509], [-71.54962748609046, -32.990764016372836], [-71.5468489448144, -32.988283719838186], [-71.5489911141533, -32.981840168613935], [-71.54604722986434, -32.978639084957244], [-71.54565580694559, -32.973165871815816], [-71.5474609751023, -32.96104333174828], [-71.55101017746735, -32.95701916840964], [-71.55036798444713, -32.955376449696665], [-71.54993184698681, -32.95674265282954], [-71.5475073659002, -32.95536515367764], [-71.54702665493377, -32.95326467431878], [-71.55088775775538, -32.94536663606629], [-71.5472730268836, -32.94542156054576], [-71.54005926589461, -32.950943566417784], [-71.50693517168861, -32.96174271992507], [-71.49710277044242, -32.9697812589249], [-71.49752063347493, -32.98357577886606], [-71.49292061602651, -32.98825940318555], [-71.48724634016071, -32.98973361753148], [-71.48193964772267, -32.9944842860325], [-71.47945776518772, -32.992130626071564], [-71.47366017309129, -32.99259923488005], [-71.47460947046272, -33.00029228196141], [-71.47687223952684, -33.0000813548913], [-71.4782456782563, -33.00274682540167], [-71.48190787700601, -33.001464863219276], [-71.48210070756826, -33.004152727601614], [-71.49299243723178, -33.002239046958934], [-71.49241649406547, -33.004398212548246], [-71.49534535133634, -33.0069707543439], [-71.49478747239206, -33.01014638459623], [-71.49658362236163, -33.012706416967454], [-71.48408983632211, -33.016335628173636], [-71.48171914725302, -33.023977083313035], [-71.4771737851031, -33.02342027013727], [-71.47549261499833, -33.02492042010537], [-71.47977633204198, -33.02882420440553], [-71.48015391012557, -33.03184006892926], [-71.48534358352312, -33.0357957084014], [-71.48394743807822, -33.04239182366122], [-71.4846565448073, -33.04857070188809], [-71.48660351921814, -33.04909409214279], [-71.48639954595309, -33.0520060309324], [-71.48923897593743, -33.05386155842279], [-71.48308423973519, -33.06355344276696], [-71.49180531627876, -33.06488320295282], [-71.49750846848936, -33.07600906720919], [-71.50378448623809, -33.07935149310267], [-71.5086301129667, -33.08513198436288], [-71.51221019671625, -33.08624761774715], [-71.51715494534993, -33.0933009316983], [-71.52053222184769, -33.095354982026436], [-71.52167169076816, -33.09550296303995], [-71.52177213768829, -33.09269117732733], [-71.52801244201457, -33.088628558172], [-71.54153994729931, -33.09401577537592], [-71.54123350680307, -33.089413255727585], [-71.54514291832571, -33.084226073242014], [-71.54636913934978, -33.078426754870165]], [[-71.546356204508, -33.07831784146092], [-71.54632167955668, -33.07814758180111], [-71.54634038607416, -33.07822560371954], [-71.546356204508, -33.07831784146092]]]}, "properties": {"NOM": "L\u00edmite urbano de Vi\u00f1a del Mar", "COM": "Vi\u00f1a del Mar", "REG": "Valpara\u00edso"}}, {"type": "Feature", "geometry": {"type": "Polygon", "coordinates": [[[-71.4281047482159, -33.736623079958605], [-71.42187312341186, -33.737174883298565], [-71.41991295993604, -33.73637990592787], [-71.42015239509523, -33.7345841676683], [-71.42574850136164, -33.7340086441665], [-71.42938624437603, -33.73119649341396], [-71.43025386692184, -33.73285142299142], [-71.42764636397754, -33.73501124289772], [-71.4281047482159, -33.736623079958605]]]}, "properties": {"NOM": "L\u00edmite urbano de Cuncum\u00e9n", "COM": "San Antonio", "REG": "Valpara\u00edso"}}, {"type": "Feature", "geometry": {"type": "Polygon", "coordinates": [[[-71.61187885420773, -33.493985247851526], [-71.61403399252441, -33.48491371174678], [-71.62069014586035, -33.488913035700484], [-71.62174720243833, -33.480206337707536], [-71.62573890772582, -33.47480634339248], [-71.64620161900638, -33.46501632305158], [-71.64128050774278, -33.46544632931711], [-71.64114098231116, -33.46413133327962], [-71.622026314387, -33.460626026057], [-71.62024625773576, -33.45821975688615], [-71.62600871582308, -33.45367149295724], [-71.63406307893246, -33.451815189433006], [-71.64355608408789, -33.44425336618721], [-71.64646030955367, -33.444173485502326], [-71.64672570961784, -33.44045334311123], [-71.65048493540138, -33.439653423015564], [-71.67127822401153, -33.44368847006426], [-71.67606335818887, -33.44327747625228], [-71.67996913422955, -33.44559628360077], [-71.68068800295083, -33.44790740686398], [-71.67612776020823, -33.45118697037819], [-71.67648098586278, -33.45365185323935], [-71.67136870232694, -33.45620607274556], [-71.67202675151023, -33.457757331460684], [-71.6593503586347, -33.46103932683951], [-71.64860430067597, -33.474941679970605], [-71.64496131868682, -33.48293400470791], [-71.64567698581244, -33.48546336539836], [-71.64049579161285, -33.489031230563896], [-71.64195195350187, -33.49071591462041], [-71.64041846912477, -33.49168789557841], [-71.64443405612408, -33.49495854579976], [-71.63642987470311, -33.49619731272687], [-71.6350308312931, -33.5000593367425], [-71.63672213888586, -33.501467131092596], [-71.63439122901418, -33.50285290318062], [-71.62901837026556, -33.500320534943825], [-71.62002474845804, -33.50210217529683], [-71.60844181369242, -33.52079542087528], [-71.6048032523128, -33.51859501493654], [-71.59808098836183, -33.518510858220125], [-71.60149484605459, -33.50662028859605], [-71.60099144184747, -33.500433373982986], [-71.60383140093953, -33.50049534456491], [-71.61187885420773, -33.493985247851526]]]}, "properties": {"NOM": "L\u00edmite urbano de El Tabo", "COM": "El Tabo", "REG": "Valpara\u00edso"}}, {"type": "Feature", "geometry": {"type": "Polygon", "coordinates": [[[-70.94334871299282, -32.2564318464578], [-70.93739667624455, -32.25399377889224], [-70.92293316236636, -32.25267563305765], [-70.92522832557795, -32.24839296931239], [-70.94810102901789, -32.2530964319774], [-70.94493381815941, -32.25701595901289], [-70.94334871299282, -32.2564318464578]]]}, "properties": {"NOM": "L\u00edmite urbano de Petorca", "COM": "Petorca", "REG": "Valpara\u00edso"}}, {"type": "Feature", "geometry": {"type": "Polygon", "coordinates": [[[-71.23230680443554, -32.813712448962406], [-71.23633354581574, -32.82015422797994], [-71.232267893909, -32.821644085447595], [-71.23540628232158, -32.827128253861304], [-71.23503320479757, -32.839303296865246], [-71.23299106825544, -32.84510900648718], [-71.2368553017058, -32.85508352667231], [-71.22981952841562, -32.855945327609284], [-71.22610472881446, -32.84710711695307], [-71.22442241425601, -32.83745959114298], [-71.22415918721651, -32.81806637136742], [-71.23230680443554, -32.813712448962406]]]}, "properties": {"NOM": "L\u00edmite urbano de La Cruz", "COM": "La Cruz", "REG": "Valpara\u00edso"}}, {"type": "Feature", "geometry": {"type": "Polygon", "coordinates": [[[-71.52544516293376, -33.58668246998011], [-71.53111886118282, -33.5833591804337], [-71.53028116870566, -33.58642089582428], [-71.53202151802472, -33.58699007965789], [-71.52607300806226, -33.58866790315755], [-71.52544516293376, -33.58668246998011]]]}, "properties": {"NOM": "L\u00edmite urbano de Malvilla", "COM": "San Antonio", "REG": "Valpara\u00edso"}}, {"type": "Feature", "geometry": {"type": "Polygon", "coordinates": [[[-71.43896136273496, -33.61470718094891], [-71.44792421454905, -33.61169199601153], [-71.45709259551025, -33.610815881752664], [-71.45881326363974, -33.612144276436304], [-71.4393909182392, -33.61588571415855], [-71.43896136273496, -33.61470718094891]]]}, "properties": {"NOM": "L\u00edmite urbano de Leyda", "COM": "San Antonio", "REG": "Valpara\u00edso"}}, {"type": "Feature", "geometry": {"type": "MultiPolygon", "coordinates": [[[[-71.46393752261663, -32.49987282974447], [-71.46536367089371, -32.49786649347468], [-71.46648403713965, -32.50219067270634], [-71.4682371227728, -32.50184610890928], [-71.46805671411428, -32.50348637322886], [-71.47120741663278, -32.50462221230085], [-71.47008838528338, -32.50467951051749], [-71.47289748994034, -32.50855528964263], [-71.4719951106779, -32.50994539651031], [-71.47497030664438, -32.51295369888619], [-71.47473524448397, -32.52015491644427], [-71.47662464137665, -32.522385250333066], [-71.47169289765337, -32.52657019321723], [-71.47107882279987, -32.52882747859601], [-71.46804268242956, -32.53006632206812], [-71.47015380419562, -32.53459028620666], [-71.46965983140065, -32.537533483478256], [-71.46581728148465, -32.54222132396658], [-71.46736811682148, -32.54540953447097], [-71.46454792515723, -32.54549350649224], [-71.46068739186754, -32.549307095772676], [-71.46159162525277, -32.551885226274315], [-71.46434850275743, -32.55322835955476], [-71.4690216718161, -32.55101318590383], [-71.47202176459068, -32.55178209865974], [-71.47035610030602, -32.553660857484594], [-71.46806243099277, -32.553476506911835], [-71.46855567435571, -32.55556314444074], [-71.46574324233892, -32.562407624827685], [-71.45811958278071, -32.56767344165464], [-71.45928329723071, -32.56918240030027], [-71.45816837387707, -32.57088598227683], [-71.46083326479494, -32.57337963099247], [-71.45831520800182, -32.57740457540735], [-71.45915270374795, -32.578354746656245], [-71.45535513157989, -32.57830688717403], [-71.45717187902059, -32.58110692631788], [-71.45821277221165, -32.580588386317544], [-71.45803099452066, -32.582848029260134], [-71.4560647575352, -32.584610818905624], [-71.44887155628811, -32.58530433688788], [-71.43996712820515, -32.594450121334795], [-71.43604841372945, -32.60376073850191], [-71.43624997411963, -32.61016149792994], [-71.43168656391734, -32.62155487799293], [-71.43067964321368, -32.63272124018457], [-71.42899474330385, -32.630940161759504], [-71.42455561591943, -32.632913336363806], [-71.41961601553066, -32.63111905056927], [-71.41929276216557, -32.6289149933295], [-71.41581489052565, -32.62595514868171], [-71.4141647419426, -32.630069644538565], [-71.40426185887921, -32.6295840673247], [-71.39840349216057, -32.62483349399111], [-71.39909133756352, -32.62144991855761], [-71.397604491021, -32.62113475881122], [-71.39802669920454, -32.6189530334654], [-71.39603867178523, -32.61874477219881], [-71.39728322562763, -32.61593808225772], [-71.40026888966213, -32.61367759162367], [-71.40288045209317, -32.61405709224788], [-71.40571123669123, -32.609403609224344], [-71.41123422728002, -32.61067193057742], [-71.42184762652916, -32.60820006925886], [-71.42199200915151, -32.605271220013734], [-71.4189834578402, -32.60079257992413], [-71.4226001066151, -32.59902599838555], [-71.42406417547525, -32.59561930985751], [-71.42681742378619, -32.59570928115247], [-71.42664939211566, -32.59328273171338], [-71.42890514443911, -32.594407253447976], [-71.42726821366712, -32.591398319456935], [-71.42842050963154, -32.59058965046132], [-71.42660382417456, -32.58948144676923], [-71.4310134122575, -32.5890478197037], [-71.43017733045964, -32.585011795987114], [-71.43276379935155, -32.58061080041432], [-71.43164030966336, -32.580121974874615], [-71.43070465680276, -32.582206274428], [-71.43037500743284, -32.58064273316903], [-71.42886651059368, -32.580714860761844], [-71.42618278110595, -32.58306196922455], [-71.42744661369267, -32.57893093648207], [-71.42638522274345, -32.57928070016828], [-71.4252092732393, -32.57663310938635], [-71.42721178060268, -32.573564332804445], [-71.42559592071399, -32.574249283663995], [-71.42651321560344, -32.57190006254702], [-71.42405472969006, -32.572014335418764], [-71.42479242620138, -32.570319464918924], [-71.42938430042175, -32.56754803444361], [-71.43142181153848, -32.56854409597225], [-71.43057286406912, -32.565463481247015], [-71.43330669260025, -32.56482395956144], [-71.43387497493381, -32.562706677874566], [-71.43511332231591, -32.56453413868137], [-71.44232521121586, -32.56345963381811], [-71.44267019752263, -32.56496081163036], [-71.44706393034079, -32.56529808194446], [-71.44948298829804, -32.569378904782916], [-71.44897418880933, -32.563929913596596], [-71.45310709847968, -32.560157070962774], [-71.44592104243236, -32.55807085295025], [-71.44501818257122, -32.554948207859304], [-71.44636478413156, -32.55249869142319], [-71.4434186765123, -32.55006743033184], [-71.45010664907393, -32.548431226066235], [-71.45231783238285, -32.543765131240846], [-71.45561019383177, -32.54637380064242], [-71.45883583830283, -32.54487589445737], [-71.45935007439564, -32.540678884316684], [-71.46413014027816, -32.53649794228792], [-71.45945886935971, -32.53053920343607], [-71.46337838872591, -32.5238884723607], [-71.46619857320361, -32.52274902816192], [-71.46524227975274, -32.51776237777221], [-71.46858093857476, -32.514303940400154], [-71.4665664827198, -32.509254842221836], [-71.46457303666271, -32.51199492584683], [-71.46095213077166, -32.50603365284389], [-71.46393752261663, -32.49987282974447]], [[-71.43694758151477, -32.57180358342646], [-71.43568491314467, -32.57297087881013], [-71.43754230665704, -32.574246653070524], [-71.43963899788638, -32.57289605303665], [-71.43694758151477, -32.57180358342646]]], [[[-71.45740098714728, -32.584883062156436], [-71.4597251937903, -32.58671285801939], [-71.45825480618045, -32.587976339394565], [-71.45614963126155, -32.58725405129809], [-71.45740098714728, -32.584883062156436]]]]}, "properties": {"NOM": "L\u00edmite urbano de Zapallar", "COM": "Zapallar", "REG": "Valpara\u00edso"}}, {"type": "Feature", "geometry": {"type": "Polygon", "coordinates": [[[-71.55601304979486, -33.10560055828666], [-71.56741223686402, -33.10640905279794], [-71.57628373181036, -33.104962961967416], [-71.57708595430854, -33.109245226228545], [-71.57893088459466, -33.11049839799114], [-71.58770346245178, -33.11163847212822], [-71.5952997341736, -33.10719253365994], [-71.60104414870014, -33.10684651084817], [-71.60677506424291, -33.117329969941245], [-71.60624398114524, -33.120882008706936], [-71.6157330669511, -33.11747152092883], [-71.61617643135789, -33.1274673384494], [-71.60854919830149, -33.13429745735442], [-71.60647099260406, -33.13187057612655], [-71.60272559728264, -33.134295817467425], [-71.59768824491961, -33.14436501717683], [-71.5881831735933, -33.153794948077135], [-71.57964046743085, -33.17073664439168], [-71.55103337106966, -33.1588021035285], [-71.55146900367681, -33.156491655101384], [-71.556592069691, -33.15298869107159], [-71.56345102039728, -33.1385108434667], [-71.55997459414665, -33.13741441117008], [-71.55786802234752, -33.141237267432594], [-71.5510545784969, -33.140698162463174], [-71.54256575598015, -33.132271562735156], [-71.53844626264853, -33.124379691918186], [-71.5420735304084, -33.11782600382033], [-71.54642297897801, -33.117338380123954], [-71.54584410550724, -33.11551940166822], [-71.54866737659626, -33.11461710903961], [-71.54806538049007, -33.11102680510519], [-71.5531697534615, -33.10981866608094], [-71.55601304979486, -33.10560055828666]]]}, "properties": {"NOM": "L\u00edmite urbano de Placilla", "COM": "Valpara\u00edso", "REG": "Valpara\u00edso"}}, {"type": "Feature", "geometry": {"type": "Polygon", "coordinates": [[[-71.0562759704786, -32.42515699091461], [-71.0558741998661, -32.420392565500855], [-71.05055320175717, -32.41928918863425], [-71.05097579980952, -32.41800735329937], [-71.07575876441294, -32.42637120773413], [-71.07913071120613, -32.42892126248968], [-71.07981892761329, -32.43315856857551], [-71.08585691247299, -32.437854923494235], [-71.08454639533929, -32.43898620345047], [-71.08236163148287, -32.437281634809686], [-71.07984972365786, -32.440066909899954], [-71.08248390476945, -32.443120098873685], [-71.0772021145294, -32.444716620873955], [-71.07629677711469, -32.4429717418895], [-71.0777532480242, -32.438384127425834], [-71.07250360848815, -32.43707472758753], [-71.06931182421509, -32.439126856672246], [-71.06550731076483, -32.433568639894425], [-71.0676569774431, -32.43282943065706], [-71.06506885385443, -32.42920908599275], [-71.0562759704786, -32.42515699091461]]]}, "properties": {"NOM": "L\u00edmite urbano de Cabildo", "COM": "Cabildo", "REG": "Valpara\u00edso"}}, {"type": "Feature", "geometry": {"type": "Polygon", "coordinates": [[[-71.07276458255292, -32.41629412755156], [-71.07057752619592, -32.41395606923601], [-71.07299119426143, -32.412057875814114], [-71.07372650933894, -32.414688488196425], [-71.0788263161738, -32.417187477540885], [-71.07655748437983, -32.4188445362001], [-71.07276458255292, -32.41629412755156]]]}, "properties": {"NOM": "L\u00edmite urbano de San Jos\u00e9", "COM": "Cabildo", "REG": "Valpara\u00edso"}}, {"type": "Feature", "geometry": {"type": "Polygon", "coordinates": [[[-71.18187020200419, -32.78966906845389], [-71.18341660146014, -32.78636850887362], [-71.18897901281855, -32.78187693829748], [-71.19706370754349, -32.78067060240286], [-71.21598480020204, -32.78256277534623], [-71.22149647201823, -32.78550007176752], [-71.2268693747843, -32.79099044134447], [-71.21112639583684, -32.80033081808296], [-71.20164780864172, -32.79508650722273], [-71.19936388694762, -32.79702860555741], [-71.19745918186418, -32.80233975203631], [-71.19084238282251, -32.796527316089076], [-71.18911136250769, -32.790148327279404], [-71.18128618478009, -32.79244162448446], [-71.18187020200419, -32.78966906845389]]]}, "properties": {"NOM": "L\u00edmite urbano de La Calera", "COM": "La Calera", "REG": "Valpara\u00edso"}}, {"type": "Feature", "geometry": {"type": "Polygon", "coordinates": [[[-71.18387525249813, -32.77548345589737], [-71.19252546723715, -32.76840262146976], [-71.19388390140644, -32.76391616604575], [-71.19899079325393, -32.76580102128952], [-71.20018429853367, -32.7685532971922], [-71.19392917110686, -32.769829791889045], [-71.19407877473765, -32.77533752690296], [-71.19721747217066, -32.77424744471467], [-71.19765667558107, -32.776189577365905], [-71.20055926162146, -32.77566040409332], [-71.20524146593525, -32.77295109625278], [-71.20964576653442, -32.77574941847627], [-71.2026433467924, -32.77850461027385], [-71.1891383002881, -32.77865119796132], [-71.18432555998375, -32.78048049244415], [-71.18147233187666, -32.783225351875856], [-71.17886887314778, -32.79094673131941], [-71.17083340250714, -32.78636365967278], [-71.18387525249813, -32.77548345589737]]]}, "properties": {"NOM": "L\u00edmite urbano de  Artificio", "COM": "La Calera", "REG": "Valpara\u00edso"}}, {"type": "Feature", "geometry": {"type": "Polygon", "coordinates": [[[-71.50641985132926, -32.92084805751825], [-71.51100314304541, -32.91741787710299], [-71.51538801757654, -32.91998134667767], [-71.51878190482223, -32.917755116788406], [-71.52337885182904, -32.91770863453822], [-71.52580162791324, -32.92416812642202], [-71.53374447416326, -32.93044029843384], [-71.53847547316664, -32.930479665438476], [-71.53796040972544, -32.92941235061621], [-71.54129505397646, -32.929086463782056], [-71.54018644937253, -32.928561173123946], [-71.54201650176091, -32.927635514865344], [-71.53972159367088, -32.92782463191368], [-71.54356534732939, -32.926689765216416], [-71.55149976019551, -32.92842236311734], [-71.54991004128162, -32.93544068238307], [-71.55355332151143, -32.93831391691581], [-71.55295293698286, -32.94082528324385], [-71.55473226330378, -32.94213572859918], [-71.55315088165403, -32.94188196398889], [-71.55165827780885, -32.94525220355002], [-71.54724164244253, -32.94541272384176], [-71.53993527233425, -32.95087120070363], [-71.50936039568197, -32.96049401968054], [-71.510341036172, -32.95759392464636], [-71.50889642302424, -32.95301257587216], [-71.51315435841923, -32.94541824207027], [-71.51436233735483, -32.93952920903741], [-71.51204573315404, -32.929344703866434], [-71.50676595064864, -32.92529168262262], [-71.50641985132926, -32.92084805751825]]]}, "properties": {"NOM": "L\u00edmite urbano de Conc\u00f3n", "COM": "Conc\u00f3n", "REG": "Valpara\u00edso"}}, {"type": "Feature", "geometry": {"type": "Polygon", "coordinates": [[[-71.46060384405455, -32.92366720660248], [-71.46533937416022, -32.92077599670258], [-71.47365500598178, -32.92236348899453], [-71.47580593748796, -32.92422984813757], [-71.47472342984136, -32.92542290524581], [-71.47669210305786, -32.93151460151072], [-71.48049577748166, -32.93349137332646], [-71.48193143532433, -32.94175379414766], [-71.48416325652859, -32.944689716834816], [-71.48320840936535, -32.95057332697034], [-71.47092220961491, -32.943612887746085], [-71.4691985779433, -32.946490198918376], [-71.4618788939042, -32.94604218715242], [-71.46074145337964, -32.94428772625935], [-71.46230061430255, -32.94154262546282], [-71.45106926396946, -32.940787459545135], [-71.447972659794, -32.9381081561683], [-71.44870610817235, -32.9326240172879], [-71.44460086840935, -32.933960900938494], [-71.444981364221, -32.93742347399921], [-71.44252309659821, -32.93917613279081], [-71.43398031767225, -32.93647107451208], [-71.43335993215386, -32.93100909988431], [-71.43863597317612, -32.933342998035585], [-71.44266466929037, -32.92996326503289], [-71.45693543614962, -32.926677713024205], [-71.4589380504125, -32.923714524971025], [-71.46060384405455, -32.92366720660248]]]}, "properties": {"NOM": "L\u00edmite urbano de Conc\u00f3n", "COM": "Conc\u00f3n", "REG": "Valpara\u00edso"}}, {"type": "Feature", "geometry": {"type": "Polygon", "coordinates": [[[-71.17276715281865, -33.67238636315147], [-71.19083482529602, -33.67434230496569], [-71.21590576462671, -33.67241770017897], [-71.2268395525135, -33.67439664057473], [-71.2283191927708, -33.678761096298544], [-71.239690292216, -33.6719352849741], [-71.24619694882068, -33.68042589766033], [-71.2438738794448, -33.68329650945181], [-71.24419484749583, -33.68722854365633], [-71.24259574298385, -33.68955432821641], [-71.22782054873637, -33.69424949986587], [-71.22522709723975, -33.69807558159237], [-71.22664383117265, -33.70192652436464], [-71.22371826263404, -33.70073320038213], [-71.22273964245508, -33.70494473311538], [-71.21697675048146, -33.70790263428699], [-71.21631475320251, -33.71083218481888], [-71.21540444720598, -33.70279366272594], [-71.20993742525266, -33.70313210890645], [-71.20858744063695, -33.69914009469023], [-71.2053235710539, -33.69993405154527], [-71.20454444963157, -33.69710476663188], [-71.20171314311234, -33.697078765198135], [-71.20196256933413, -33.69590949747692], [-71.19888409944932, -33.694906686458], [-71.20026054573835, -33.69062090068637], [-71.19571012427674, -33.686961426515396], [-71.19628473074992, -33.685032987030375], [-71.19386912681496, -33.6847997019141], [-71.1942822431495, -33.68181357154357], [-71.18834113620329, -33.679514084393986], [-71.1876831930212, -33.6828163925661], [-71.16854161965597, -33.6798663118244], [-71.16788615582408, -33.675531083129854], [-71.17230658657249, -33.67584432107328], [-71.17276715281865, -33.67238636315147]]]}, "properties": {"NOM": "L\u00edmite urbano de Melipilla", "COM": "Melipilla", "REG": "Metropolitana"}}, {"type": "Feature", "geometry": {"type": "Polygon", "coordinates": [[[-71.15118507781202, -33.66118402476374], [-71.14927408452161, -33.65572215322091], [-71.14618130177936, -33.65328953371083], [-71.14709014801356, -33.64790478156218], [-71.14982504643817, -33.64546295441285], [-71.15530510474291, -33.64445843402616], [-71.15616531978088, -33.646061101374244], [-71.15413701819244, -33.64711516314005], [-71.15453756799447, -33.65047499300979], [-71.15657768063228, -33.651675390207295], [-71.15525755871154, -33.656275532160635], [-71.15148302204233, -33.655326521239516], [-71.15118507781202, -33.66118402476374]]]}, "properties": {"NOM": "L\u00edmite urbano de Pomaire", "COM": "Melipilla", "REG": "Metropolitana"}}, {"type": "Feature", "geometry": {"type": "MultiPolygon", "coordinates": [[[[-71.12795516918084, -33.38985945000924], [-71.12589946089139, -33.38742459498726], [-71.13418041594636, -33.38356908856239], [-71.1442029096898, -33.39842938696046], [-71.16040637852662, -33.40052734013394], [-71.15482402007733, -33.4123573866385], [-71.1562104125132, -33.41215618442414], [-71.15763295046115, -33.41695192552504], [-71.15602882706166, -33.417470285052765], [-71.1537717030108, -33.41507284695473], [-71.14786190055561, -33.41657915880618], [-71.14445809860413, -33.41520347637699], [-71.14229378220021, -33.41219791590865], [-71.13702614491747, -33.412930798732205], [-71.13117142535887, -33.410347716100596], [-71.12497708782566, -33.41031327094051], [-71.12555952131989, -33.40859323316902], [-71.11807612291351, -33.40158704290853], [-71.11663255989635, -33.39673362715678], [-71.10903163669799, -33.39317668702551], [-71.11742494584216, -33.38669263711549], [-71.12019022259473, -33.39046742313336], [-71.12795516918084, -33.38985945000924]]], [[[-71.16808701013846, -33.407644004317675], [-71.17753758516807, -33.404297857459454], [-71.18038416933533, -33.40530926575163], [-71.17802858543776, -33.40793319690242], [-71.16782802674037, -33.41016696265556], [-71.16808701013846, -33.407644004317675]]]]}, "properties": {"NOM": "L\u00edmite urbano de Curacav\u00ed", "COM": "Curacav\u00ed", "REG": "Metropolitana"}}, {"type": "Feature", "geometry": {"type": "Polygon", "coordinates": [[[-71.299402342214, -34.297246954084684], [-71.2974928329404, -34.28887411793052], [-71.29945815005102, -34.284743217253315], [-71.30294909217832, -34.28352963030634], [-71.3027456246648, -34.28041747355556], [-71.30548699724767, -34.27991266852136], [-71.31048618378755, -34.288665449544276], [-71.31498892267386, -34.28766798894441], [-71.31448374159912, -34.29643803156929], [-71.31180807538938, -34.29697162524075], [-71.31128123952638, -34.29473807178045], [-71.299402342214, -34.297246954084684]]]}, "properties": {"NOM": "L\u00edmite urbano de Las Cabras", "COM": "Las Cabras", "REG": "O'Higgins"}}, {"type": "Feature", "geometry": {"type": "Polygon", "coordinates": [[[-71.6702828664222, -34.72883185986864], [-71.65912320434374, -34.73311038289966], [-71.65304011417531, -34.737741790527245], [-71.65069582120252, -34.74146715575616], [-71.65029878111831, -34.746044998858295], [-71.64639057423648, -34.74342584912083], [-71.64416767150635, -34.74419373968378], [-71.64580914146546, -34.73873178733814], [-71.64503192986143, -34.73632162869549], [-71.64213565179097, -34.734828506489016], [-71.64434993159266, -34.731753284225114], [-71.63706224823895, -34.724485664143124], [-71.63653556329291, -34.72205581916523], [-71.63769519040834, -34.72041420870847], [-71.64154208996698, -34.72429361500544], [-71.64219968819599, -34.723013462327195], [-71.64427131732721, -34.72506675636678], [-71.65298540497787, -34.72753234618573], [-71.6633606428789, -34.727485267077036], [-71.66391027079729, -34.725123951102546], [-71.66515286182077, -34.72527205579574], [-71.66432478311376, -34.72755241609606], [-71.6702828664222, -34.72883185986864]]]}, "properties": {"NOM": "L\u00edmite urbano de Lolol", "COM": "Lolol", "REG": "O'Higgins"}}, {"type": "Feature", "geometry": {"type": "Polygon", "coordinates": [[[-71.71464270462135, -34.108342475538215], [-71.7144270290031, -34.10592983912338], [-71.72096062428652, -34.10905362262718], [-71.72046275459988, -34.10646816856303], [-71.7246598902198, -34.106896422864956], [-71.72730264215751, -34.109680467392685], [-71.72729705733138, -34.11226708691807], [-71.73709254231098, -34.11394561158277], [-71.73167623205207, -34.1172246219259], [-71.73286928188594, -34.118143865820926], [-71.72988598401392, -34.121738221874466], [-71.7288301464498, -34.130956169895995], [-71.72659061231049, -34.13127302363774], [-71.71464270462135, -34.108342475538215]]]}, "properties": {"NOM": "L\u00edmite urbano de Litueche", "COM": "Litueche", "REG": "O'Higgins"}}, {"type": "Feature", "geometry": {"type": "Polygon", "coordinates": [[[-71.3777245896288, -34.32204180677905], [-71.37248262979014, -34.31698750857362], [-71.38093175216122, -34.30950034363235], [-71.36798314011018, -34.29400220461974], [-71.37012908327162, -34.29238036326194], [-71.38316810177284, -34.30803693254118], [-71.40001573722854, -34.29465541182887], [-71.40538292311614, -34.2944964273768], [-71.40477257088118, -34.29652644125449], [-71.40690248270802, -34.29849545957123], [-71.40353374559534, -34.29929355873939], [-71.40331802416301, -34.303876991085076], [-71.38998302694534, -34.31304874366192], [-71.38630203005003, -34.32012503230496], [-71.38366359272062, -34.31750840615029], [-71.3777245896288, -34.32204180677905]]]}, "properties": {"NOM": "L\u00edmite urbano de Patagua", "COM": "Pichidegua", "REG": "O'Higgins"}}, {"type": "Feature", "geometry": {"type": "Polygon", "coordinates": [[[-71.54879081230283, -34.46123912826056], [-71.54458809634835, -34.44877592346081], [-71.55078541898325, -34.44608345607167], [-71.5526457257321, -34.45291679219116], [-71.55116118785986, -34.45385914533029], [-71.55128421303634, -34.46116256302874], [-71.54879081230283, -34.46123912826056]]]}, "properties": {"NOM": "L\u00edmite urbano de Poblaci\u00f3n", "COM": "Peralillo", "REG": "O'Higgins"}}, {"type": "Feature", "geometry": {"type": "Polygon", "coordinates": [[[-71.47262929521733, -34.48076143308921], [-71.47075000077832, -34.47776539855896], [-71.47747345679367, -34.474866906675175], [-71.47906212288208, -34.47048890445926], [-71.48769835354706, -34.47423375105134], [-71.48499346693777, -34.481218925787054], [-71.48162748855131, -34.48135892010541], [-71.4786602723195, -34.48384856581115], [-71.47714068757477, -34.48141064484244], [-71.47392025872225, -34.482778273850066], [-71.47262929521733, -34.48076143308921]]]}, "properties": {"NOM": "L\u00edmite urbano de Peralillo", "COM": "Peralillo", "REG": "O'Higgins"}}, {"type": "Feature", "geometry": {"type": "Polygon", "coordinates": [[[-71.72914913820718, -33.950044167652784], [-71.72715395211337, -33.94810058124196], [-71.72919803889796, -33.942939167965775], [-71.7367048680619, -33.939414281109734], [-71.74296590909823, -33.93963980334361], [-71.74570101054212, -33.94570353287319], [-71.74997453170727, -33.94724998298583], [-71.75394604646043, -33.94605679431748], [-71.75467247719976, -33.94750820532406], [-71.74442338881579, -33.94971456203369], [-71.74097809637627, -33.95285141770169], [-71.73756955491336, -33.95339055827118], [-71.73610702396897, -33.95182439626636], [-71.73504175409434, -33.954199213168906], [-71.73283678263562, -33.953222980840614], [-71.73293534578858, -33.94986232393775], [-71.72914913820718, -33.950044167652784]]]}, "properties": {"NOM": "L\u00edmite urbano de Rapel", "COM": "Navidad", "REG": "O'Higgins"}}, {"type": "Feature", "geometry": {"type": "Polygon", "coordinates": [[[-71.8307988899206, -33.94843933285373], [-71.83596047120258, -33.93686313950708], [-71.84070144779382, -33.9331572396711], [-71.83892077220337, -33.92615951882758], [-71.84470115886712, -33.92176652064346], [-71.84199382704362, -33.91310258955729], [-71.83241113049698, -33.906005003537395], [-71.83313829246497, -33.904368057453866], [-71.8361837160254, -33.90364939216023], [-71.84527377647026, -33.91063801241679], [-71.84631379649886, -33.91575691740384], [-71.84968195599482, -33.9207858560209], [-71.85088939594127, -33.93646615378763], [-71.85454863474209, -33.94244824166011], [-71.84986947571713, -33.94345820683072], [-71.8490915427659, -33.94185899519285], [-71.84311060182506, -33.94407520045123], [-71.84232300659465, -33.947920052366506], [-71.83598141452512, -33.94978367127638], [-71.83696047038697, -33.951446809833435], [-71.83455110345501, -33.95267874460701], [-71.82771884259412, -33.9625130824861], [-71.82461182335128, -33.96053817446326], [-71.8189390934861, -33.96167343483335], [-71.81924870773022, -33.959295512366225], [-71.82254661717434, -33.95807503325412], [-71.82448835800031, -33.95924291692339], [-71.82470445043685, -33.95735391657906], [-71.82917080216427, -33.95444775373111], [-71.82847267464457, -33.951691268994644], [-71.8307988899206, -33.94843933285373]]]}, "properties": {"NOM": "L\u00edmite urbano de Navidad", "COM": "Navidad", "REG": "O'Higgins"}}, {"type": "Feature", "geometry": {"type": "Polygon", "coordinates": [[[-71.8668578268722, -33.95088919244758], [-71.87065022294759, -33.9526433036921], [-71.87518990504996, -33.961240945692914], [-71.8832695916672, -33.9631612163282], [-71.88499444594592, -33.97244898933472], [-71.88020622875052, -33.97412996176878], [-71.87594470638263, -33.96467536806459], [-71.86934123564482, -33.9657047697422], [-71.86746221878525, -33.96413478952971], [-71.86501635779486, -33.95990980869635], [-71.86909774638875, -33.95692545219644], [-71.8668578268722, -33.95088919244758]]]}, "properties": {"NOM": "L\u00edmite urbano de Matanzas", "COM": "Navidad", "REG": "O'Higgins"}}, {"type": "Feature", "geometry": {"type": "Polygon", "coordinates": [[[-71.84898195818272, -34.01659277586286], [-71.84607991562308, -34.017674174375905], [-71.842538146817, -34.01643098711924], [-71.84467878632498, -34.012793599767576], [-71.84249432699744, -34.012104936557655], [-71.84333905507991, -34.00818653017938], [-71.84453215521947, -34.008420349561874], [-71.84345296325458, -34.00753483529502], [-71.84463469880747, -34.00810246114414], [-71.8474720887178, -34.00381336515501], [-71.85063886209673, -34.0039112400149], [-71.84994480125033, -34.001696194589066], [-71.85264276723868, -34.00195813906612], [-71.85295941169822, -33.99892185037468], [-71.85661480570965, -33.99553306968882], [-71.86313297422468, -33.99249672712184], [-71.86262441907773, -33.98746186602286], [-71.85988023656465, -33.98374218688851], [-71.86668857079793, -33.98308367499021], [-71.86765362461946, -33.984273643435394], [-71.8697372444631, -33.98167387382149], [-71.87738036332698, -33.982626577814216], [-71.88410689068229, -33.980503779628584], [-71.8840986630126, -33.985367364625986], [-71.88829573934372, -33.99041617518825], [-71.88268829364348, -33.99565908425293], [-71.88051752284424, -33.990233585814515], [-71.86838590878119, -33.98595453253404], [-71.86824667709867, -33.99067500982173], [-71.86397062268442, -33.99318803844439], [-71.86042184432418, -33.99838332688791], [-71.85698170012957, -34.000482623030756], [-71.85416879649723, -34.006010876879884], [-71.84928386218677, -34.009346973718166], [-71.84715778436956, -34.013579068217965], [-71.84898195818272, -34.01659277586286]]]}, "properties": {"NOM": "L\u00edmite urbano de Pupuya y La Vega de Pupuya", "COM": "Navidad", "REG": "O'Higgins"}}, {"type": "Feature", "geometry": {"type": "Polygon", "coordinates": [[[-71.9955489320678, -34.40813031931584], [-71.98952112961186, -34.404505719137], [-71.98915545151084, -34.39590671457183], [-71.98747026953001, -34.3931897537229], [-71.98209671728199, -34.38832290477069], [-71.98007747250824, -34.389606999382075], [-71.97468548323734, -34.3818198401904], [-71.98771593630234, -34.385382501616434], [-71.99303792255809, -34.37925832370534], [-71.99823684770476, -34.381415897652424], [-72.00134832259144, -34.38023991405661], [-72.0083081172732, -34.38346698591095], [-72.01661817774335, -34.38049060185176], [-72.01990375691187, -34.38839995558415], [-72.02488652224835, -34.38980907048537], [-72.02667853188278, -34.39415878014594], [-72.02592107333352, -34.39796318048374], [-72.02957089779018, -34.40233894247767], [-72.03131359081382, -34.415586030012655], [-72.03518108874192, -34.423205517430084], [-72.04012182639784, -34.42624189629437], [-72.04548728662176, -34.424697706602124], [-72.0492506608253, -34.425419568715135], [-72.04808382383139, -34.42627339977462], [-72.04951212806515, -34.42667491250231], [-72.04928800379164, -34.429271843067355], [-72.04547750486662, -34.433661733875915], [-72.03127830409113, -34.46502533888285], [-72.02615181729234, -34.48008310641565], [-72.02522001461107, -34.48739349553043], [-72.02337086853132, -34.48761505622495], [-72.02098971858075, -34.481855861161996], [-72.01828329675062, -34.48267540361344], [-72.01665833063991, -34.48698790087981], [-72.01517253153304, -34.4863801419893], [-72.01122037008436, -34.49035342984442], [-72.00747787182972, -34.490391589127846], [-72.00583355421118, -34.48791283204204], [-72.00940188170861, -34.48724357391611], [-72.00758705127274, -34.48547208655279], [-72.00902028276583, -34.48230011099757], [-72.00737293872307, -34.48024957998008], [-72.0086421315571, -34.4786815302595], [-72.01310794519365, -34.4788192924859], [-72.01154234335017, -34.476077275172486], [-72.015447216584, -34.476282868132294], [-72.01358398671722, -34.4730254479084], [-72.01787215670971, -34.47044988957983], [-72.02323589306663, -34.45945159734645], [-72.02325047002874, -34.455976572960424], [-72.02093294415648, -34.45180211465492], [-72.01390574348903, -34.4481675129122], [-72.01081778739484, -34.44337188781542], [-72.01328774838767, -34.44555083508685], [-72.01853010887496, -34.446611194758724], [-72.02010874437487, -34.44554465081852], [-72.01893244632438, -34.441972862307104], [-72.02103282783291, -34.44505310743934], [-72.02435673182639, -34.445272818881286], [-72.02532376912806, -34.44249528183469], [-72.02318014272177, -34.44146673439062], [-72.02878597055616, -34.442089526016886], [-72.02779983327491, -34.44077547984146], [-72.02966525233605, -34.43395567015067], [-72.02572747381338, -34.43018648783876], [-72.02171378046269, -34.42284071026461], [-72.01550201201968, -34.42006927698516], [-72.01498532352613, -34.41608906210677], [-72.0099469776264, -34.408245327125066], [-72.00447343390412, -34.408032967550156], [-71.99845304524418, -34.40485931457716], [-71.9955489320678, -34.40813031931584]]]}, "properties": {"NOM": "L\u00edmite urbano de Pichilemu", "COM": "Pichilemu", "REG": "O'Higgins"}}, {"type": "Feature", "geometry": {"type": "Polygon", "coordinates": [[[-71.430531709551, -34.20785687279301], [-71.43229489045133, -34.20552000847389], [-71.43613738736677, -34.20710155368243], [-71.43934345485283, -34.205773551689255], [-71.43955913855592, -34.20354489353112], [-71.44149627551607, -34.20525958568163], [-71.44923043414244, -34.20142587850482], [-71.44976056861914, -34.19965607421702], [-71.45206068424288, -34.1990316414708], [-71.4501256780866, -34.19540877440791], [-71.4544401965647, -34.19594864401901], [-71.45558054224085, -34.193695488338975], [-71.45898274788608, -34.19351519449727], [-71.45660851047163, -34.19590641178891], [-71.45947830710584, -34.19711014353811], [-71.46326009946762, -34.19413600421248], [-71.46248221951701, -34.19786385665391], [-71.46466229776091, -34.196695948669486], [-71.46480060238206, -34.19885788694181], [-71.4671178048608, -34.19820897700734], [-71.4707102386489, -34.20186078028569], [-71.46868068301234, -34.205508328863125], [-71.46311560275922, -34.20764305414508], [-71.46078099093026, -34.20674056308036], [-71.46045415238886, -34.20379404147731], [-71.45964104769934, -34.20683500075268], [-71.45682634024993, -34.20482094291896], [-71.45829764953127, -34.20763480559543], [-71.45672208447301, -34.209932487647855], [-71.4538200679645, -34.20966143059046], [-71.44968558983564, -34.212835559127946], [-71.45063338163067, -34.215025466915456], [-71.45300654555837, -34.21230161730811], [-71.46177087508455, -34.20879118524592], [-71.45736048929766, -34.2131303939509], [-71.45533505423329, -34.2187288810818], [-71.45061454845073, -34.22270076263141], [-71.4435338692778, -34.224118302846364], [-71.44416743667465, -34.22169644588954], [-71.44012102937626, -34.22203349709338], [-71.44220469233903, -34.22516062063917], [-71.43633705231169, -34.22545068098457], [-71.44098816862844, -34.22780075693874], [-71.44027894422004, -34.22909821046209], [-71.43798570340319, -34.22864769230037], [-71.43936093966154, -34.23012788283275], [-71.43767518814882, -34.23202201419725], [-71.43245696090162, -34.23472098683731], [-71.43334705480427, -34.23231794196232], [-71.43036559668194, -34.23230554268182], [-71.42802088778917, -34.2338643485352], [-71.4301471829987, -34.23409890603792], [-71.42933167801074, -34.23550336395745], [-71.42470164335708, -34.23549487528351], [-71.43005232809122, -34.23759297688743], [-71.43136522216716, -34.23590671460456], [-71.43392178075338, -34.236519097798706], [-71.431719628208, -34.241037776383614], [-71.42520305869417, -34.24276035459104], [-71.42608441109078, -34.244045321889764], [-71.43070941517884, -34.24226481921883], [-71.42825102179192, -34.24647365216218], [-71.42376596444535, -34.24573234343011], [-71.42082280689347, -34.24747460292113], [-71.42102169569401, -34.248601342555226], [-71.42420700041892, -34.24708805400286], [-71.42735389767388, -34.24784155026756], [-71.42698006736165, -34.25162738582673], [-71.4250498061067, -34.25183258278364], [-71.42739353853074, -34.252420679712785], [-71.42539351500912, -34.260701748155164], [-71.42314353076812, -34.25808181264836], [-71.40964413915853, -34.26010133100078], [-71.41290532008394, -34.256998169311736], [-71.42594200745698, -34.232779620204326], [-71.42374071100608, -34.23037815983186], [-71.43516323091647, -34.221635938368394], [-71.43572534990886, -34.218470108789155], [-71.44074084805769, -34.217141874414835], [-71.44069309092222, -34.2157354537539], [-71.430531709551, -34.20785687279301]]]}, "properties": {"NOM": "L\u00edmite urbano de Las Cabras sector El Manzano - LLallauqu\u00e9n", "COM": "Las Cabras", "REG": "O'Higgins"}}, {"type": "Feature", "geometry": {"type": "Polygon", "coordinates": [[[-71.37951242928368, -34.26064020919667], [-71.37848902718952, -34.25903681787937], [-71.38473016874565, -34.25378688327997], [-71.38549244406146, -34.24802323155402], [-71.38906516432067, -34.24962340074253], [-71.3859080460344, -34.257145253025044], [-71.38083203916469, -34.2615922215787], [-71.37951242928368, -34.26064020919667]]]}, "properties": {"NOM": "L\u00edmite urbano de Las Cabras sector El Carmen", "COM": "Las Cabras", "REG": "O'Higgins"}}, {"type": "Feature", "geometry": {"type": "Polygon", "coordinates": [[[-71.39621383967237, -34.16328116587741], [-71.39760391879418, -34.16347465548813], [-71.39758850909377, -34.1664805849616], [-71.40089275884715, -34.164090174736266], [-71.40387870225771, -34.16743091315066], [-71.40322252516349, -34.1822392912091], [-71.40006799672018, -34.18335064764408], [-71.39540171234987, -34.17008354701936], [-71.39621383967237, -34.16328116587741]]]}, "properties": {"NOM": "L\u00edmite urbano de Las Cabras sector El Manzano", "COM": "Las Cabras", "REG": "O'Higgins"}}, {"type": "Feature", "geometry": {"type": "Polygon", "coordinates": [[[-71.47399238086314, -34.174674134061824], [-71.46590146350822, -34.178701375817106], [-71.46287822204707, -34.18330625775498], [-71.46193322041934, -34.19128044171124], [-71.4584693005141, -34.19111140374264], [-71.46722795628095, -34.175466375008845], [-71.47399238086314, -34.174674134061824]]]}, "properties": {"NOM": "L\u00edmite urbano de Las Cabras sector Las Balsas", "COM": "La Cabras", "REG": "O'Higgins"}}, {"type": "Feature", "geometry": {"type": "Polygon", "coordinates": [[[-71.62483196322508, -34.397968062966335], [-71.61708183524792, -34.40337793731701], [-71.61333689088076, -34.39590113371301], [-71.62258447630057, -34.39349157705598], [-71.62483196322508, -34.397968062966335]]]}, "properties": {"NOM": "L\u00edmite urbano de Marchig\u00fce", "COM": "Marchihue", "REG": "O'Higgins"}}, {"type": "Feature", "geometry": {"type": "Polygon", "coordinates": [[[-71.65730486688499, -34.60277686360494], [-71.65760661098892, -34.604983587219216], [-71.65495511754517, -34.60627590725998], [-71.65238692218276, -34.60528932138987], [-71.65040052340906, -34.598831828214806], [-71.65306931211698, -34.59779526285238], [-71.65730486688499, -34.60277686360494]]]}, "properties": {"NOM": "L\u00edmite urbano de Pumanque", "COM": "Pumanque", "REG": "O'Higgins"}}, {"type": "Feature", "geometry": {"type": "Polygon", "coordinates": [[[-71.74540923414456, -34.65935216484511], [-71.7446963383216, -34.66295913116847], [-71.73521479387257, -34.6616004293706], [-71.73606065383231, -34.65773267434667], [-71.7385725535725, -34.65828986222734], [-71.73946137007079, -34.655568790263274], [-71.74172425142433, -34.65608335459929], [-71.74098733914224, -34.658357965929795], [-71.74540923414456, -34.65935216484511]]]}, "properties": {"NOM": "L\u00edmite urbano de Nilahue Cornejo", "COM": "Pumanque", "REG": "O'Higgins"}}, {"type": "Feature", "geometry": {"type": "Polygon", "coordinates": [[[-71.84107226964817, -34.76588749667732], [-71.83731197666607, -34.77247647223577], [-71.83249401804825, -34.77049726243085], [-71.83585465145876, -34.76450433860101], [-71.84107226964817, -34.76588749667732]]]}, "properties": {"NOM": "L\u00edmite urbano de San Pedro de Alc\u00e1ntara", "COM": "Paredones", "REG": "O'Higgins"}}, {"type": "Feature", "geometry": {"type": "Polygon", "coordinates": [[[-71.91241708126564, -34.648914533230105], [-71.90842861530307, -34.6560948236291], [-71.90152948834402, -34.653254536915234], [-71.89519388174922, -34.65896979501776], [-71.88957077482033, -34.65780792904525], [-71.88991015743636, -34.65474121295905], [-71.89407722464709, -34.65424488872977], [-71.8957358991405, -34.65218995031224], [-71.89380684701793, -34.64224230467652], [-71.9002008153601, -34.64059844076285], [-71.90749881945813, -34.647738183584636], [-71.91241708126564, -34.648914533230105]]]}, "properties": {"NOM": "L\u00edmite urbano de Paredones", "COM": "Paredones", "REG": "O'Higgins"}}, {"type": "Feature", "geometry": {"type": "Polygon", "coordinates": [[[-72.04926920025612, -34.64661452791822], [-72.0461691537365, -34.64797152662774], [-72.04478096826332, -34.65069525708615], [-72.04395368995523, -34.64938043830883], [-72.03854019681306, -34.648778670144104], [-72.0372769544195, -34.64650261276067], [-72.03487789026555, -34.64800004422695], [-72.03109888807103, -34.647558492196175], [-72.03168985915373, -34.64595788323029], [-72.03009428951236, -34.6441508304767], [-72.03867215573503, -34.63510666381275], [-72.04269835812607, -34.63590673947909], [-72.0440062611623, -34.63934926045532], [-72.04668922977697, -34.63996664286672], [-72.04915311636185, -34.64297987927936], [-72.04926920025612, -34.64661452791822]]]}, "properties": {"NOM": "L\u00edmite urbano de Bucalemu", "COM": "Paredones", "REG": "O'Higgins"}}, {"type": "Feature", "geometry": {"type": "Polygon", "coordinates": [[[-71.65330875985259, -34.1974988625811], [-71.6557615279892, -34.204180712615205], [-71.65804125455092, -34.20261462255537], [-71.66082567350391, -34.203200624896645], [-71.66338542470262, -34.20699145115178], [-71.6589136291846, -34.20759706863759], [-71.65739549701568, -34.210159044016386], [-71.65041869632726, -34.21214042164208], [-71.64648782315419, -34.20873249748181], [-71.64397463253495, -34.2018938473211], [-71.64175782577236, -34.20168026021091], [-71.64567179804166, -34.20131789047575], [-71.64474667523285, -34.197821120144276], [-71.64871002879165, -34.19841252021571], [-71.64952097393125, -34.201564290088534], [-71.65151842827113, -34.20154949690442], [-71.65330875985259, -34.1974988625811]]]}, "properties": {"NOM": "L\u00edmite urbano de La Estrella", "COM": "La Estrella", "REG": "O'Higgins"}}, {"type": "Feature", "geometry": {"type": "MultiPolygon", "coordinates": [[[[-72.07469533524677, -34.79841474794525], [-72.0779797277408, -34.79843683879812], [-72.0781368556604, -34.800089581031486], [-72.076213733317, -34.80324131443695], [-72.07768508481917, -34.810225408161415], [-72.0733589951419, -34.81435831067885], [-72.07456810685306, -34.817720064564384], [-72.06445523540553, -34.81814691588433], [-72.06666322700023, -34.82021842489042], [-72.06750644231977, -34.82861444972884], [-72.07172052555583, -34.82880688593761], [-72.07393223797249, -34.82475818529701], [-72.0782521122063, -34.82582930321148], [-72.07915432797539, -34.827535381210645], [-72.0725335790414, -34.832408572449005], [-72.07165253386863, -34.83484896449677], [-72.06870001497316, -34.83347514463134], [-72.06800808762557, -34.836138555008816], [-72.06056907048581, -34.834888120133556], [-72.0631777304602, -34.8329336837261], [-72.06761251089695, -34.83342993909006], [-72.07030301637687, -34.8306185595674], [-72.06736933066132, -34.83076417587291], [-72.06404825276773, -34.827091975793074], [-72.06587225949426, -34.824321413624986], [-72.06330397879191, -34.81879335517909], [-72.05800886473955, -34.81702012609466], [-72.04804248875189, -34.81826972753524], [-72.04508011264284, -34.81748930585322], [-72.04430959438598, -34.81561519337702], [-72.05364758356103, -34.81332979979381], [-72.05846187974744, -34.80814655166087], [-72.06163313122806, -34.80940789181803], [-72.06557473837046, -34.81639566157485], [-72.06997159193594, -34.816731754804195], [-72.06872498544311, -34.81192455117091], [-72.07035005126681, -34.81060810691927], [-72.07074200329326, -34.80699549564972], [-72.07386589199885, -34.80440517544422], [-72.07313213909163, -34.79924318148996], [-72.07469533524677, -34.79841474794525]]], [[[-72.05192283977507, -34.79177852558476], [-72.0523781311139, -34.790630222936215], [-72.0540755238944, -34.79150342104156], [-72.05955624246086, -34.796860529794], [-72.05266352587965, -34.79992332412445], [-72.04563744900464, -34.808736617097566], [-72.0387153763783, -34.81156253935876], [-72.03504057426518, -34.80011184994683], [-72.04565590309554, -34.80039906523134], [-72.04871216123664, -34.79866452833607], [-72.04837514927466, -34.795751838788135], [-72.05192283977507, -34.79177852558476]]], [[[-72.04278171549623, -34.847942760733645], [-72.0456176151015, -34.847375467466044], [-72.0465017298176, -34.845746204617775], [-72.04968138324108, -34.843491557091184], [-72.05105447791578, -34.83837757543866], [-72.05478472494659, -34.83788323151659], [-72.05642652818065, -34.841919866426075], [-72.05512642611436, -34.844072595998355], [-72.06018894747503, -34.842056500436854], [-72.06061651680419, -34.836265117892204], [-72.06547767450571, -34.83591385344828], [-72.07014921132547, -34.83810674063316], [-72.06945856048391, -34.83936901777156], [-72.06555102194865, -34.83905985837094], [-72.06596541568754, -34.84198244340527], [-72.06103692296726, -34.844176640491646], [-72.05262896140248, -34.845528050937496], [-72.05205338564713, -34.843102911716784], [-72.04699726568117, -34.846005641639174], [-72.0456882505306, -34.84921234096267], [-72.04278171549623, -34.847942760733645]]], [[[-72.03990082826152, -34.84024790083551], [-72.04215618442792, -34.84022723605293], [-72.04076628047761, -34.84490037215798], [-72.04217376445803, -34.846987576188184], [-72.03893954107599, -34.846746559803044], [-72.03871589201127, -34.84970925014217], [-72.03273699653434, -34.844445210390376], [-72.03990082826152, -34.84024790083551]]], [[[-72.03843253462458, -34.851128112130965], [-72.04163749987781, -34.85363300086148], [-72.04186917359296, -34.854895889820895], [-72.03974262505852, -34.85528297422834], [-72.03636316026471, -34.851179840217256], [-72.03843253462458, -34.851128112130965]]], [[[-72.04266401912602, -34.848045867012694], [-72.04015879746167, -34.848153661143094], [-72.03943862348828, -34.849650225000566], [-72.03937160287987, -34.84720037151066], [-72.04266401912602, -34.848045867012694]]]]}, "properties": {"NOM": "L\u00edmite Urbano de Vichuqu\u00e9n", "COM": "Vichuqu\u00e9n", "REG": "Maule"}}, {"type": "Feature", "geometry": {"type": "Polygon", "coordinates": [[[-72.56158629669262, -35.79324004609194], [-72.5651311574999, -35.795842376071285], [-72.56773058908136, -35.79518154821258], [-72.5719482673752, -35.80388488943402], [-72.579817580231, -35.81459770509935], [-72.5951485944841, -35.81698376041438], [-72.6006584022961, -35.82160342196125], [-72.61466547499188, -35.82592908714386], [-72.63263670434034, -35.84154904147138], [-72.63934691829012, -35.84153527320797], [-72.6428913389229, -35.844799919565226], [-72.64761598234564, -35.84540522410321], [-72.64240567374769, -35.85100498222521], [-72.64395467202976, -35.85589284837914], [-72.63072059604268, -35.851299496491585], [-72.62392663036238, -35.8451871960177], [-72.62319963548103, -35.84021818616352], [-72.6214291656505, -35.83882496364374], [-72.61934619528883, -35.839939750724156], [-72.62133166610283, -35.837165045054284], [-72.6153597011283, -35.83218662998483], [-72.61232261932356, -35.831226115006515], [-72.6128885723256, -35.83216567691429], [-72.61233192586992, -35.832963202809644], [-72.60950329004203, -35.83095034492914], [-72.60654446497328, -35.83365279370123], [-72.6046769914651, -35.8286189553434], [-72.60209299024527, -35.82779952915436], [-72.60100069096207, -35.82913458982559], [-72.60031219428055, -35.826371864897226], [-72.5993871056077, -35.82743964951818], [-72.59461451819992, -35.82499000713543], [-72.59413368596094, -35.822849813969896], [-72.58983600550454, -35.82353866604019], [-72.5912645684531, -35.822679396574806], [-72.58726987267401, -35.82199791271703], [-72.58613393233601, -35.81945944807352], [-72.5803024701601, -35.82153122654349], [-72.58131576620734, -35.8195889786517], [-72.5783881980189, -35.81840795433581], [-72.57563948260689, -35.819748168416915], [-72.57541354373653, -35.82293048144106], [-72.57335187602348, -35.82030263425541], [-72.57127545977012, -35.82138957573231], [-72.56534592042983, -35.819191284738565], [-72.56422541943661, -35.8124680678398], [-72.55740285049932, -35.812012409481326], [-72.54957434181867, -35.8056640090662], [-72.54469810948837, -35.800524896478365], [-72.5430916190281, -35.79506502842692], [-72.54352941298183, -35.79411754204535], [-72.55853964872843, -35.797621733388446], [-72.56158629669262, -35.79324004609194]]]}, "properties": {"NOM": "L\u00edmite Urbano de Pelluhue", "COM": "Pelluhue", "REG": "Maule"}}, {"type": "Feature", "geometry": {"type": "Polygon", "coordinates": [[[-72.18192326465014, -34.95018005061521], [-72.18057649959638, -34.949113930658584], [-72.18379237578708, -34.947500740376235], [-72.18549529949475, -34.94409978815167], [-72.18096273294776, -34.93762012755825], [-72.18285440706968, -34.93636871371884], [-72.18695597092653, -34.94227552494699], [-72.18716848716993, -34.94522085563559], [-72.1853953439531, -34.949985227882195], [-72.18192326465014, -34.95018005061521]]]}, "properties": {"NOM": "L\u00edmite Urbano de Iloca", "COM": "Licant\u00e9n", "REG": "Maule"}}, {"type": "Feature", "geometry": {"type": "Polygon", "coordinates": [[[-71.64729357064154, -35.089343270175526], [-71.6496536838448, -35.08830192647347], [-71.66221445186515, -35.08932641836114], [-71.66280625748276, -35.09237603801331], [-71.65226950698523, -35.09287152355748], [-71.64729357064154, -35.089343270175526]]]}, "properties": {"NOM": "L\u00edmite Urbano de La Huerta", "COM": "Huala\u00f1\u00e9", "REG": "Maule"}}, {"type": "Feature", "geometry": {"type": "Polygon", "coordinates": [[[-71.80598499722025, -34.973347434581925], [-71.80791101663043, -34.97205379382341], [-71.8098562303433, -34.97439663538553], [-71.79919965895992, -34.98001372856741], [-71.79757385292443, -34.97681373047604], [-71.80427917914072, -34.972455569434096], [-71.80598499722025, -34.973347434581925]]]}, "properties": {"NOM": "L\u00edmite Urbano de Huala\u00f1e", "COM": "Huala\u00f1\u00e9", "REG": "Maule"}}, {"type": "Feature", "geometry": {"type": "MultiPolygon", "coordinates": [[[[-72.27652082456493, -35.5901052279136], [-72.27954252811031, -35.58618412358847], [-72.28379029367795, -35.58780893037749], [-72.28366867705984, -35.58947534074561], [-72.27624686535272, -35.596091487346435], [-72.27184608345452, -35.59573429842834], [-72.27652082456493, -35.5901052279136]]], [[[-72.26937679979142, -35.595027653639306], [-72.270233318262, -35.59412455562549], [-72.27099814030163, -35.594625956108445], [-72.27014891884612, -35.59549309440465], [-72.26937679979142, -35.595027653639306]]]]}, "properties": {"NOM": "L\u00edmite Urbano de Empedrado", "COM": "Empedrado", "REG": "Maule"}}, {"type": "Feature", "geometry": {"type": "Polygon", "coordinates": [[[-72.3570210328945, -35.96254867809945], [-72.36346905286732, -35.96215702906888], [-72.36448135178459, -35.9650544323596], [-72.35351318806681, -35.968983016304364], [-72.34961675270846, -35.969611864647696], [-72.34840405132941, -35.96807988808904], [-72.3570210328945, -35.96254867809945]]]}, "properties": {"NOM": "L\u00edmite Urbano de Santa Sof\u00eda", "COM": "Cauquenes", "REG": "Maule"}}, {"type": "Feature", "geometry": {"type": "Polygon", "coordinates": [[[-72.3080095959833, -35.97778403396842], [-72.31941592376069, -35.9790788224721], [-72.32033639329633, -35.981009516294606], [-72.31867766220904, -35.98221806874669], [-72.32474989983055, -35.990888928746216], [-72.31101563111349, -35.99530671659061], [-72.30148274974262, -35.99120564920264], [-72.30084615861652, -35.9845037886398], [-72.30519743256278, -35.983727424496244], [-72.30401532870063, -35.98033905313184], [-72.3080095959833, -35.97778403396842]]]}, "properties": {"NOM": "L\u00edmite Urbano de Barrio Estaci\u00f3n", "COM": "Cauquenes", "REG": "Maule"}}, {"type": "Feature", "geometry": {"type": "Polygon", "coordinates": [[[-72.34172609677982, -35.948746407551674], [-72.3481463138946, -35.94463140672515], [-72.34961263393288, -35.9405538846477], [-72.35634849119072, -35.9369801444157], [-72.35524151972399, -35.94358932905143], [-72.35098443593189, -35.94992166248577], [-72.35105352446207, -35.95450469481543], [-72.3419128978499, -35.95897729165984], [-72.341629534175, -35.961476616003914], [-72.33929993494532, -35.961190616600526], [-72.33969599856083, -35.96788701844329], [-72.33105595903903, -35.97228887859812], [-72.31448646714811, -35.97337275227983], [-72.31313475058052, -35.971327298292195], [-72.30908689160464, -35.97075512988918], [-72.30864265673033, -35.96555373883707], [-72.30262532773226, -35.965472615272844], [-72.29798521128617, -35.95881579878699], [-72.29453804226604, -35.95880117180475], [-72.2943041470172, -35.95753409373194], [-72.31106321846735, -35.955315310757925], [-72.31203394784484, -35.952840496158224], [-72.31436177380014, -35.952518762660155], [-72.31441790323404, -35.95432521562841], [-72.31191966507272, -35.9558842970143], [-72.31341596368864, -35.96145174966141], [-72.32012688551083, -35.962525037980946], [-72.33135514653765, -35.95777843974089], [-72.33245040756636, -35.95491651779395], [-72.33083023217105, -35.95338289048551], [-72.33496033460615, -35.952494630867896], [-72.33324301539604, -35.95042980859651], [-72.34172609677982, -35.948746407551674]]]}, "properties": {"NOM": "L\u00edmite Urbano de Cauquenes", "COM": "Cauquenes", "REG": "Maule"}}, {"type": "Feature", "geometry": {"type": "MultiPolygon", "coordinates": [[[[-72.41580415392181, -35.317200415590904], [-72.4164710506123, -35.31617722931663], [-72.42083188532814, -35.3212042900132], [-72.42508919819065, -35.32228172626738], [-72.42622082392035, -35.32560420471145], [-72.42941325498043, -35.32610624971154], [-72.43087276399221, -35.32802589199973], [-72.43522271472006, -35.327777051088795], [-72.43568222275081, -35.33722549082395], [-72.43833980497556, -35.33925548276222], [-72.4394694337504, -35.349221603132364], [-72.4154043461282, -35.345716743599176], [-72.40365090752839, -35.34118640820304], [-72.39825272886517, -35.34457436075613], [-72.39331699572372, -35.34256906173415], [-72.40561329343622, -35.33366942595064], [-72.40712893547517, -35.324936552106294], [-72.40959001033319, -35.32068318543109], [-72.41580415392181, -35.317200415590904]]], [[[-72.43563895449685, -35.33126864416544], [-72.4359316597524, -35.330752150446024], [-72.43643549515085, -35.33088385296797], [-72.43614779620638, -35.331389763284996], [-72.43563895449685, -35.33126864416544]]]]}, "properties": {"NOM": "L\u00edmite Urbano de Constituci\u00f3n", "COM": "Constituci\u00f3n", "REG": "Maule"}}, {"type": "Feature", "geometry": {"type": "Polygon", "coordinates": [[[-72.0924868188934, -35.542074383976164], [-72.09374738520573, -35.54412527898831], [-72.08900765278116, -35.54638669987809], [-72.0875824935492, -35.544400595166074], [-72.0924868188934, -35.542074383976164]]]}, "properties": {"NOM": "L\u00edmite Urbano de Nirivilo", "COM": "San Javier", "REG": "Maule"}}, {"type": "Feature", "geometry": {"type": "Polygon", "coordinates": [[[-72.53099128430324, -35.72996506243618], [-72.53485703231316, -35.730104135029656], [-72.53791929209868, -35.73322782230076], [-72.53683033993823, -35.73478571628125], [-72.5390427189048, -35.74063320371598], [-72.5336174991549, -35.74332957768723], [-72.52998740349851, -35.73874431234532], [-72.53162579582946, -35.73770437381481], [-72.52907312784673, -35.73049346422257], [-72.53099128430324, -35.72996506243618]]]}, "properties": {"NOM": "L\u00edmite Urbano de Chanco", "COM": "Chanco", "REG": "Maule"}}, {"type": "Feature", "geometry": {"type": "Polygon", "coordinates": [[[-72.02124180381578, -35.10963753464235], [-72.01730970623896, -35.10069728042298], [-72.01353451020631, -35.10166942694419], [-72.00674752892732, -35.10033199176129], [-72.00729598274764, -35.097673118502165], [-72.01433973487417, -35.09797468136543], [-72.01610306579315, -35.090486993486934], [-72.02455927587182, -35.085962835739814], [-72.03361685772757, -35.08601018094695], [-72.03451557186368, -35.08765591775577], [-72.0300598777488, -35.08929678691505], [-72.03169301583362, -35.093130429762134], [-72.02504809682863, -35.09489022471385], [-72.02534769395902, -35.099067688655765], [-72.02122452112802, -35.09953832274247], [-72.02139708749411, -35.101960484510606], [-72.02443352969834, -35.10389613063865], [-72.02189681759171, -35.10596352467196], [-72.02406902479709, -35.10808698272396], [-72.02124180381578, -35.10963753464235]]]}, "properties": {"NOM": "L\u00edmite Urbano de Curepto", "COM": "Curepto", "REG": "Maule"}}, {"type": "Feature", "geometry": {"type": "Polygon", "coordinates": [[[-71.97978180820215, -35.24648806341011], [-71.98271228872875, -35.24175602165939], [-71.98577142866529, -35.24298163386572], [-71.98772053926984, -35.23921989675555], [-71.99038701661253, -35.24022876639692], [-71.98828809666297, -35.244207770452796], [-71.99026928520802, -35.24485984244049], [-71.98906551218458, -35.24805698994881], [-71.9795096914346, -35.25398040869836], [-71.97640053959127, -35.25805274261237], [-71.9754040869556, -35.25766930864099], [-71.97852308702942, -35.25355551540261], [-71.97724434959552, -35.25079728635291], [-71.97978180820215, -35.24648806341011]]]}, "properties": {"NOM": "L\u00edmite Urbano de Gualleco", "COM": "Curepto", "REG": "Maule"}}, {"type": "Feature", "geometry": {"type": "Polygon", "coordinates": [[[-71.71443202992428, -35.58076994430347], [-71.71784740307494, -35.58128433359539], [-71.72396211304307, -35.57826510682708], [-71.74383136580589, -35.585815214810076], [-71.74696886758129, -35.590880736973496], [-71.75073189054353, -35.59291133426969], [-71.7430739351044, -35.603201641914566], [-71.74302850999543, -35.60550160476507], [-71.72552858625237, -35.61383696279637], [-71.69863513229686, -35.60982452687854], [-71.70253972525627, -35.58579469584171], [-71.70918883310546, -35.58634073296921], [-71.70797476359225, -35.583320297055], [-71.71544654857863, -35.58238155852395], [-71.71443202992428, -35.58076994430347]]]}, "properties": {"NOM": "L\u00edmite Urbano de San Javier", "COM": "San Javier", "REG": "Maule"}}, {"type": "Feature", "geometry": {"type": "Polygon", "coordinates": [[[-72.65459299952803, -36.430951627168], [-72.65991453033796, -36.428466280610685], [-72.67198136329262, -36.42756367855473], [-72.67737835797627, -36.42553795058569], [-72.68373025282382, -36.429487379726375], [-72.68498053612109, -36.43209480513816], [-72.69140074065946, -36.433358920892225], [-72.6909103584307, -36.439100066215815], [-72.68427227470669, -36.43925771533164], [-72.67980918296541, -36.43643363494954], [-72.67181126729355, -36.43606042192245], [-72.66764454054432, -36.43372138900693], [-72.65517412417691, -36.435475067193686], [-72.65459299952803, -36.430951627168]]]}, "properties": {"NOM": "L\u00edmite urbano de Trehuaco", "COM": "Trehuaco", "REG": "\u00d1uble"}}, {"type": "Feature", "geometry": {"type": "Polygon", "coordinates": [[[-72.39930516630596, -36.38211547299486], [-72.40008719647318, -36.38138013873955], [-72.40545395655934, -36.390866579943705], [-72.40220047060266, -36.391947819514556], [-72.40183034943425, -36.395993922491066], [-72.40483907861197, -36.39563833417582], [-72.40813435239905, -36.398060139808166], [-72.40868953549914, -36.39907400901494], [-72.4064270188616, -36.399934104436355], [-72.4068448980638, -36.40413381536113], [-72.41514278097198, -36.4073577155826], [-72.41547111431, -36.41058628531229], [-72.40052298538718, -36.412190912418374], [-72.3975441036331, -36.406814802745636], [-72.39455925347222, -36.407655595036886], [-72.39072670629689, -36.39456702997784], [-72.39420704111731, -36.3936540153023], [-72.394899527217, -36.38861302218023], [-72.39300713174792, -36.384379103699], [-72.39930516630596, -36.38211547299486]]]}, "properties": {"NOM": "L\u00edmite urbano de Ninhue", "COM": "Ninhue", "REG": "\u00d1uble"}}, {"type": "Feature", "geometry": {"type": "MultiPolygon", "coordinates": [[[[-72.41300492534306, -36.5299499280929], [-72.42305768602338, -36.529158704976304], [-72.42466197201792, -36.524044663428825], [-72.4268219306944, -36.524375914689834], [-72.42766835749109, -36.52126975379685], [-72.43187781799669, -36.52178152445577], [-72.43463856005373, -36.51868953509604], [-72.43997834103696, -36.522825250884566], [-72.43846082601065, -36.52797416217712], [-72.442998037746, -36.528483219080165], [-72.44615790038544, -36.529973870717036], [-72.44624065768097, -36.53153776154941], [-72.43917814873133, -36.53223178299718], [-72.43895031261907, -36.53498901974931], [-72.4119359032055, -36.536130606668195], [-72.41116939862134, -36.53038833846129], [-72.41300492534306, -36.5299499280929]]], [[[-72.41116939862134, -36.53038833846129], [-72.41116761726212, -36.530388764343016], [-72.4111693555022, -36.53038799919962], [-72.41116939862134, -36.53038833846129]]]]}, "properties": {"NOM": "L\u00edmite urbano de Portezuelo", "COM": "Portezuelo", "REG": "\u00d1uble"}}, {"type": "Feature", "geometry": {"type": "Polygon", "coordinates": [[[-72.43645374891742, -36.73344031055798], [-72.4384322308385, -36.7266067218339], [-72.4619146684725, -36.7328427976854], [-72.47823882596775, -36.7274744634833], [-72.48341873916976, -36.730719874920645], [-72.48708543937732, -36.730265511537674], [-72.48742781877316, -36.732921278966145], [-72.4946701533747, -36.735387976920485], [-72.49686410519986, -36.73243594801747], [-72.5030643266982, -36.735550149255964], [-72.49821218718378, -36.74711492512394], [-72.48683133652618, -36.74502819468495], [-72.48313558300569, -36.747638176670684], [-72.4877062237477, -36.75869688926369], [-72.46831200190374, -36.761045276291185], [-72.45980353862161, -36.759779498001045], [-72.45398961694995, -36.7678766733046], [-72.44344041939587, -36.77580844520717], [-72.42562455187915, -36.775983693845504], [-72.42931777394719, -36.76983684147751], [-72.41585373912886, -36.76041465135433], [-72.41452998711607, -36.75562219445259], [-72.42398546515051, -36.74418639914513], [-72.43623830236956, -36.738468924193825], [-72.43645374891742, -36.73344031055798]], [[-72.45132345401761, -36.74219042650652], [-72.44898103223557, -36.74336158693591], [-72.44380147746138, -36.75976364114024], [-72.43668599665604, -36.764135560024556], [-72.4426609790716, -36.764650978775954], [-72.44017581049935, -36.767550896162334], [-72.44188501792244, -36.7686650626245], [-72.43925733971518, -36.770949266435515], [-72.43922511624763, -36.77180245636512], [-72.44261399808056, -36.76931144726433], [-72.44162920018742, -36.76741792435691], [-72.4449704605305, -36.765275392970274], [-72.44578759865564, -36.76119245470857], [-72.45290965243392, -36.75286367768727], [-72.4523315874469, -36.74750589014406], [-72.45357389819605, -36.74548338558715], [-72.45132345401761, -36.74219042650652]]]}, "properties": {"NOM": "L\u00edmite urbano de Quill\u00f3n", "COM": "Quill\u00f3n", "REG": "\u00d1uble"}}, {"type": "Feature", "geometry": {"type": "Polygon", "coordinates": [[[-72.54532800187738, -36.26018464773998], [-72.54449308788938, -36.25367490687724], [-72.55284037634156, -36.253804051231754], [-72.55269309844903, -36.261952079532584], [-72.56086754565065, -36.273595664698654], [-72.55781047543253, -36.27611307870497], [-72.55846410849787, -36.279922841353304], [-72.56438813308064, -36.28100759673358], [-72.5659551389909, -36.284536770240074], [-72.5621436950382, -36.28541147767436], [-72.556102101646, -36.2838456948759], [-72.55030332018016, -36.28887008950195], [-72.55178519544589, -36.30593800220222], [-72.55547765574256, -36.30855879966847], [-72.55328684981754, -36.31099997870256], [-72.54811875844467, -36.30748540537532], [-72.54744246357966, -36.29158358505571], [-72.5451221457435, -36.28907626404982], [-72.5403371031943, -36.29022824218216], [-72.53898183109482, -36.294090053670836], [-72.53468347959691, -36.292673298087784], [-72.53100621789652, -36.29603785284252], [-72.5218964933301, -36.293573855131804], [-72.52195265689998, -36.28487441563737], [-72.51639587348686, -36.286087114975736], [-72.51601282556148, -36.28463938176669], [-72.51667878890241, -36.28073003093147], [-72.51970262235334, -36.276600550247615], [-72.51826767867132, -36.27533162386712], [-72.52919966902923, -36.26969947532066], [-72.52705474545566, -36.26587023291768], [-72.53122137428855, -36.26632406285311], [-72.54532800187738, -36.26018464773998]], [[-72.5601500899793, -36.28108217803637], [-72.55983841140666, -36.28141545002926], [-72.56025763718343, -36.28232054413003], [-72.56056592461589, -36.28157470641737], [-72.5601500899793, -36.28108217803637]], [[-72.55811482375246, -36.28061207298763], [-72.55811399011588, -36.28061218305956], [-72.55811480039628, -36.28061282176659], [-72.55811482375246, -36.28061207298763]]]}, "properties": {"NOM": "L\u00edmite urbano de Quirihue", "COM": "Quirihue", "REG": "\u00d1uble"}}, {"type": "Feature", "geometry": {"type": "Polygon", "coordinates": [[[-72.78776614642584, -36.28023709241435], [-72.78553248367524, -36.27687792506321], [-72.78599829608267, -36.272629544191275], [-72.79013762601237, -36.26673424249566], [-72.79539242367477, -36.26304534185949], [-72.7973287305916, -36.25641945954206], [-72.8058146883809, -36.206214438140215], [-72.79767215652471, -36.20327917584368], [-72.79641229808482, -36.20094732232188], [-72.79667909233432, -36.19534833848612], [-72.79481473328522, -36.19328357785719], [-72.79959217339217, -36.18273853292074], [-72.79938396996045, -36.1764329608927], [-72.79441113819438, -36.17465128962432], [-72.79319884734541, -36.17261134939376], [-72.78887845119041, -36.17181866250392], [-72.78820050342526, -36.16475575658107], [-72.79489224172457, -36.16620939104435], [-72.7923990907227, -36.158154507303045], [-72.79403658473835, -36.1556665035131], [-72.79406397167641, -36.147904939742105], [-72.79213639458753, -36.14503233988452], [-72.79113318841756, -36.138200972069896], [-72.77090776981429, -36.131092332325764], [-72.77994260992028, -36.11726941924681], [-72.79332717707364, -36.12172879225412], [-72.79447929696825, -36.11152087992037], [-72.79957316234581, -36.097668608272265], [-72.79305534597034, -36.086654246547965], [-72.78934186150278, -36.08648024197232], [-72.7946590148223, -36.08449811210365], [-72.7932042246607, -36.08211202967997], [-72.76805791038949, -36.08582638289357], [-72.76791222970155, -36.077087403832564], [-72.76630342697774, -36.07436591957032], [-72.76489963058157, -36.06292077475739], [-72.76225248139053, -36.06292077475739], [-72.76225248049221, -36.058703179423674], [-72.7592186676568, -36.05346836558618], [-72.76526537336127, -36.04253080202887], [-72.76502771057815, -36.0365156707783], [-72.76097931710464, -36.02067102567222], [-72.75629350874995, -36.01284015474251], [-72.76039292653158, -36.00498132912952], [-72.76502928712146, -36.004382748224494], [-72.76777477309003, -36.0068948336523], [-72.76871317838864, -36.01150192991547], [-72.77548160227047, -36.01073749355464], [-72.77508270087701, -36.0141351490089], [-72.7811360199786, -36.014258287370765], [-72.78176329827014, -36.016207545202555], [-72.7787247396351, -36.02612554526996], [-72.77866576972826, -36.039894424167], [-72.78249797105222, -36.04744368437762], [-72.78676114721857, -36.047801916577214], [-72.78773281443722, -36.06132620534694], [-72.79149881082304, -36.07252065319416], [-72.79664721022655, -36.07835955143014], [-72.80264911425289, -36.07727707607596], [-72.80779625781163, -36.07832916781495], [-72.80813244871347, -36.0806391167628], [-72.80974150566047, -36.080755963383425], [-72.80793844854469, -36.08309823670778], [-72.81044898823552, -36.085095817788634], [-72.81080932854714, -36.08936090454877], [-72.81484089208378, -36.093104941849035], [-72.81339894333917, -36.09422552664053], [-72.80715190883475, -36.11751405822067], [-72.8041919321258, -36.1428974089218], [-72.80602013757797, -36.14539733661124], [-72.80703611689293, -36.15870090128008], [-72.81013945843303, -36.170998841770455], [-72.81468104676044, -36.17985108980238], [-72.81927670917638, -36.18006228686446], [-72.81988593402565, -36.1899307556836], [-72.82283219256189, -36.19125252755184], [-72.82274646363939, -36.19341831067777], [-72.82469682649545, -36.19487915010472], [-72.81408252354115, -36.233950025325186], [-72.8097241618873, -36.26269346759079], [-72.8098424520439, -36.27856320580148], [-72.80714816555496, -36.277161660899345], [-72.79949951037398, -36.27776760176215], [-72.79361090815951, -36.281767878631484], [-72.78776614642584, -36.28023709241435]]]}, "properties": {"NOM": "L\u00edmite urbano de Cobquecura", "COM": "Cobquecura", "REG": "\u00d1uble"}}, {"type": "Feature", "geometry": {"type": "Polygon", "coordinates": [[[-72.46172951491266, -36.64515395017469], [-72.4607693838589, -36.64871139744224], [-72.45144668041671, -36.646043686151124], [-72.43060785081492, -36.65358523132292], [-72.42824411919771, -36.6530699981958], [-72.42854493085038, -36.64700949285251], [-72.4525058237811, -36.64239378005567], [-72.46172951491266, -36.64515395017469]]]}, "properties": {"NOM": "L\u00edmite urbano de Confluencia", "COM": "Chill\u00e1n", "REG": "\u00d1uble"}}, {"type": "Feature", "geometry": {"type": "Polygon", "coordinates": [[[-72.42331135049668, -36.649154000753], [-72.42303487869663, -36.652376045024994], [-72.3967305075651, -36.653845955605206], [-72.39458999292295, -36.639714665829125], [-72.40156563747958, -36.64042408119611], [-72.40145152628567, -36.64282415483529], [-72.41041169573032, -36.64901123251167], [-72.42331135049668, -36.649154000753]]]}, "properties": {"NOM": "L\u00edmite urbano de Quinchamali", "COM": "Chill\u00e1n", "REG": "\u00d1uble"}}, {"type": "Feature", "geometry": {"type": "Polygon", "coordinates": [[[-72.4794044125068, -36.636585554722394], [-72.47921960120506, -36.63966814390167], [-72.48205045227844, -36.644228058777145], [-72.47892180609512, -36.64455201445793], [-72.47977698068603, -36.64777512624282], [-72.47855814022031, -36.64994439609075], [-72.48443301078737, -36.652943116134715], [-72.4915721298611, -36.65329999063195], [-72.4949185043131, -36.65532938736104], [-72.4924196687721, -36.665498707602524], [-72.46275700074811, -36.66061461326526], [-72.45995737691064, -36.66321352498011], [-72.45639993429948, -36.659497846809764], [-72.45470502625909, -36.663280353360136], [-72.44940200164234, -36.66062355250848], [-72.45527803642601, -36.65264884857606], [-72.46629362669918, -36.648132160909455], [-72.47469619388067, -36.638922472305346], [-72.4794044125068, -36.636585554722394]]]}, "properties": {"NOM": "L\u00edmite urbano de Nueva Aldea", "COM": "R\u00e1nquil", "REG": "\u00d1uble"}}, {"type": "Feature", "geometry": {"type": "Polygon", "coordinates": [[[-72.5298126614128, -36.609714288325044], [-72.52563601995779, -36.60858056772125], [-72.53671342061074, -36.600414811604395], [-72.54612503570648, -36.5975601759486], [-72.55048166540846, -36.600046637859904], [-72.5489864115332, -36.60580067281038], [-72.54416614155015, -36.6070766596033], [-72.54526094264142, -36.608867739962264], [-72.53943873940116, -36.610870674608286], [-72.53685363415185, -36.61415388094255], [-72.53335248626462, -36.613411589381734], [-72.5298126614128, -36.609714288325044]]]}, "properties": {"NOM": "L\u00edmite urbano de \u00d1ipas", "COM": "R\u00e1nquil", "REG": "\u00d1uble"}}, {"type": "Feature", "geometry": {"type": "Polygon", "coordinates": [[[-72.68163230305477, -36.49698833808291], [-72.68490063367152, -36.50012044503551], [-72.68573345368658, -36.50373239403156], [-72.68994978989738, -36.500993983568144], [-72.68914769765493, -36.500021194490536], [-72.69310545291289, -36.49841763397413], [-72.69177624453306, -36.49537774519474], [-72.69480892998277, -36.493495877339164], [-72.70149875487053, -36.499670887662646], [-72.70666047000151, -36.498708855404885], [-72.70750623923139, -36.501581841218275], [-72.71123108559068, -36.50213929124106], [-72.70590889182411, -36.50461427364744], [-72.70968692204147, -36.50744068489833], [-72.70876814852507, -36.5113876634599], [-72.70983623012654, -36.512650596419], [-72.71588658568601, -36.51072780785844], [-72.71690700717008, -36.50721563391615], [-72.7247948468803, -36.513831597121154], [-72.72735531583292, -36.5143414928909], [-72.73332477810108, -36.512125361369534], [-72.73151062229996, -36.510707238317835], [-72.7252800781692, -36.51086648623153], [-72.72453628569039, -36.50751966385838], [-72.72573451251526, -36.505414259486265], [-72.7242331168584, -36.50327705783299], [-72.71029959282818, -36.49531189500636], [-72.71025090683473, -36.492592895200765], [-72.71859838662805, -36.492049589174144], [-72.71789845529128, -36.4891453200011], [-72.71517687708568, -36.48856572551251], [-72.7137462255541, -36.48611925146693], [-72.7149441307821, -36.48524162114089], [-72.70930154927616, -36.48314384855546], [-72.71099028229732, -36.480644889475926], [-72.71013840182854, -36.47939643681188], [-72.70678025315813, -36.47855123315424], [-72.70981694778897, -36.47642191774021], [-72.70683737702704, -36.47292843220822], [-72.71061519883527, -36.46985756651403], [-72.71034910078012, -36.46700289575651], [-72.69837910172151, -36.46630962808564], [-72.69234864294727, -36.478659569776354], [-72.67885343030035, -36.49438112980585], [-72.68163230305477, -36.49698833808291]], [[-72.68173416302483, -36.496924540157515], [-72.68163230305477, -36.49698833808291], [-72.68186380698833, -36.49671657639278], [-72.68182919490042, -36.49687392640123], [-72.68173416302483, -36.496924540157515]]]}, "properties": {"NOM": "L\u00edmite urbano de Coelemu", "COM": "Coelemu", "REG": "\u00d1uble"}}, {"type": "Feature", "geometry": {"type": "Polygon", "coordinates": [[[-72.82746457181844, -36.39053303902413], [-72.82961048982703, -36.389497846365394], [-72.84921336156539, -36.393735299043875], [-72.85714692013366, -36.39261691323339], [-72.86469231397274, -36.39401750971516], [-72.8659025476797, -36.39556952789049], [-72.86952595987037, -36.395148809349564], [-72.87000599260875, -36.390695155927865], [-72.87152005540942, -36.39121724315501], [-72.87439200350873, -36.409348037953016], [-72.87411151264611, -36.42772107499737], [-72.8849650675033, -36.43648547559139], [-72.8823856818274, -36.440727036604926], [-72.8859006386172, -36.44391388494031], [-72.88529160241413, -36.44594356012645], [-72.88407368631485, -36.44459595690532], [-72.87879461168191, -36.44688456989776], [-72.86953265142093, -36.43470940707987], [-72.86693926190807, -36.43761108203998], [-72.86425203887221, -36.435061862079074], [-72.85647304263509, -36.43500389252169], [-72.8564095910333, -36.43336596108187], [-72.86408019115835, -36.43112480613015], [-72.86259633959901, -36.42916105599579], [-72.86356517442955, -36.42764223731723], [-72.86189560876163, -36.42645204345062], [-72.86269206497398, -36.42359917815639], [-72.86029397369549, -36.422704301581675], [-72.85919079491586, -36.41984620601183], [-72.85371462541801, -36.42028077383171], [-72.85457400502276, -36.418694052468645], [-72.85146385964273, -36.41603899627777], [-72.8503690154323, -36.411073338020564], [-72.84773622850605, -36.411625532568856], [-72.84632196943176, -36.41380219844874], [-72.84394632884882, -36.41239613892379], [-72.84058237346838, -36.4136725578263], [-72.8412586791132, -36.40896677102391], [-72.83852146842501, -36.40763898608065], [-72.83818504485956, -36.40170720284306], [-72.83050810442522, -36.39651914267053], [-72.82420636072337, -36.39536265384447], [-72.82746457181844, -36.39053303902413]], [[-72.88245695865363, -36.440400851906304], [-72.88245639451162, -36.44040099065938], [-72.88243022209583, -36.440413259466574], [-72.88245695865363, -36.440400851906304]]]}, "properties": {"NOM": "L\u00edmite urbano de Vegas de Itata y Perales", "COM": "Coelemu", "REG": "\u00d1uble"}}, {"type": "Feature", "geometry": {"type": "Polygon", "coordinates": [[[-72.71667789724675, -37.264230292010296], [-72.71924405163682, -37.26185482956245], [-72.71872436726181, -37.25958800628062], [-72.72384474372004, -37.26087129815182], [-72.72799547955891, -37.25638384045992], [-72.72962110413472, -37.25713633935279], [-72.72996915459491, -37.25975798729023], [-72.72814199927333, -37.26082906130585], [-72.7305948662246, -37.26239416885908], [-72.72733517111268, -37.26603821444328], [-72.72324621870412, -37.26735523673532], [-72.71667789724675, -37.264230292010296]]]}, "properties": {"NOM": "L\u00edmite urbano de San Rosendo", "COM": "San Rosendo", "REG": "Biob\u00edo"}}, {"type": "Feature", "geometry": {"type": "MultiPolygon", "coordinates": [[[[-72.56371894299119, -37.23756653511969], [-72.54965066627847, -37.241010620667126], [-72.53936057878492, -37.23749361116863], [-72.55005542199268, -37.23776553119689], [-72.56758401187477, -37.2345936801454], [-72.56797200322913, -37.23647575949415], [-72.56371894299119, -37.23756653511969]]], [[[-72.56371894299119, -37.23756653511969], [-72.5609762462916, -37.2382813664729], [-72.55911759962942, -37.238744131373544], [-72.56371894299119, -37.23756653511969]]]]}, "properties": {"NOM": "L\u00edmite urbano de Balneario", "COM": "Laja", "REG": "Biob\u00edo"}}, {"type": "Feature", "geometry": {"type": "Polygon", "coordinates": [[[-72.70184050095406, -37.2655857124432], [-72.69713645320583, -37.25912389581322], [-72.68055290807062, -37.25870705828453], [-72.6822006240159, -37.25304942268586], [-72.6905723062196, -37.25607069547149], [-72.69584862931283, -37.252923960237325], [-72.70177443255987, -37.25482665121994], [-72.71032746575483, -37.26231011366379], [-72.71380857132975, -37.26905849228965], [-72.72294899761764, -37.27042999753712], [-72.7233961798644, -37.273147532641765], [-72.71830658777263, -37.27954326248705], [-72.71549786400134, -37.28992879181503], [-72.71171439717986, -37.29525347775234], [-72.71082956920142, -37.30110204840079], [-72.70356029771774, -37.3007222426951], [-72.70699560807782, -37.28975239602453], [-72.69036304816574, -37.286015532804704], [-72.69115410101168, -37.27419184953138], [-72.69457658792106, -37.27135329600977], [-72.7029732738324, -37.271791376202096], [-72.70486083995853, -37.27032351447225], [-72.70184050095406, -37.2655857124432]]]}, "properties": {"NOM": "L\u00edmite urbano de Laja", "COM": "Laja", "REG": "Biob\u00edo"}}, {"type": "Feature", "geometry": {"type": "Polygon", "coordinates": [[[-72.63252725540278, -37.522682171592734], [-72.6333030620417, -37.521987759473355], [-72.62969436964525, -37.518928068320136], [-72.64341164942367, -37.509695330232056], [-72.64311587911637, -37.50853649494186], [-72.65361783516798, -37.50693407704575], [-72.6550329943542, -37.50601307103318], [-72.6550745423344, -37.50294170087981], [-72.66529022776287, -37.49966907650071], [-72.66772492269428, -37.492204251700365], [-72.67509771333631, -37.48760807038913], [-72.68299127172163, -37.47885806941896], [-72.68558241185302, -37.48070310092548], [-72.68807057451012, -37.47753622333459], [-72.69276805198038, -37.47818065267874], [-72.69193450612654, -37.482630670266815], [-72.69837611122993, -37.47957816706339], [-72.70049203359287, -37.483420894968035], [-72.6938623455235, -37.49139911837398], [-72.6974078064054, -37.49568456731281], [-72.69070694930764, -37.50327753374134], [-72.68959170974703, -37.50857417507971], [-72.68567182296988, -37.51175962180227], [-72.66645103346794, -37.51271795706098], [-72.66521225848777, -37.52314356598814], [-72.64723081798948, -37.5254378301446], [-72.63252725540278, -37.522682171592734]]]}, "properties": {"NOM": "L\u00edmite urbano de Nacimiento", "COM": "Nacimiento", "REG": "Biob\u00edo"}}, {"type": "Feature", "geometry": {"type": "Polygon", "coordinates": [[[-73.36526978340693, -37.446546979156395], [-73.35996686029982, -37.45199977123955], [-73.36157701858139, -37.456381944598], [-73.36472432007821, -37.458710089098886], [-73.36595491769435, -37.46714413306918], [-73.36376503164418, -37.4706215151551], [-73.35244625097944, -37.47783644524514], [-73.35273283421631, -37.48323885474866], [-73.34548736179947, -37.48540499075558], [-73.34490536488646, -37.48800197528935], [-73.33392372104953, -37.48508299041351], [-73.3289943677432, -37.48817792091694], [-73.32561464064136, -37.4929728708043], [-73.32239850304092, -37.49325450999064], [-73.32238104248674, -37.487732977738254], [-73.32773656734363, -37.48513560748249], [-73.32630137033671, -37.483998712705194], [-73.32842264126884, -37.48302597292207], [-73.32947506972646, -37.477541569339905], [-73.33688362589326, -37.477072912355425], [-73.34020022658348, -37.47404795213185], [-73.33598902065127, -37.47320974248009], [-73.3355871467325, -37.47170756188467], [-73.3403656306818, -37.472885050991586], [-73.34334402644734, -37.47247528323938], [-73.34328021462112, -37.47066602177853], [-73.3474644827729, -37.471985148276715], [-73.3513643119664, -37.47098804717434], [-73.36012347258647, -37.46424316431773], [-73.36069939239658, -37.455650464107514], [-73.35807867433614, -37.45201498249971], [-73.35922146702315, -37.45118699908891], [-73.35718228773494, -37.44570925639519], [-73.3620565132289, -37.44433519260014], [-73.36526978340693, -37.446546979156395]]]}, "properties": {"NOM": "L\u00edmite urbano de Curanilahue", "COM": "Curanilahue", "REG": "Biob\u00edo"}}, {"type": "Feature", "geometry": {"type": "Polygon", "coordinates": [[[-73.41182858513218, -37.60223862533236], [-73.4126964313585, -37.60582576713514], [-73.42461630352594, -37.61189510166769], [-73.41966444652343, -37.61427078495233], [-73.4202097194093, -37.61733668347683], [-73.42350710244067, -37.62175255784553], [-73.42962927471385, -37.62377273777882], [-73.43977382614821, -37.62371887875191], [-73.44125661859384, -37.62197915313675], [-73.45439827051459, -37.62252199129907], [-73.45222206850114, -37.617255956949045], [-73.47639453713917, -37.61924230288163], [-73.47402868370125, -37.62580954059205], [-73.47537361888676, -37.63368319098161], [-73.46630914335951, -37.63022417676817], [-73.46479566895536, -37.63117622233178], [-73.46447600076657, -37.63627293365586], [-73.45186796429425, -37.636890952764944], [-73.43771787351702, -37.6323287374133], [-73.4170924881183, -37.629623289238914], [-73.4112842177481, -37.63556056195371], [-73.40545546848439, -37.63801151517795], [-73.40271794697912, -37.630597209822355], [-73.39728532331466, -37.62319753888568], [-73.40052267193558, -37.62046100315429], [-73.4052985310076, -37.62481043888605], [-73.40824106512869, -37.62431746181941], [-73.40827363354931, -37.62212843322607], [-73.4110241698464, -37.62345533054098], [-73.41085615793881, -37.6150580989038], [-73.40408431147573, -37.604349014828706], [-73.40054299542057, -37.60500097883334], [-73.39868862833237, -37.600454338028655], [-73.40358838035347, -37.5999430903133], [-73.40331350755463, -37.597075997416646], [-73.41073900864262, -37.59660284471782], [-73.41182858513218, -37.60223862533236]]]}, "properties": {"NOM": "L\u00edmite urbano de Los \u00c1lamos", "COM": "Los \u00c1lamos", "REG": "Biob\u00edo"}}, {"type": "Feature", "geometry": {"type": "Polygon", "coordinates": [[[-73.38253326966891, -37.67558447650245], [-73.38582882552699, -37.67064251659408], [-73.38504074790127, -37.66664285379441], [-73.3901251252728, -37.66405350294047], [-73.38877415520521, -37.65956269251741], [-73.39204024722027, -37.65429486994858], [-73.39011982700926, -37.64950825825601], [-73.39292346002783, -37.64810620582717], [-73.39461687237329, -37.655747403331944], [-73.39472773256419, -37.66811564798736], [-73.40321011865194, -37.67675416760926], [-73.4013885319868, -37.68112688302742], [-73.38962658813789, -37.68222217380004], [-73.3798835890254, -37.67810978116886], [-73.38253326966891, -37.67558447650245]]]}, "properties": {"NOM": "L\u00edmite urbano de Antihuala y Temuco Chico", "COM": "Los \u00c1lamos", "REG": "Biob\u00edo"}}, {"type": "Feature", "geometry": {"type": "Polygon", "coordinates": [[[-73.47401105695874, -38.23734881372905], [-73.48241733328405, -38.24497434598495], [-73.48839525947879, -38.246371154706445], [-73.49127774571471, -38.242831555502285], [-73.49047495637959, -38.24473214648383], [-73.49388512019992, -38.249362381774965], [-73.48720505730435, -38.253073104395526], [-73.4839253468296, -38.251797822440366], [-73.48070286622497, -38.254345142318414], [-73.47822858433561, -38.25337656736503], [-73.4825768561122, -38.249900221126026], [-73.4703007013233, -38.24073278547549], [-73.47168638678504, -38.23932809237392], [-73.47031622690635, -38.23827392218888], [-73.47320402667717, -38.235423720979284], [-73.47401105695874, -38.23734881372905]]]}, "properties": {"NOM": "L\u00edmite urbano de Quidico", "COM": "Tir\u00faa", "REG": "Biob\u00edo"}}, {"type": "Feature", "geometry": {"type": "Polygon", "coordinates": [[[-73.48898060620952, -38.34452669677489], [-73.48411912152122, -38.3425062605521], [-73.48273058390845, -38.33827113386203], [-73.48886926631825, -38.32971003147742], [-73.49687018505811, -38.326922709960364], [-73.49817922625982, -38.33523020743766], [-73.50311224918407, -38.34027483101112], [-73.50224280395656, -38.343141308212424], [-73.49337533705597, -38.34907558910492], [-73.49275624062003, -38.35096767031784], [-73.48951360721031, -38.34879800310062], [-73.48724426427495, -38.34950785389536], [-73.48898060620952, -38.34452669677489]]]}, "properties": {"NOM": "L\u00edmite urbano de Tir\u00faa", "COM": "Tir\u00faa", "REG": "Biob\u00edo"}}, {"type": "Feature", "geometry": {"type": "Polygon", "coordinates": [[[-73.12223350999959, -36.91113801580406], [-73.13452785297805, -36.90736344464167], [-73.1538552608261, -36.90440104188698], [-73.15783375009914, -36.92586876127074], [-73.16479292494336, -36.94860036896027], [-73.17523326375303, -36.97349530850639], [-73.18685172419318, -36.99231224993584], [-73.18931520294291, -37.00123046793307], [-73.18665888554607, -37.00797745543187], [-73.18385164938489, -37.00902980164918], [-73.1814818945637, -37.01344777887202], [-73.18173252452796, -37.024605272623845], [-73.17927832627343, -37.02862001996068], [-73.1775328996764, -37.0295530346399], [-73.1704963969542, -37.02532676589956], [-73.16361799682369, -37.026847188060565], [-73.15691925975001, -37.02451992574252], [-73.14930783434767, -37.029832003803214], [-73.14597957532169, -37.03871690870386], [-73.14538758644778, -37.04633386635906], [-73.14164789991999, -37.053389427780175], [-73.14246626514382, -37.0595733485277], [-73.14601730546195, -37.067279961084935], [-73.143229832237, -37.0721468176531], [-73.1399446941413, -37.07390138952766], [-73.12206822088564, -37.04193142585374], [-73.12397893659663, -37.02389524627739], [-73.12168913093741, -37.02035721157393], [-73.13592652987542, -37.00138471197469], [-73.12336538725758, -36.99581666255886], [-73.12912807980523, -36.994601266235414], [-73.1311079666914, -36.990770557087515], [-73.12902297691697, -36.98976100880727], [-73.1255698529648, -36.983011687259385], [-73.12043238875326, -36.96954713349544], [-73.12756051963443, -36.96616375580796], [-73.13357653709217, -36.96898444385558], [-73.13403916946349, -36.96578478517469], [-73.13097501602937, -36.96522996302288], [-73.13316690532261, -36.96277520330171], [-73.13100376211844, -36.961871515976], [-73.13410474558093, -36.96122909471434], [-73.13505965562624, -36.95913813747975], [-73.13564625550678, -36.958656484199395], [-73.13561211952597, -36.960511299901476], [-73.1456741481251, -36.95599477447529], [-73.14616552748383, -36.95443129966393], [-73.14421169174086, -36.954053705635225], [-73.14623649439127, -36.953642371585595], [-73.14280852326706, -36.950335101173565], [-73.13774472001049, -36.95116211296769], [-73.14526272062328, -36.94704061126034], [-73.14553580846967, -36.94230789756696], [-73.1479711403066, -36.940178366645775], [-73.14598766105756, -36.93887951067753], [-73.14732345588506, -36.93798702798972], [-73.14765313669601, -36.932950013010405], [-73.14269533643959, -36.93512857181909], [-73.1390104462458, -36.93405437921335], [-73.13827652265867, -36.93596077346296], [-73.13768812614758, -36.93380593411538], [-73.13489526392927, -36.93920691924405], [-73.13457456537283, -36.93772926081713], [-73.13291357951417, -36.93870862654116], [-73.1360585822222, -36.93454480458738], [-73.13442724166623, -36.93367740295206], [-73.13747522542525, -36.932477528954195], [-73.13593012313656, -36.92935604473877], [-73.12882534755447, -36.93237628270775], [-73.13236021819748, -36.92925982028209], [-73.13100735537958, -36.92650013734238], [-73.132935139081, -36.921183714000136], [-73.13173858402087, -36.92110399642753], [-73.13425386681641, -36.921125542249705], [-73.13596964900907, -36.91916275829048], [-73.12724970344443, -36.91407206817029], [-73.12739612793743, -36.912537182132176], [-73.12115553165866, -36.91279790604953], [-73.120789917338, -36.91138150622282], [-73.12223350999959, -36.91113801580406]]]}, "properties": {"NOM": "L\u00edmite urbano de Coronel - Centro Urbano Coronel Costa", "COM": "Coronel", "REG": "Biob\u00edo"}}, {"type": "Feature", "geometry": {"type": "Polygon", "coordinates": [[[-73.525003947418, -36.97123158896855], [-73.52908409543845, -36.97310906264837], [-73.53581247691652, -36.97325044622192], [-73.53287768088329, -36.974672154655075], [-73.53208985837914, -36.9776525606914], [-73.53927817728265, -36.98205729089794], [-73.53881913817247, -36.9834630479852], [-73.54027440893273, -36.98409236522715], [-73.5381202479831, -36.989133174234645], [-73.53414520374919, -36.98804897946057], [-73.53156703888376, -36.98961176385924], [-73.53149697029161, -36.99016856154501], [-73.53229198021637, -36.99075046670518], [-73.53237642095476, -36.991401248892814], [-73.5287085996497, -36.986903778221915], [-73.52711139507453, -36.98859287225579], [-73.52550251240068, -36.98640220909255], [-73.52300699254138, -36.98783156476182], [-73.52784531866166, -36.980797899933684], [-73.52345165950534, -36.97207559695078], [-73.525003947418, -36.97123158896855]]]}, "properties": {"NOM": "L\u00edmite urbano de Coronel - Centro Urbano Puerto Norte Isla Santa Maria", "COM": "Coronel", "REG": "Biob\u00edo"}}, {"type": "Feature", "geometry": {"type": "Polygon", "coordinates": [[[-73.51356300395945, -37.0337718957178], [-73.51694695763472, -37.031449865477825], [-73.53287498593744, -37.04543834173672], [-73.52874992215277, -37.04642133897436], [-73.52266832767927, -37.04400791820347], [-73.51582675757712, -37.044383631054885], [-73.51671339566084, -37.04700639912087], [-73.52216886438131, -37.0506392635734], [-73.52618253707075, -37.05620186228761], [-73.51732425005405, -37.05937047646486], [-73.51168103343922, -37.05235633555136], [-73.50983230058449, -37.04688236101061], [-73.51048986647417, -37.04373115144031], [-73.50533802831974, -37.0417464317219], [-73.50508380599264, -37.03882016613533], [-73.50956100847037, -37.03459871639783], [-73.51125433367926, -37.03590382699131], [-73.51356300395945, -37.0337718957178]]]}, "properties": {"NOM": "L\u00edmite urbano de Coronel - Centro Urbano Puerto Sur Isla Santa Maria", "COM": "Coronel", "REG": "Biob\u00edo"}}, {"type": "Feature", "geometry": {"type": "Polygon", "coordinates": [[[-73.03362279205875, -36.96458398129625], [-73.0435869042919, -36.95498548193618], [-73.0476715438888, -36.95637379383825], [-73.0428017776319, -36.96620107857131], [-73.04943583600512, -36.96589962495974], [-73.05180559172463, -36.96789350311228], [-73.04172649423681, -36.96986866784728], [-73.03983104898731, -36.97486018275713], [-73.04246580861394, -36.977084907476254], [-73.03890937750579, -36.979824100150964], [-73.04277123491224, -36.9811186691496], [-73.03978164164668, -36.981928841150236], [-73.03994064345197, -36.983204718567414], [-73.04603840760058, -36.98884616137278], [-73.04375039947023, -36.99048785621909], [-73.04642108991162, -36.99311679096081], [-73.04408277612536, -36.99338943649691], [-73.04180195361897, -36.9904813985728], [-73.04262750446678, -36.988573498832544], [-73.03616053273639, -36.98640507931155], [-73.03724210433847, -36.98449994761883], [-73.03439983477952, -36.98229624918985], [-73.0340108642615, -36.977678395629496], [-73.03076614945526, -36.975852705078466], [-73.02953994819411, -36.97803290750555], [-73.0279634057688, -36.97654308606788], [-73.02706059890825, -36.97770351292204], [-73.02477079414737, -36.976218707873684], [-73.02277743163359, -36.977126530738296], [-73.02535020750562, -36.97834435989608], [-73.02555142923094, -36.98011114633439], [-73.01981927940297, -36.977517644760916], [-73.01660151495358, -36.97893855585174], [-73.01843138228901, -36.98014559108604], [-73.01867931730743, -36.982784929508966], [-73.02070681490369, -36.98268231422889], [-73.02212974721206, -36.98532945786799], [-73.02594579053898, -36.98662680340341], [-73.02510766148059, -36.989453190781134], [-73.02392098609195, -36.987555310865346], [-73.01938539312076, -36.984987177929376], [-73.01714050322573, -36.98543996206272], [-73.0108576861286, -36.98081942815947], [-73.01329571380971, -36.98593364438589], [-73.01762828932333, -36.98820468531507], [-73.01642274931372, -36.99096572052577], [-73.01359485279932, -36.98847017382509], [-73.01164281368693, -36.98850461550985], [-73.01161316928254, -36.991069759654], [-73.00969436783566, -36.989158286310726], [-73.00834509738061, -36.98980621274818], [-73.00685030164614, -36.9919444009327], [-73.00927665122856, -36.99402728141416], [-73.00669040152556, -36.99313616179191], [-73.00516416385786, -36.995312999790215], [-73.00510397583551, -36.99261669707446], [-73.00381579261638, -36.99214673564747], [-73.00610200411616, -36.98639288159752], [-73.00355977276041, -36.986218514850094], [-73.00343131277647, -36.983928040018505], [-73.00235692949329, -36.98588413278581], [-72.99989554471648, -36.98525196010316], [-72.99950387925261, -36.98882893989214], [-72.99700566444749, -36.98815661026959], [-72.99572736179817, -36.98894015725178], [-72.99659064278622, -36.99013411917865], [-72.99124656516099, -36.99093199746742], [-72.99530964519106, -36.98706307416334], [-72.99414542858284, -36.98645961345234], [-73.00060701042152, -36.97792239183471], [-72.99090430703775, -36.97916676031165], [-72.98909420174024, -36.98107920160387], [-72.98652502002766, -36.97973296204364], [-72.97881388162878, -36.97993820113856], [-72.97639022699222, -36.982258216725015], [-72.97567606634135, -36.980052301955034], [-72.97139289906667, -36.979361235899276], [-72.96889558257682, -36.979547816459075], [-72.96975257535784, -36.981584393829024], [-72.96299185542789, -36.98043263677427], [-72.95879851878331, -36.981874303761614], [-72.95823258015432, -36.98449635975519], [-72.96015407654703, -36.98625941555965], [-72.95832690415746, -36.986767443592726], [-72.95604518243749, -36.982319930489105], [-72.95587719747935, -36.97909140914048], [-72.96067509941183, -36.97380807989272], [-72.97082426639014, -36.972328941057896], [-72.97253645352502, -36.97402122935518], [-72.97103177632243, -36.97402266469823], [-72.97562126910901, -36.97613546033374], [-72.97385068968401, -36.97696793163519], [-72.9827835368693, -36.97930597904853], [-72.99956496469193, -36.977373398555166], [-73.01194374930711, -36.97729732940279], [-73.01731836965199, -36.97275596391907], [-73.02189348939402, -36.97273299804463], [-73.03362279205875, -36.96458398129625]]]}, "properties": {"NOM": "L\u00edmite urbano de Coronel - Centro Urbano Palco-Mitrinhue", "COM": "Coronel", "REG": "Biob\u00edo"}}, {"type": "Feature", "geometry": {"type": "Polygon", "coordinates": [[[-73.14033902131335, -37.08569006048358], [-73.14409613246272, -37.084459519244746], [-73.14286883525692, -37.08005960186228], [-73.13956012267323, -37.0796423573717], [-73.14001070145005, -37.075353766607954], [-73.13554071603731, -37.074709175610465], [-73.13340299874896, -37.0731393190132], [-73.13766570868968, -37.073944449852114], [-73.14326553577797, -37.07200906054007], [-73.14515466856597, -37.06669876236163], [-73.15219249001498, -37.07332211293802], [-73.16425917654425, -37.07271959450727], [-73.16486524201868, -37.07433561328064], [-73.16257585497439, -37.074895167335775], [-73.16428021598652, -37.075221332637696], [-73.16570294976722, -37.076758569902154], [-73.16442978907459, -37.07615986299075], [-73.16437946185913, -37.07915030582075], [-73.16747812317656, -37.08032826104314], [-73.16899823972395, -37.07800351547624], [-73.17179458111737, -37.08039318682124], [-73.17021774494296, -37.08049640474758], [-73.17042088457143, -37.08354220019034], [-73.17463987171061, -37.08886318338645], [-73.1742114921011, -37.09113765776667], [-73.17202195998713, -37.0922229775109], [-73.17234367633479, -37.094992952267766], [-73.16748382927526, -37.09361261214163], [-73.1661891889659, -37.09392987918319], [-73.16795252886801, -37.09629877819517], [-73.16610127983219, -37.093954422081175], [-73.16051518169637, -37.09691075561954], [-73.15901635162797, -37.10213997730338], [-73.16299410428248, -37.105496461027414], [-73.16280592968832, -37.1071118111359], [-73.15736399318929, -37.10913345878317], [-73.15481354404534, -37.10787882433096], [-73.15282747674998, -37.1100863568769], [-73.15408575864654, -37.11807158206653], [-73.1577742034739, -37.120611085774044], [-73.14835275631738, -37.11837486820503], [-73.14746631676131, -37.11587771137351], [-73.14622565621735, -37.1161167995761], [-73.1477475568189, -37.11361752737877], [-73.14547618369097, -37.11366159238966], [-73.14484635328573, -37.11180082714744], [-73.14257026669753, -37.11303642315565], [-73.14383057429505, -37.11172795291972], [-73.14168264495854, -37.11053997212318], [-73.14247939581833, -37.109451352147325], [-73.1378082856983, -37.10855316980163], [-73.13454810819108, -37.10441479181825], [-73.13476984294591, -37.101609457845335], [-73.13716456374549, -37.09984321164469], [-73.13936504991601, -37.100146425344455], [-73.14059415183719, -37.102337415233514], [-73.14500131536718, -37.10098708080392], [-73.15134001935309, -37.10361778242654], [-73.14746907009767, -37.09962632681894], [-73.13993892875379, -37.09656028274403], [-73.14243781190552, -37.09600811756744], [-73.14033902131335, -37.08569006048358]]]}, "properties": {"NOM": "L\u00edmite urbano de Lota", "COM": "Lota", "REG": "Biob\u00edo"}}, {"type": "Feature", "geometry": {"type": "Polygon", "coordinates": [[[-72.96345515884073, -36.70036494439899], [-72.9645389636546, -36.69711253289388], [-72.96935279541202, -36.6957963513058], [-72.97439797299951, -36.690597884448444], [-72.97351221077317, -36.6975079236114], [-72.97759436473166, -36.70189472793168], [-72.97838949233572, -36.70403540619806], [-72.97759121972986, -36.702761298934085], [-72.97690744998334, -36.70936512892673], [-72.9870823743558, -36.714273028789776], [-72.98348369098827, -36.71754859710241], [-72.98611293495905, -36.721301449803924], [-72.99228325333821, -36.72412377241422], [-72.99104874715228, -36.7279318342016], [-72.99226535081291, -36.732703038589904], [-72.99669240843318, -36.736216583781506], [-73.00942288078713, -36.73726035160491], [-73.01048723707511, -36.739045429617434], [-73.01469222127567, -36.739380121139334], [-73.0220399956337, -36.74300524043029], [-73.02849693587729, -36.7476831094965], [-73.03807293638182, -36.75805606410103], [-73.04442096038879, -36.76268457748225], [-73.047325944931, -36.76281109064578], [-73.04462941714543, -36.76527212654591], [-73.04526434728655, -36.7691902590597], [-73.04235869170283, -36.77562639437505], [-73.03789844133283, -36.779247855494376], [-73.02675508188013, -36.77591605539311], [-73.02916148796493, -36.78615846193755], [-73.02308462851128, -36.78689687207465], [-73.0089816768286, -36.779818972683], [-72.99677386496819, -36.7775458820692], [-72.99778351924526, -36.77054722053977], [-72.9938147497436, -36.767362480150865], [-72.99094045254984, -36.76179444630625], [-72.99495008012555, -36.75694764803152], [-72.99023595866973, -36.751734432969506], [-72.98669960850144, -36.752935166270014], [-72.96851967086808, -36.71979894835092], [-72.95906588885289, -36.70727995425936], [-72.96417158504275, -36.706611087172405], [-72.96345515884073, -36.70036494439899]]]}, "properties": {"NOM": "L\u00edmite urbano de Penco", "COM": "Penco", "REG": "Biob\u00edo"}}, {"type": "Feature", "geometry": {"type": "Polygon", "coordinates": [[[-73.13429522076049, -36.82243770584426], [-73.13844021905965, -36.821877147139396], [-73.14881131033731, -36.82513292779262], [-73.15859351552204, -36.8237579707017], [-73.15447715551414, -36.829974116311305], [-73.15312663101096, -36.844729545646466], [-73.15231287683947, -36.87788980417536], [-73.15437139955071, -36.90443292700227], [-73.12694250387177, -36.90919034460376], [-73.1272868523747, -36.911256164408826], [-73.12069642697146, -36.91216495487109], [-73.11115097816975, -36.918097270061736], [-73.10005985305587, -36.91918430609752], [-73.08301875821721, -36.9241173389735], [-73.0836696136917, -36.9257141752954], [-73.07737806317337, -36.923505088268726], [-73.07566850271236, -36.92209913042027], [-73.07341187992141, -36.912614933472085], [-73.07453025909396, -36.91114694382614], [-73.07364172017508, -36.90761525062535], [-73.07637598259247, -36.904709034245684], [-73.07675785013154, -36.90092277550768], [-73.07455313289604, -36.89513961976877], [-73.06426037740607, -36.890606368840736], [-73.05933707874479, -36.89045365913696], [-73.06015823772914, -36.89289121300913], [-73.05882893682285, -36.89409677335643], [-73.06014679858232, -36.895287911914046], [-73.05836310824576, -36.89741715652175], [-73.06456112348174, -36.900251585573365], [-73.0617992046317, -36.90264289707052], [-73.06018553214074, -36.90110451325454], [-73.05741623632558, -36.90198437169718], [-73.0562603803377, -36.905914243420945], [-73.05475739017123, -36.90563753284379], [-73.06185022265163, -36.87803945775678], [-73.07055071699541, -36.85875905556869], [-73.07455717890808, -36.84429060303458], [-73.10161233051305, -36.82976531903422], [-73.13429522076049, -36.82243770584426]]]}, "properties": {"NOM": "L\u00edmite urbano de San Pedro de La Paz", "COM": "San Pedro de La Paz", "REG": "Biob\u00edo"}}, {"type": "Feature", "geometry": {"type": "Polygon", "coordinates": [[[-73.10375963641874, -36.686920297712476], [-73.10340837088815, -36.68498789211168], [-73.10150260669097, -36.68455350487369], [-73.1022227070025, -36.682990389585456], [-73.09985298991056, -36.67736898067094], [-73.10614669818219, -36.67389534746073], [-73.11256413770612, -36.67713053924957], [-73.12090869707646, -36.672306044931304], [-73.12610404064009, -36.677080673208174], [-73.12479191372539, -36.68821690281078], [-73.12884416456473, -36.690450930843475], [-73.1290044006552, -36.69458678017922], [-73.1322845117786, -36.70123711951714], [-73.14861887862703, -36.6971459831486], [-73.14905477444057, -36.70042628538643], [-73.15299967840006, -36.70061706176017], [-73.15307258297356, -36.704021206546216], [-73.15479911530525, -36.70391331690646], [-73.15532275047089, -36.70649570690855], [-73.15866869283322, -36.705651447864675], [-73.15767756181732, -36.709173792376774], [-73.15986533952152, -36.708342643187684], [-73.159504264388, -36.709455858174785], [-73.1622465487609, -36.71046164828525], [-73.16119024047956, -36.712133888729156], [-73.15735775528798, -36.710712367847684], [-73.15839477494352, -36.71443184967047], [-73.15421683811788, -36.718034287131026], [-73.15621773031035, -36.719650267694966], [-73.14662804127754, -36.72192016555643], [-73.14356647858469, -36.7261507897077], [-73.14939569587067, -36.73689084936977], [-73.14827777573723, -36.7373499766986], [-73.14578926902539, -36.73378909684308], [-73.1390740577477, -36.731529543438704], [-73.1316814161345, -36.72484597261732], [-73.1287403211145, -36.729111758992204], [-73.12769175990418, -36.728569534241046], [-73.12651428775564, -36.73194233028068], [-73.12810060385122, -36.74064891606221], [-73.13280404703326, -36.739629939329994], [-73.12873062020775, -36.7414720204057], [-73.13512535301624, -36.751144287533464], [-73.14277973226221, -36.75723091085571], [-73.15337725199207, -36.76278266917332], [-73.11572713007601, -36.77620023679493], [-73.07410657946997, -36.785445756246546], [-73.06877546992419, -36.79413851855031], [-73.06636388235685, -36.79566611579984], [-73.0611513872595, -36.788350681983026], [-73.05832206062716, -36.7807890904125], [-73.06380996751251, -36.78122559704295], [-73.07001373106802, -36.790988781344794], [-73.0749251378316, -36.778080820341735], [-73.0747239942597, -36.749051591663566], [-73.08777438722905, -36.73774280703624], [-73.0845624968633, -36.72974054250235], [-73.10469837589066, -36.72548945258988], [-73.1040991510871, -36.724476365273546], [-73.10871492408731, -36.71782155842463], [-73.10746877214204, -36.7164291589437], [-73.10832889914512, -36.71054200177962], [-73.11058170319778, -36.71377618195449], [-73.11400964557589, -36.71118897256998], [-73.11366535456516, -36.70922045305673], [-73.11078962905006, -36.7092266320371], [-73.11361464826062, -36.706821501282064], [-73.10652701433077, -36.695230981789244], [-73.10333163410161, -36.69230025443045], [-73.10092099785015, -36.69290408433346], [-73.10120651658343, -36.696461836435], [-73.09941275164095, -36.693035398147046], [-73.09993690603282, -36.694734901403926], [-73.09658208023063, -36.69567318722317], [-73.0950873330052, -36.693691392648], [-73.1020544345835, -36.69127505437218], [-73.10375963641874, -36.686920297712476]]]}, "properties": {"NOM": "L\u00edmite urbano de Talcahuano", "COM": "Talcahuano", "REG": "Biob\u00edo"}}, {"type": "Feature", "geometry": {"type": "Polygon", "coordinates": [[[-72.79944694545513, -36.6349419388369], [-72.79727889924615, -36.63849136643722], [-72.78978942912677, -36.63655625973608], [-72.78342570346693, -36.62836814838684], [-72.77738120851637, -36.62402161231271], [-72.77894197113541, -36.62273728453516], [-72.7870319578357, -36.629296682932036], [-72.7886371987394, -36.62680942369962], [-72.79147856279654, -36.62613251628054], [-72.79041184483768, -36.62488407078557], [-72.79522951868958, -36.62591280696973], [-72.79702042698945, -36.61985889913185], [-72.80239021888968, -36.615818190451144], [-72.80227351964943, -36.61218200655086], [-72.80652244045054, -36.613083068250624], [-72.80664876513906, -36.61709079213496], [-72.80098019088037, -36.62221485448725], [-72.80013183090921, -36.627154762578066], [-72.79666775110385, -36.63321508121539], [-72.79944694545513, -36.6349419388369]]]}, "properties": {"NOM": "L\u00edmite urbano de San Rafael", "COM": "Tom\u00e9", "REG": "Biob\u00edo"}}, {"type": "Feature", "geometry": {"type": "Polygon", "coordinates": [[[-72.61639485138974, -37.188605839346096], [-72.61259573322107, -37.18138959687561], [-72.61307235595464, -37.17963970166036], [-72.61543339532095, -37.17981716333534], [-72.6184038930985, -37.18774563729384], [-72.62114270458451, -37.18855288031472], [-72.62134050642354, -37.19119416834716], [-72.62328709455879, -37.19049812528086], [-72.62352059005732, -37.192949524969414], [-72.629977194331, -37.19319497885963], [-72.63107638189581, -37.199433469260306], [-72.62641870158929, -37.19952269637613], [-72.62475376583834, -37.204331343030944], [-72.62614307330729, -37.20647771633968], [-72.6300086380609, -37.20710645402566], [-72.62656256229047, -37.21283889205167], [-72.6192105838169, -37.20906197629589], [-72.61672786135715, -37.205917955629445], [-72.61724866143975, -37.20175774114779], [-72.61574654533403, -37.198400868036614], [-72.61818091687194, -37.19686655620049], [-72.61833874727408, -37.19399627716722], [-72.61639485138974, -37.188605839346096]]]}, "properties": {"NOM": "L\u00edmite urbano de R\u00edo Claro", "COM": "Yumbel", "REG": "Biob\u00edo"}}, {"type": "Feature", "geometry": {"type": "Polygon", "coordinates": [[[-72.54107333545171, -37.11767167395405], [-72.54681373720388, -37.112957363638586], [-72.54773173547419, -37.10364555694623], [-72.54657371364817, -37.10347031300415], [-72.54941388384431, -37.090742032961934], [-72.55200522789328, -37.0915650134432], [-72.55538105990006, -37.0805575413704], [-72.55865788139286, -37.08122436789195], [-72.5628777219316, -37.0726123049407], [-72.56732455686117, -37.07102251496343], [-72.56816090366202, -37.078581861163954], [-72.56691733347488, -37.08216102084506], [-72.57335965723047, -37.09028949296682], [-72.57447872181758, -37.100468565016534], [-72.56357952176417, -37.10818516807548], [-72.56297220044497, -37.111460723177785], [-72.55613589447037, -37.11967738003881], [-72.55758565226974, -37.12083922780897], [-72.54677777225318, -37.14033474187548], [-72.54933204911855, -37.14719938001585], [-72.55231776525532, -37.14863349328275], [-72.5485695546138, -37.155221536096626], [-72.54628768287517, -37.1526115668613], [-72.54461802737573, -37.15521126924031], [-72.53076850211276, -37.14931207037899], [-72.53381246501259, -37.1437393664887], [-72.5266225911253, -37.140590023286464], [-72.52911161886003, -37.13456310433678], [-72.53406113305626, -37.13604749682482], [-72.53989555248607, -37.135101191080494], [-72.54332056006817, -37.12802289297899], [-72.53958993394832, -37.12524533995133], [-72.54301797244617, -37.11960052935109], [-72.54107333545171, -37.11767167395405]]]}, "properties": {"NOM": "L\u00edmite urbano de Yumbel", "COM": "Yumbel", "REG": "Biob\u00edo"}}, {"type": "Feature", "geometry": {"type": "Polygon", "coordinates": [[[-72.62851220739262, -36.98503241771534], [-72.6268556843643, -36.986012880817974], [-72.62558475059528, -36.99522760566119], [-72.62108437337984, -36.99592722469969], [-72.6217741070415, -36.989761542644445], [-72.61993638573554, -36.988304160380665], [-72.61982173195919, -36.985798687169236], [-72.62743696352341, -36.98329143650375], [-72.62851220739262, -36.98503241771534]]]}, "properties": {"NOM": "L\u00edmite urbano de Tomeco", "COM": "Yumbel", "REG": "Biob\u00edo"}}, {"type": "Feature", "geometry": {"type": "Polygon", "coordinates": [[[-73.09066754455222, -36.631923102336415], [-73.09027839616778, -36.629854077855825], [-73.09363518389054, -36.623113471659295], [-73.09790623918023, -36.61992440533418], [-73.10123052765267, -36.61997161908153], [-73.09586122443595, -36.623004049686024], [-73.09202826313727, -36.63095042091535], [-73.09261866199313, -36.63359112709098], [-73.09823011148458, -36.633815535470276], [-73.1007184870424, -36.63965513684407], [-73.10026509833536, -36.643460109588226], [-73.10199240860807, -36.64536267719962], [-73.09555360355341, -36.645290954444654], [-73.09307400723087, -36.64366631128379], [-73.09357838251681, -36.63989326332035], [-73.09066754455222, -36.631923102336415]]]}, "properties": {"NOM": "L\u00edmite urbano de Caleta Tumbes", "COM": "Talcahuano", "REG": "Biob\u00edo"}}, {"type": "Feature", "geometry": {"type": "Polygon", "coordinates": [[[-72.9246448429723, -36.54387560179094], [-72.92592308273953, -36.53940169481468], [-72.9228069950039, -36.539601743245825], [-72.91680035595769, -36.53452372117995], [-72.91553091698532, -36.526299033315844], [-72.92220390474968, -36.521306133426954], [-72.92748246554629, -36.51986360406006], [-72.92894598553583, -36.5223474861368], [-72.93274015308894, -36.52044736370185], [-72.93221347892272, -36.52455860160861], [-72.9343252780185, -36.5251628489391], [-72.93287844962526, -36.52733290602044], [-72.93803218591988, -36.53179647030338], [-72.93388065686862, -36.53757049489787], [-72.93466269781564, -36.54072061612897], [-72.93251852074205, -36.54290389663126], [-72.93830980846182, -36.546560350410516], [-72.94695419313463, -36.54718987072269], [-72.94955866336652, -36.545954425619456], [-72.95204144331844, -36.55336147016987], [-72.95515532479176, -36.55625574584553], [-72.95720421217325, -36.554683843610896], [-72.95439135166006, -36.55015467626306], [-72.95585339841253, -36.546659648799455], [-72.9550192587723, -36.54347010286751], [-72.95718056312508, -36.5421912869939], [-72.95865777433785, -36.538297622736245], [-72.9569420460441, -36.53395878547945], [-72.95827980728373, -36.529761919514556], [-72.95678008069669, -36.5274337558393], [-72.95360956852956, -36.52793746806582], [-72.95316660027979, -36.523556252453886], [-72.95795107509373, -36.526471911256095], [-72.96079225499624, -36.52303375812994], [-72.9671739029443, -36.521583358886325], [-72.966618531198, -36.5235466288423], [-72.96977200951072, -36.524146204775406], [-72.9711152504736, -36.5263999949288], [-72.97571881536909, -36.525711263764755], [-72.97479758496038, -36.526942653490565], [-72.97789782012622, -36.52797394201105], [-72.97612445772046, -36.53044197282998], [-72.9795335237995, -36.533701638721226], [-72.97683805333102, -36.536912645361234], [-72.97821013201116, -36.53982433704326], [-72.97704445923385, -36.54505032772701], [-72.97839072482428, -36.54723370751003], [-72.97641067624134, -36.54950780770018], [-72.97884193781172, -36.56028533258745], [-72.98111767675192, -36.56252463159378], [-72.9834074096476, -36.56175289223993], [-72.98287052702646, -36.564364746337915], [-72.98666414660728, -36.566194182354636], [-72.98968761085061, -36.57237889556123], [-72.9923720778552, -36.573335587205044], [-72.99223700716908, -36.57501794415728], [-72.99676369424255, -36.57554524960823], [-72.99671287834354, -36.576837743157235], [-73.00205896190681, -36.57858284550461], [-73.00127007759397, -36.58063291839127], [-72.99649168976441, -36.582332736728674], [-72.99307839531531, -36.58021145587324], [-72.9886645707775, -36.58441607006492], [-72.9823311210377, -36.586626447556796], [-72.9783536387761, -36.591966245960485], [-72.97710285781217, -36.59746442425143], [-72.9791466804921, -36.60772155765444], [-72.98066989982044, -36.608943853504044], [-72.97674310949034, -36.611989722362175], [-72.97459115210809, -36.61090159385903], [-72.97256189022063, -36.61247392081566], [-72.97089572737097, -36.61104128232067], [-72.9667146509334, -36.612075430990295], [-72.96402181702027, -36.615896641937475], [-72.9636454920865, -36.61949309944868], [-72.95975136539845, -36.61889131149727], [-72.95643810644108, -36.6260362845821], [-72.9571465807562, -36.63317104453777], [-72.96295741940979, -36.645734627553395], [-72.97029892442546, -36.653223551176495], [-72.97112644797362, -36.657045817257526], [-72.9777662528697, -36.663170249824226], [-72.97797779623765, -36.666839892270346], [-72.98491535132793, -36.67081236596303], [-72.97741944388123, -36.680223162005014], [-72.97423956138735, -36.690375813367105], [-72.96807578903167, -36.69610933756938], [-72.96654397192772, -36.7005776652584], [-72.96358330441431, -36.69856422065551], [-72.9604105653236, -36.688019488527814], [-72.95246820685878, -36.67791472738286], [-72.95193028219192, -36.66300254908773], [-72.94833710280213, -36.65782011243285], [-72.94756039515298, -36.65015303445796], [-72.94323666265501, -36.64755432041481], [-72.94966344645452, -36.62346500647828], [-72.93477732104927, -36.623718221525664], [-72.92527201885589, -36.61275845100225], [-72.94060208538637, -36.60686588545485], [-72.94164965036508, -36.603665983225355], [-72.94327373163522, -36.60327599138448], [-72.94633063117344, -36.593124808896654], [-72.9439269910014, -36.58356555734133], [-72.95003478124688, -36.57163253709623], [-72.94723787840641, -36.57072036278286], [-72.94508999757893, -36.565496563169795], [-72.94222321569082, -36.563228361532026], [-72.94200655821398, -36.558212932337845], [-72.93771483987608, -36.55537202016002], [-72.93157431502166, -36.556616843307324], [-72.92621906145598, -36.551181791577115], [-72.92627511812633, -36.54499976348555], [-72.9246448429723, -36.54387560179094]], [[-72.95970950660114, -36.52502149489726], [-72.95970508868658, -36.524982850298954], [-72.95969496467333, -36.524894993375575], [-72.95970950660114, -36.52502149489726]]]}, "properties": {"NOM": "L\u00edmite urbano de Tom\u00e9", "COM": "Tom\u00e9", "REG": "Biob\u00edo"}}, {"type": "Feature", "geometry": {"type": "Polygon", "coordinates": [[[-72.9710368338375, -37.14994325233048], [-72.9738845426955, -37.14485194245866], [-72.98148403936918, -37.144989771215336], [-72.9810900930828, -37.15563318720039], [-72.97755734875207, -37.15782559111077], [-72.97822990482888, -37.1607107832246], [-72.97660269562492, -37.163184680562466], [-72.9717223022982, -37.16524344852179], [-72.96707361772094, -37.17059533137417], [-72.96738554243198, -37.17797356737849], [-72.96507318456756, -37.180744391767384], [-72.95990178649613, -37.17868908012416], [-72.94448962293183, -37.18846372825802], [-72.94504384124131, -37.19082452975294], [-72.93479933157035, -37.191883396665716], [-72.92984077133919, -37.18833873657666], [-72.93031597114134, -37.18348926017136], [-72.93337631571866, -37.18115661242399], [-72.92254068674296, -37.1810682911692], [-72.92292666048118, -37.177937896133535], [-72.93786298194792, -37.17119697750104], [-72.94112040881373, -37.167398900327136], [-72.95206655392559, -37.16324883661259], [-72.9710368338375, -37.14994325233048]]]}, "properties": {"NOM": "L\u00edmite urbano de Santa Juana", "COM": "Santa Juana", "REG": "Biob\u00edo"}}, {"type": "Feature", "geometry": {"type": "Polygon", "coordinates": [[[-72.94809252388963, -36.98380965460814], [-72.95429047354861, -36.99385159908116], [-72.97161065608142, -37.006029699285975], [-72.97393684530628, -37.01486847137212], [-72.97149757435683, -37.01568931631849], [-72.97132562962491, -37.01457575493059], [-72.96930309432231, -37.0162932185947], [-72.9676998225257, -37.01399576795081], [-72.96662878906022, -37.01591578373121], [-72.96450824845842, -37.01388498605294], [-72.96332256660648, -37.01680873652984], [-72.96425197887078, -37.0183310505737], [-72.95901738970902, -37.01602220737329], [-72.95222892890477, -37.008990884440415], [-72.94491622567374, -37.00462070492599], [-72.9363628924415, -36.9928232481492], [-72.9348628235963, -36.99351639030393], [-72.93253457722945, -36.99111271126969], [-72.92856838409602, -36.99024647476681], [-72.92869529358781, -36.98841983225203], [-72.92177642974363, -36.982716289230574], [-72.91710895869883, -36.97564422407584], [-72.9145943460465, -36.976803879532774], [-72.91189897079943, -36.9747781910791], [-72.91165214250543, -36.97076639518381], [-72.91354555037587, -36.97134876309876], [-72.91584229641899, -36.96837631809219], [-72.91941749513003, -36.96917472887561], [-72.92221085052346, -36.96643896625748], [-72.92038392606888, -36.9659395676319], [-72.92081934847026, -36.962077219553905], [-72.92404202490764, -36.95877199799795], [-72.92324081211582, -36.953852777852134], [-72.9254872632828, -36.9538033774668], [-72.92334774666895, -36.951973286543584], [-72.92265301208609, -36.94852335356341], [-72.92665464914735, -36.9485167566706], [-72.93100397285112, -36.95098145432644], [-72.93313104869662, -36.950080520164455], [-72.93791484258757, -36.95543410662364], [-72.94065236499115, -36.95470408310552], [-72.94287743715267, -36.958193117947786], [-72.93971540328518, -36.960634605452476], [-72.94068796342923, -36.962662324081556], [-72.93944004359946, -36.96545471313548], [-72.94175426367147, -36.96720432481942], [-72.94405140587162, -36.96127597801178], [-72.94466721447361, -36.962690371994384], [-72.94657473218221, -36.961785626361674], [-72.94821313798788, -36.964206317742686], [-72.94685945051657, -36.966744584215014], [-72.95038950708796, -36.96580946210585], [-72.95438898100602, -36.95885306514464], [-72.95369489860008, -36.95677657306356], [-72.95566689019324, -36.95522699175518], [-72.95439553601265, -36.95379480906378], [-72.95736548761452, -36.95522049091686], [-72.9605121036968, -36.95253235891313], [-72.95679587936759, -36.96091266830895], [-72.9601629195627, -36.96030521452979], [-72.95728123642066, -36.962618925019555], [-72.96007692653549, -36.96485734061699], [-72.95960634227728, -36.96665612053704], [-72.95148315025084, -36.968637390027396], [-72.94654257249503, -36.9739158930425], [-72.94596602476253, -36.97940557913415], [-72.94809252388963, -36.98380965460814]]]}, "properties": {"NOM": "L\u00edmite urbano de Hualqui", "COM": "Hualqui", "REG": "Biob\u00edo"}}, {"type": "Feature", "geometry": {"type": "Polygon", "coordinates": [[[-73.02431593130493, -36.85571515395289], [-73.03165369304081, -36.85650290443333], [-73.04168748399726, -36.85474439617941], [-73.06103721138689, -36.85702110870497], [-73.04987838114837, -36.880477081043786], [-73.0445750439179, -36.906306257572304], [-73.04396206500905, -36.92305892267311], [-73.03674881336482, -36.950296539442824], [-73.02969733932011, -36.9598914435619], [-73.01930071882039, -36.96688706913826], [-73.01317244518978, -36.96062201097208], [-73.00608575269435, -36.96220956950528], [-73.00821754828836, -36.95594308125646], [-73.00097400275779, -36.95074166762313], [-73.00057485522592, -36.948791180898596], [-73.00450253848142, -36.948020314618], [-73.00398740227669, -36.94363375852741], [-73.00552387355212, -36.94009008247704], [-73.00444592305895, -36.933657754180125], [-73.00566446887724, -36.93082078858121], [-73.00382864121991, -36.92587034401902], [-73.0079216567085, -36.91905136357901], [-73.0063447738217, -36.916489972164456], [-73.00104253073924, -36.91449046346187], [-73.00047376960364, -36.91225020156723], [-73.00226799717849, -36.911221008301155], [-73.00260214890461, -36.908271985544054], [-73.01046205280612, -36.90455939486923], [-73.01706218899757, -36.896747930749946], [-73.01670882320585, -36.891505252147674], [-73.01883493336241, -36.89087395710097], [-73.02010835995635, -36.88802904559764], [-73.02066446293131, -36.875029236981156], [-73.01580966440368, -36.8699777153378], [-73.01957293709756, -36.867494230354254], [-73.0183137209531, -36.862914132866315], [-73.02290146561812, -36.86139653772828], [-73.02431593130493, -36.85571515395289]]]}, "properties": {"NOM": "L\u00edmite urbano de Chiguayante", "COM": "Chiguayante", "REG": "Biob\u00edo"}}, {"type": "Feature", "geometry": {"type": "Polygon", "coordinates": [[[-73.02332986948217, -36.786808150196556], [-73.0255492229686, -36.78691471255408], [-73.02829735178074, -36.7817444076589], [-73.02716206631456, -36.77583514503853], [-73.03759214097377, -36.779032991128076], [-73.0434877581323, -36.77344348120487], [-73.05747238192914, -36.778367475316195], [-73.0642764006558, -36.79267427454267], [-73.07010012294721, -36.79983081063845], [-73.08045301076396, -36.80722252057936], [-73.08240993132159, -36.81369856300392], [-73.09150949594216, -36.823463454786065], [-73.07051786201221, -36.84011639839722], [-73.06104002580868, -36.857074212379686], [-73.04099144146737, -36.85432941615463], [-73.03535082367864, -36.85634002264754], [-73.02288175837741, -36.85512423944651], [-73.02038735961561, -36.85661834156486], [-73.01947860141631, -36.85259694010096], [-73.01235727257847, -36.8462250629544], [-73.00978623314988, -36.84888323193598], [-72.99973873929207, -36.84638766939868], [-72.99065376780332, -36.84678419674174], [-72.98669898956223, -36.849867315252105], [-72.98564940606907, -36.85540605969723], [-72.98165549631588, -36.85710033114272], [-72.97336381807139, -36.853155705980676], [-72.96521475636139, -36.85417460833191], [-72.95721882327136, -36.84764269978527], [-72.95171318364225, -36.83781840681645], [-72.95191635650839, -36.8308052875909], [-72.9498750679759, -36.828205895513946], [-72.95012804703462, -36.82592095452418], [-72.95266803080554, -36.823715987570985], [-72.96598549650211, -36.81918574775208], [-72.96672782472704, -36.814353936492], [-72.97341665787471, -36.810921519186316], [-72.9679841258384, -36.80359754951148], [-72.96000983046862, -36.80140080190001], [-72.9529518265701, -36.801698609316055], [-72.949849049172, -36.799103332187784], [-72.95841813346446, -36.7991073481381], [-72.96818366771416, -36.80175237071518], [-72.97176147962436, -36.8038861790968], [-72.97586253862802, -36.809638269732886], [-72.98288738840435, -36.80817326332835], [-72.98507260590999, -36.80392987849899], [-72.99623817980134, -36.810176206748885], [-72.99407599509959, -36.805734533778605], [-73.00610280721003, -36.800662822152724], [-72.99818578842275, -36.78981215258795], [-72.99722995940088, -36.777989318120774], [-73.01621704230018, -36.78146735962377], [-73.02332986948217, -36.786808150196556]]]}, "properties": {"NOM": "L\u00edmite urbano de Concepci\u00f3n", "COM": "Concepci\u00f3n", "REG": "Biob\u00edo"}}, {"type": "Feature", "geometry": {"type": "Polygon", "coordinates": [[[-73.30958172414773, -37.23624669194702], [-73.31401323561518, -37.23506057080128], [-73.33668712391643, -37.24000153709119], [-73.33586655243026, -37.24374679923278], [-73.35282541638614, -37.245359994951336], [-73.35260491771314, -37.24748254197816], [-73.3473826210977, -37.24721898491106], [-73.34718369636455, -37.24966722121527], [-73.33683261416154, -37.24986461292255], [-73.33830938430151, -37.2522191646282], [-73.33187106613374, -37.248601202098335], [-73.32532102179916, -37.250413381004016], [-73.32492027526607, -37.25216119061677], [-73.32218315979934, -37.25154340188445], [-73.32433671438615, -37.255089982188125], [-73.33105837466925, -37.259290176457135], [-73.3289809783539, -37.26056382286645], [-73.32557706231637, -37.25647090097619], [-73.31612035089506, -37.25744223992164], [-73.3109546571257, -37.253063471629844], [-73.30196820926403, -37.25171496985459], [-73.30060711877645, -37.25028575183031], [-73.28501826647725, -37.24822392380007], [-73.28298000886052, -37.25034161929529], [-73.28168061197172, -37.24850836969918], [-73.28202632142228, -37.24532502202803], [-73.28901239002948, -37.245929661011814], [-73.30786179623003, -37.242956305614264], [-73.30958172414773, -37.23624669194702]]]}, "properties": {"NOM": "L\u00edmite urbano de Arauco", "COM": "Arauco", "REG": "Biob\u00edo"}}, {"type": "Feature", "geometry": {"type": "Polygon", "coordinates": [[[-73.19939406237718, -37.22519274154795], [-73.18086217290032, -37.19426974011903], [-73.20131744613033, -37.176127629551644], [-73.25211302612898, -37.21406150340733], [-73.26836139725528, -37.22318517903711], [-73.29681621300612, -37.23279183274478], [-73.27261287466168, -37.2369933007281], [-73.26517690011579, -37.24160307966732], [-73.26554640144667, -37.244134999751495], [-73.24334879990904, -37.247088414173696], [-73.22599254911927, -37.25264080591612], [-73.22065094455601, -37.251046973046364], [-73.2174178746108, -37.2534387801043], [-73.2061394866928, -37.24015330154726], [-73.19939406237718, -37.22519274154795]]]}, "properties": {"NOM": "L\u00edmite urbano de Horcones", "COM": "Arauco", "REG": "Biob\u00edo"}}, {"type": "Feature", "geometry": {"type": "Polygon", "coordinates": [[[-73.54241962895036, -37.66717117031044], [-73.5461654788193, -37.66628972670517], [-73.54816195219891, -37.6696581280563], [-73.54121372602137, -37.673105609750664], [-73.52911660367197, -37.67289531356643], [-73.52739892423742, -37.67103639790563], [-73.53429192558455, -37.66818826707325], [-73.54241962895036, -37.66717117031044]]]}, "properties": {"NOM": "L\u00edmite urbano de Pehuen", "COM": "Lebu", "REG": "Biob\u00edo"}}, {"type": "Feature", "geometry": {"type": "Polygon", "coordinates": [[[-73.61588747219791, -37.64443798772758], [-73.62058091623254, -37.64376065719827], [-73.62433174186985, -37.64109376265103], [-73.63660339250592, -37.64163131048558], [-73.64016943468928, -37.643942757985556], [-73.63593264204285, -37.64710840607581], [-73.63480905892987, -37.647279476764616], [-73.63528938631565, -37.6446338654229], [-73.62846758633626, -37.645268888140954], [-73.62161700343685, -37.64830689337086], [-73.61385143521657, -37.64852645867545], [-73.61365526471809, -37.642978435101654], [-73.61588747219791, -37.64443798772758]]]}, "properties": {"NOM": "L\u00edmite urbano de Santa Rosa", "COM": "Lebu", "REG": "Biob\u00edo"}}, {"type": "Feature", "geometry": {"type": "MultiPolygon", "coordinates": [[[[-73.6606755732256, -37.59967661803334], [-73.66539220098107, -37.594856833920055], [-73.66718854498674, -37.60041102620113], [-73.66320604653261, -37.60124378463557], [-73.66129534519465, -37.605724475052035], [-73.6618242651491, -37.6083471262379], [-73.66565887036475, -37.60769218198405], [-73.66887910158792, -37.60989811129426], [-73.66732767605794, -37.61674612687612], [-73.6690930227964, -37.618570043706875], [-73.66097457926458, -37.623477117423924], [-73.64538647795692, -37.61621733564246], [-73.64440825393501, -37.61999982988256], [-73.64003530723421, -37.61808727375347], [-73.64605922447656, -37.60777240935168], [-73.6606755732256, -37.59967661803334]]], [[[-73.63905339203482, -37.59817594082969], [-73.63774228380963, -37.59297135482288], [-73.63420025269552, -37.59046152850854], [-73.63516825748275, -37.58626213455571], [-73.63965198622103, -37.5849540254869], [-73.63925811539312, -37.57127375406237], [-73.64165198279316, -37.57418099302204], [-73.64075038147175, -37.57784655535086], [-73.64485363775458, -37.57879806548788], [-73.64308694174655, -37.579885144864704], [-73.64339107447083, -37.582495628661384], [-73.64904404948459, -37.5912603246968], [-73.65600529764048, -37.596334521284604], [-73.6626471129662, -37.59747526962378], [-73.64406975615955, -37.60663054430917], [-73.63837577934127, -37.61737022213916], [-73.63642556201226, -37.61663393707873], [-73.64036653763905, -37.59972502697656], [-73.63905339203482, -37.59817594082969]]]]}, "properties": {"NOM": "L\u00edmite urbano de Lebu", "COM": "Lebu", "REG": "Biob\u00edo"}}, {"type": "Feature", "geometry": {"type": "Polygon", "coordinates": [[[-73.26125998855886, -37.81049582307324], [-73.26996597699892, -37.8081710446138], [-73.2713972447748, -37.812204867553895], [-73.26157210281444, -37.81482055569055], [-73.2569465417709, -37.81399436372445], [-73.25146581871287, -37.815222165166105], [-73.25100177778319, -37.81200745324707], [-73.25363074686949, -37.81071129278036], [-73.26125998855886, -37.81049582307324]]]}, "properties": {"NOM": "L\u00edmite urbano de Santa Elena de Cayucupil", "COM": "Ca\u00f1ete", "REG": "Biob\u00edo"}}, {"type": "Feature", "geometry": {"type": "Polygon", "coordinates": [[[-73.37006916396638, -37.761103484933706], [-73.37675375347266, -37.76144154141591], [-73.3800815831039, -37.76401523463808], [-73.38733003882582, -37.77713519024532], [-73.38898193822537, -37.782829245578775], [-73.38682935471739, -37.78450617566763], [-73.38739692648356, -37.78572416605017], [-73.38874961233333, -37.78828307694471], [-73.39338466138291, -37.78727594789143], [-73.39614210841947, -37.79553720804019], [-73.4046358258562, -37.79378955286247], [-73.40506038582916, -37.796383019306084], [-73.41389237197097, -37.80145963760321], [-73.41037139377383, -37.80318989709199], [-73.4123476757208, -37.80863234624943], [-73.40669790140439, -37.81120339943285], [-73.40257330474365, -37.808164725179424], [-73.39834788387039, -37.8120403397001], [-73.3930247908902, -37.81294234710662], [-73.38657872744805, -37.81760349844457], [-73.38597816056149, -37.814313536708035], [-73.38917914448139, -37.81257363841278], [-73.38955413541696, -37.80598256461286], [-73.38473827167037, -37.80514948632726], [-73.38306830625214, -37.802103178317296], [-73.38071643958318, -37.80179638738346], [-73.36972626085274, -37.79345178269883], [-73.37131299735991, -37.789808752208096], [-73.36855428908869, -37.78865303709896], [-73.36992288500046, -37.787420210613725], [-73.36924478721666, -37.78529115909053], [-73.36246625459293, -37.78031922656112], [-73.37638029955453, -37.77220595767362], [-73.37006916396638, -37.761103484933706]]]}, "properties": {"NOM": "L\u00edmite urbano de Ca\u00f1ete", "COM": "Ca\u00f1ete", "REG": "Biob\u00edo"}}, {"type": "Feature", "geometry": {"type": "Polygon", "coordinates": [[[-72.80506626149352, -36.902191038635046], [-72.79918978743369, -36.90228553011518], [-72.79958240511176, -36.89889775498807], [-72.80412573706914, -36.89075887707138], [-72.80589876619993, -36.8915857270046], [-72.80761866087995, -36.89034466813956], [-72.81014961119237, -36.89527489641904], [-72.81167915106707, -36.89484377889442], [-72.81236689136712, -36.896395251065854], [-72.80730578754797, -36.896113064046595], [-72.80664196668899, -36.901105932012655], [-72.80510452702968, -36.9008815883108], [-72.80506626149352, -36.902191038635046]]]}, "properties": {"NOM": "L\u00edmite urbano de Copielemu", "COM": "Florida", "REG": "Biob\u00edo"}}, {"type": "Feature", "geometry": {"type": "Polygon", "coordinates": [[[-72.6515279576601, -36.80830096222587], [-72.65352042275691, -36.81250141216576], [-72.65353383909567, -36.81717921706473], [-72.66272288400334, -36.81584562701865], [-72.66342422210185, -36.81776255377979], [-72.66868862185633, -36.81766560325868], [-72.67019305381885, -36.82161738702265], [-72.67816249738777, -36.823058483034586], [-72.67502740219904, -36.836303487670286], [-72.67184572487122, -36.83585172055566], [-72.67268687586225, -36.82660332830199], [-72.66753199421564, -36.82670421656928], [-72.66795290253695, -36.831206907273284], [-72.6626753792945, -36.83193998518494], [-72.66482737081272, -36.835117814479425], [-72.65964600144164, -36.83757539426448], [-72.65725871779432, -36.833178861699075], [-72.65812517612352, -36.828739092281424], [-72.65466688416353, -36.82879997258941], [-72.65471084771355, -36.82704250904595], [-72.64668713063007, -36.82714665333067], [-72.64795716069393, -36.809584969855074], [-72.6515279576601, -36.80830096222587]]]}, "properties": {"NOM": "L\u00edmite urbano de Florida", "COM": "Florida", "REG": "Biob\u00edo"}}, {"type": "Feature", "geometry": {"type": "Polygon", "coordinates": [[[-72.96024827478605, -37.04790391850736], [-72.9629624041613, -37.05022408622647], [-72.96689474428324, -37.04968851880628], [-72.96555311040642, -37.05127436606567], [-72.96575996726351, -37.05643416414383], [-72.96338909224316, -37.056453794123136], [-72.96325110023575, -37.068823297110534], [-72.95717131946081, -37.075868225654226], [-72.95313554102884, -37.07410225603126], [-72.95134299240524, -37.070972269648834], [-72.95263501682054, -37.06707122547635], [-72.95041925749355, -37.060310278977354], [-72.95192867151265, -37.05782587780822], [-72.94949174336944, -37.054477531121975], [-72.96024827478605, -37.04790391850736]]]}, "properties": {"NOM": "L\u00edmite urbano de Hualqui - Quilacoya", "COM": "Hualqui", "REG": "Biob\u00edo"}}, {"type": "Feature", "geometry": {"type": "Polygon", "coordinates": [[[-72.95158223712161, -37.10316336699781], [-72.9547081946473, -37.10750978268169], [-72.94569267550641, -37.11711941911598], [-72.96094129538335, -37.1195385546431], [-72.9603144285202, -37.121147155826634], [-72.95488552208438, -37.12652981634284], [-72.94295554925989, -37.12368092729365], [-72.93800912347159, -37.128394763963804], [-72.94239300716099, -37.12272099392018], [-72.93888798573823, -37.1225998473057], [-72.93889854004452, -37.11347053589317], [-72.94922836990455, -37.11150117534183], [-72.94922793422164, -37.10857516330713], [-72.95160299628952, -37.10709968008705], [-72.95158223712161, -37.10316336699781]]]}, "properties": {"NOM": "L\u00edmite urbano de Hualqui - Unihue", "COM": "Hualqui", "REG": "Biob\u00edo"}}, {"type": "Feature", "geometry": {"type": "Polygon", "coordinates": [[[-72.92819587430728, -37.15369258178993], [-72.9256755465731, -37.157477280972365], [-72.91509856502559, -37.16373890791949], [-72.89836594536727, -37.170690988353506], [-72.89506809521198, -37.170071439155905], [-72.89696394021176, -37.16547829389441], [-72.90212850120557, -37.16191171814182], [-72.90067896978165, -37.1567832203944], [-72.90371584048228, -37.157027752260575], [-72.90280758533954, -37.15595259711739], [-72.90810514819935, -37.15151155403721], [-72.91633840810262, -37.14891792016709], [-72.92819587430728, -37.15369258178993]]]}, "properties": {"NOM": "L\u00edmite urbano de Hualqui - Talcamavida", "COM": "Hualqui", "REG": "Biob\u00edo"}}, {"type": "Feature", "geometry": {"type": "Polygon", "coordinates": [[[-72.95387993178566, -40.346007523502756], [-72.94723636564348, -40.351051277673434], [-72.9443138801229, -40.34591389825592], [-72.94028729055799, -40.346049958086894], [-72.93884708903661, -40.33880207266698], [-72.93285282248685, -40.33921039707835], [-72.93025761658048, -40.34130119267142], [-72.92325271030177, -40.335775872282206], [-72.93133471906401, -40.3343455819616], [-72.93804487821653, -40.33080638383615], [-72.94090843874604, -40.325510257772116], [-72.95044412645387, -40.32839873670065], [-72.97150551007405, -40.33096213208123], [-72.97506424805583, -40.33494364969843], [-72.96736957847108, -40.336092911811214], [-72.96445249182537, -40.34059221674654], [-72.96148721864948, -40.34057455820718], [-72.95387993178566, -40.346007523502756]]]}, "properties": {"NOM": "L\u00edmite urbano de R\u00edo Bueno", "COM": "R\u00edo Bueno", "REG": "Los R\u00edos"}}, {"type": "Feature", "geometry": {"type": "Polygon", "coordinates": [[[-72.95367794200077, -39.80759803218267], [-72.96061721107661, -39.80294669793477], [-72.96503253220769, -39.803305015220616], [-72.96684985457017, -39.80549165822777], [-72.96419256429789, -39.80837357728416], [-72.95367794200077, -39.80759803218267]]]}, "properties": {"NOM": "L\u00edmite urbano de Antilhu\u00e9", "COM": "Los Lagos", "REG": "Los R\u00edos"}}, {"type": "Feature", "geometry": {"type": "Polygon", "coordinates": [[[-73.04806375912162, -40.30743387218777], [-73.04806346447421, -40.29831988129509], [-73.05383017788104, -40.299130299110466], [-73.06443065127155, -40.295570853333075], [-73.06161886963504, -40.290844711045025], [-73.0756873017563, -40.2867750617633], [-73.07442059186575, -40.28446679850712], [-73.07160670188325, -40.28423839146341], [-73.07017461035224, -40.27982122463038], [-73.06565487983234, -40.27643606022944], [-73.08339976606855, -40.26502828489994], [-73.08496839164127, -40.26783211010962], [-73.08258550614556, -40.269584262007626], [-73.08371248219538, -40.27151018481601], [-73.08196938403155, -40.27291208006693], [-73.0839351502998, -40.275850802466785], [-73.08236032275835, -40.276174525317735], [-73.08722890683234, -40.28017214655325], [-73.08539731113828, -40.28139852095068], [-73.08618661496436, -40.282234343490735], [-73.08367132228737, -40.282442430099415], [-73.08329042582712, -40.28451100141388], [-73.08530673849977, -40.28634589199294], [-73.08302056472924, -40.286486294441694], [-73.08287369018029, -40.28792112632108], [-73.08721326177334, -40.28764851710389], [-73.09538063384377, -40.29665185417908], [-73.08872931793563, -40.30052115862789], [-73.09059846051362, -40.30441625572254], [-73.09658935209285, -40.30762908056859], [-73.09556784005406, -40.3093927821916], [-73.08955441513422, -40.30838472463858], [-73.0894705196732, -40.31085977100907], [-73.09256915134625, -40.31384754836511], [-73.08882134045503, -40.316214100257525], [-73.07949590703271, -40.308680880268284], [-73.0728139549801, -40.316601013559165], [-73.06794231304089, -40.30870120026797], [-73.0690613722381, -40.306606671620834], [-73.04806375912162, -40.30743387218777]]]}, "properties": {"NOM": "L\u00edmite urbano de La Uni\u00f3n", "COM": "La Uni\u00f3n", "REG": "Los R\u00edos"}}, {"type": "Feature", "geometry": {"type": "Polygon", "coordinates": [[[-72.75669503681733, -39.45089285875081], [-72.76260168349093, -39.44922890870818], [-72.76978163189263, -39.44472441667863], [-72.77175563301708, -39.44601868041799], [-72.7791429566038, -39.44570347412958], [-72.79123037355491, -39.45196542667512], [-72.76591042122747, -39.459537494527716], [-72.75669503681733, -39.45089285875081]]]}, "properties": {"NOM": "L\u00edmite urbano de Lanco", "COM": "Lanco", "REG": "Los R\u00edos"}}, {"type": "Feature", "geometry": {"type": "Polygon", "coordinates": [[[-72.79828040041369, -39.856797939028304], [-72.80666486384726, -39.855915041707526], [-72.82083890281166, -39.85809939491732], [-72.82324955523279, -39.85967897994639], [-72.82156153367735, -39.86115850098389], [-72.824066773308, -39.86332472586619], [-72.81518501690618, -39.871141802670344], [-72.81345599624117, -39.870147267074415], [-72.81044019552553, -39.87257884264028], [-72.80931763918693, -39.87276172454337], [-72.80967148288241, -39.871263717354914], [-72.80760259810435, -39.87324764828104], [-72.80486112401188, -39.87322336051797], [-72.80628625270111, -39.870698258355766], [-72.80369734667983, -39.87018757061048], [-72.80411042079356, -39.872399687328155], [-72.80198681334336, -39.87079658017145], [-72.80056464550131, -39.87270673075542], [-72.79750816906959, -39.872354224677494], [-72.79929485079607, -39.865956951097374], [-72.79097840240591, -39.86835028802976], [-72.78763204142865, -39.86254702771798], [-72.79508854697035, -39.85996169338093], [-72.79301623242456, -39.85686618362555], [-72.79828040041369, -39.856797939028304]]]}, "properties": {"NOM": "L\u00edmite urbano de Los Lagos", "COM": "Los Lagos", "REG": "Los R\u00edos"}}, {"type": "Feature", "geometry": {"type": "Polygon", "coordinates": [[[-72.9559453544566, -39.53253930495112], [-72.96439340513753, -39.537360084057966], [-72.96990819410779, -39.5334732346628], [-72.9752650835056, -39.533728330772334], [-72.96984040813476, -39.540052486582915], [-72.9694693554134, -39.54563174074058], [-72.96381483619565, -39.541897919139444], [-72.95746696220732, -39.543277444406684], [-72.9559453544566, -39.53253930495112]]]}, "properties": {"NOM": "L\u00edmite urbano de Mariquina", "COM": "Mariquina", "REG": "Los R\u00edos"}}, {"type": "Feature", "geometry": {"type": "MultiPolygon", "coordinates": [[[[-73.19106831822047, -39.78569517984387], [-73.20089207587698, -39.78986542930225], [-73.20987973915922, -39.796971882362605], [-73.2111081700389, -39.80124747509435], [-73.209342645434, -39.81118342627777], [-73.21025523943956, -39.816137556423136], [-73.21652282200779, -39.822385695642836], [-73.22562995134133, -39.823382134173386], [-73.23983444858375, -39.81077751711202], [-73.24384756701266, -39.808864654874306], [-73.24685170310434, -39.810254041863786], [-73.25144975953052, -39.82472820753688], [-73.25133238924877, -39.831310052350105], [-73.26674372187142, -39.839962674169165], [-73.26920838370238, -39.84556419238672], [-73.26884702470124, -39.85089955969201], [-73.26391974290996, -39.8545213017766], [-73.26399169437096, -39.860666252549784], [-73.26812989422004, -39.869055822842746], [-73.26567811153531, -39.87007768090252], [-73.26483053669169, -39.87361150178275], [-73.25429219617612, -39.870722979987896], [-73.24357262414523, -39.8771565947514], [-73.24076942680958, -39.867561592376745], [-73.23664600784019, -39.86512728158258], [-73.23497381729499, -39.861352421914866], [-73.22608987169882, -39.86020735649514], [-73.2290211508277, -39.858921792399265], [-73.22875439071419, -39.85744541177373], [-73.226015473227, -39.857070587387106], [-73.22452454384151, -39.85322393303435], [-73.21873966649962, -39.85180776720845], [-73.21962520324884, -39.849448166143546], [-73.21276664151307, -39.84822809154487], [-73.21454613761557, -39.84924599902844], [-73.2114868548469, -39.85151596999241], [-73.20641049134603, -39.85000339470539], [-73.19816890675501, -39.84401137605713], [-73.19728185275132, -39.83795865325823], [-73.20088199857614, -39.83494131869431], [-73.19972759246912, -39.831804039995475], [-73.20644550138759, -39.82269817665851], [-73.20476285624912, -39.81322589212225], [-73.20153702403016, -39.80638744549493], [-73.20671926476707, -39.806068323326684], [-73.20500244591854, -39.80111277388533], [-73.19736499811906, -39.791957746117696], [-73.18276003012635, -39.79124788080224], [-73.1819184721985, -39.78971887467625], [-73.19106831822047, -39.78569517984387]]], [[[-73.28019445353871, -39.80617373117891], [-73.28119286899324, -39.80584881047091], [-73.28087188567089, -39.80909046671748], [-73.2822907836453, -39.81364641809776], [-73.28146100712243, -39.819511133979354], [-73.28392448407551, -39.8164654955332], [-73.28782046398801, -39.81724612447169], [-73.28374329388271, -39.81784175033865], [-73.28240903966594, -39.824397083188884], [-73.28467051066447, -39.82646450518399], [-73.28482589136084, -39.83106540475131], [-73.28213350391043, -39.8325159286316], [-73.28806959107081, -39.83587595388305], [-73.29001162564587, -39.83963200607026], [-73.28837338333359, -39.840469551796126], [-73.29157344737865, -39.8431291826333], [-73.28883607499372, -39.84554861129698], [-73.28682635056536, -39.84439146117483], [-73.28657682103731, -39.84636361734641], [-73.28895420794517, -39.84765096431661], [-73.29188610242001, -39.84567711328209], [-73.29313846531718, -39.84634884958903], [-73.2909070016424, -39.85058374697429], [-73.28894375964009, -39.851016943493185], [-73.28764377076152, -39.848860808259865], [-73.28729485612202, -39.85193036588896], [-73.28520197105453, -39.8516574867696], [-73.2843392595984, -39.852235715456715], [-73.2885235232586, -39.85279921703949], [-73.28513517322833, -39.85559509721037], [-73.27835396542167, -39.84805622185937], [-73.27755530115033, -39.84470821210937], [-73.27023293833507, -39.840817031304155], [-73.26551494963195, -39.83117629098331], [-73.26769309110807, -39.82581358532676], [-73.27614178767773, -39.82215999095092], [-73.27896813010669, -39.81891040713592], [-73.28019445353871, -39.80617373117891]]], [[[-73.26153373936192, -39.788060966884686], [-73.26712908745021, -39.79331256923485], [-73.26725067352561, -39.800503599543944], [-73.26996023945921, -39.804530515057486], [-73.2677604656527, -39.810950975429435], [-73.26089000842595, -39.821256463093086], [-73.2578480820069, -39.82217656119907], [-73.25296945656466, -39.819147633248875], [-73.24956808455602, -39.81050872244543], [-73.24515078892796, -39.806361310836984], [-73.24897762191978, -39.80214682977451], [-73.25423548643056, -39.8002642220466], [-73.25676298811058, -39.79827523263591], [-73.257648696438, -39.79214265674522], [-73.26153373936192, -39.788060966884686]]], [[[-73.21099131808505, -39.793120208650485], [-73.20923055005959, -39.791378150618264], [-73.21583707956093, -39.78882975298463], [-73.2188083948054, -39.79785783854644], [-73.21793255986125, -39.803520118014475], [-73.22055218287535, -39.805252224943196], [-73.2217756757159, -39.80442276795179], [-73.22276309848633, -39.806653805061686], [-73.22848021321138, -39.81009411661652], [-73.23575062645376, -39.80291694982049], [-73.24039765813093, -39.80125165187183], [-73.24076840183183, -39.80260219458997], [-73.24257728452223, -39.80198152189298], [-73.24881950136178, -39.79735323956257], [-73.25171658522105, -39.79758047717492], [-73.25333415101045, -39.79999142958331], [-73.24860734354618, -39.801632961184545], [-73.24571298248053, -39.80561218370494], [-73.23679396306242, -39.80827386594663], [-73.22671265482067, -39.819034719790224], [-73.22197427346231, -39.81962274607339], [-73.21744125326606, -39.817793786241324], [-73.21381364234976, -39.813259506831876], [-73.21242735950835, -39.80591949000461], [-73.21390789897926, -39.798956438538426], [-73.21099131808505, -39.793120208650485]]], [[[-73.30557370096311, -39.841765373775196], [-73.30724171703717, -39.84140163970561], [-73.3058424526416, -39.845733321229346], [-73.3087980590467, -39.84537674318001], [-73.30695229512399, -39.843920188256824], [-73.31098346699517, -39.84144506397696], [-73.32082329281718, -39.84464686220577], [-73.33012818985378, -39.85506209925746], [-73.32424378816158, -39.85474234594416], [-73.31695423092216, -39.84794849057648], [-73.31018532284838, -39.84699977968864], [-73.29363022556159, -39.8514521944869], [-73.30153829623032, -39.848389453603026], [-73.30160970241393, -39.846157830582015], [-73.29573938091546, -39.846677770768046], [-73.29467336184591, -39.841743282731144], [-73.30557370096311, -39.841765373775196]]], [[[-73.3322803331873, -39.85176516602599], [-73.33334118963893, -39.85184698292074], [-73.33479911312423, -39.85217125650006], [-73.33651031840054, -39.853129348642476], [-73.33727689574823, -39.85616714497121], [-73.34009365315313, -39.85568274425994], [-73.34225618101131, -39.85791047527677], [-73.34549580147157, -39.85824640162652], [-73.34635328203781, -39.85699190193414], [-73.34777427039191, -39.85848967047603], [-73.35105203511577, -39.85590955801335], [-73.35271864083484, -39.85982121013713], [-73.35889329268693, -39.86109713061487], [-73.36459142690833, -39.859538632657305], [-73.36800099784058, -39.86327710588216], [-73.37271678028137, -39.86144075529271], [-73.3820708016893, -39.8670413277418], [-73.37960968191548, -39.87024236096047], [-73.36438215537974, -39.86345769371589], [-73.34580651345699, -39.861784485128524], [-73.33097283888452, -39.85514944700861], [-73.33283522972482, -39.85463792908621], [-73.3322803331873, -39.85176516602599]]], [[[-73.2841249862503, -39.805571628321566], [-73.2830467168552, -39.808088650198975], [-73.28520438752265, -39.80945913057756], [-73.28537667091942, -39.812379108599615], [-73.28221475652786, -39.818477847769444], [-73.28249461677316, -39.81369456794564], [-73.28141852489432, -39.805901572209], [-73.2841249862503, -39.805571628321566]]], [[[-73.2522645997652, -39.83073425782736], [-73.25343000035295, -39.82708757703348], [-73.26309082966807, -39.835932247111046], [-73.25874469498355, -39.83433745909662], [-73.2522645997652, -39.83073425782736]]]]}, "properties": {"NOM": "L\u00edmite urbano de Valdivia", "COM": "Valdivia", "REG": "Los R\u00edos"}}, {"type": "Feature", "geometry": {"type": "Polygon", "coordinates": [[[-73.44590079093345, -39.85827904821128], [-73.44737564317029, -39.85759577125463], [-73.44852698153058, -39.85920447516448], [-73.44552697948585, -39.863191471605404], [-73.44125796337183, -39.863933115796556], [-73.440521288245, -39.86575131960369], [-73.43891013552842, -39.86396360079366], [-73.43294343468145, -39.8634327750199], [-73.4312498642325, -39.8688763915046], [-73.42573173083443, -39.8710561368431], [-73.4271977625135, -39.87203354260269], [-73.42721190109776, -39.87765302247204], [-73.4290924253304, -39.8795407922449], [-73.42807404392033, -39.88251336178128], [-73.43226231406672, -39.885113926394666], [-73.43251588691186, -39.887126466643245], [-73.43615036994011, -39.887430990981024], [-73.43530954593585, -39.89063507646354], [-73.43259271532654, -39.89263035827659], [-73.43165737148641, -39.88975937622601], [-73.42918577286481, -39.889862916658885], [-73.42958925117468, -39.891562964513774], [-73.42635621716207, -39.89131138556397], [-73.42491541376945, -39.89313259579352], [-73.42228408840215, -39.892679201253074], [-73.42386849917104, -39.900645559302596], [-73.41923306833746, -39.90016801825319], [-73.41909349619347, -39.89727845521858], [-73.41675897689097, -39.89462436486349], [-73.42033780479578, -39.89405489840078], [-73.42479211191188, -39.88863101109547], [-73.43091388353645, -39.885903172934185], [-73.42395662479872, -39.881529283639985], [-73.42308888637024, -39.87773499049817], [-73.42657406849993, -39.87602799945244], [-73.42297613971726, -39.873648325153894], [-73.42478987690345, -39.872185172461585], [-73.42456538162574, -39.86965863661108], [-73.4305608456298, -39.866634504759155], [-73.43263886717257, -39.86136321397819], [-73.43654216296474, -39.861051674264765], [-73.44133560116857, -39.86298602351218], [-73.44590079093345, -39.85827904821128]]]}, "properties": {"NOM": "L\u00edmite urbano de Corral", "COM": "Corral", "REG": "Los R\u00edos"}}, {"type": "Feature", "geometry": {"type": "Polygon", "coordinates": [[[-73.39822622413315, -39.81627631298139], [-73.40889043478968, -39.821422596029755], [-73.40453862454922, -39.82454388058189], [-73.40455174085066, -39.82819594498537], [-73.40986780181882, -39.83158544472996], [-73.40394345474087, -39.83306459932987], [-73.40262353494109, -39.835203408756854], [-73.40308136671553, -39.83934810251435], [-73.40666682328883, -39.84151561585775], [-73.40366448742095, -39.845614818661694], [-73.39959595641373, -39.84766965332688], [-73.39526932325572, -39.844939063822004], [-73.39201753780989, -39.84874442700232], [-73.39181234193775, -39.852671670422595], [-73.39373669497307, -39.85555321073843], [-73.39212343480885, -39.85800541303982], [-73.40301510069196, -39.870315126730155], [-73.40045820793247, -39.871430928270144], [-73.39880175407441, -39.87557685505724], [-73.39361489599696, -39.87474036366259], [-73.38607602931675, -39.87636051973787], [-73.38417674466773, -39.872947642200565], [-73.37964883139388, -39.87019172182442], [-73.38188353708853, -39.867283577379816], [-73.38596097040022, -39.87287667173858], [-73.38712612305297, -39.8730362377998], [-73.38648361652072, -39.86868999673026], [-73.39106773199198, -39.871764949692015], [-73.392429729778, -39.869831876625604], [-73.38965067736054, -39.8650197784295], [-73.39151729118099, -39.86079020278543], [-73.38752088950119, -39.860179279829204], [-73.38478773201159, -39.85760830027705], [-73.3884530407288, -39.85443869018597], [-73.38808899307003, -39.852124637715704], [-73.381133027008, -39.853574605083324], [-73.38302304283991, -39.84974340390448], [-73.37553680396063, -39.84630730508139], [-73.37972673329533, -39.84614888796537], [-73.37955605878123, -39.84480318468677], [-73.38723136967165, -39.84671060838259], [-73.3863601709327, -39.84383379872258], [-73.38832820095546, -39.84288657804093], [-73.39049081954349, -39.84416476247866], [-73.38939086841069, -39.84028494427212], [-73.39267115829882, -39.84189499470206], [-73.39254100768551, -39.839057428395144], [-73.39893016644766, -39.84315528399717], [-73.40165646530006, -39.84156251705426], [-73.39799634704856, -39.83900325256125], [-73.39716366806898, -39.8334088451532], [-73.39880494758526, -39.830922159535376], [-73.39430074175007, -39.82983335381703], [-73.39617721368246, -39.828609518567085], [-73.39506927293353, -39.82505079335123], [-73.40045533691682, -39.8288818518479], [-73.40030968856823, -39.824911339761854], [-73.4024464186081, -39.821720765113696], [-73.39876756419471, -39.82036247787226], [-73.39668819607732, -39.81685248604101], [-73.39822622413315, -39.81627631298139]]]}, "properties": {"NOM": "L\u00edmite urbano de Niebla", "COM": "Valdivia", "REG": "Los R\u00edos"}}, {"type": "Feature", "geometry": {"type": "Polygon", "coordinates": [[[-73.4170239215093, -38.7433897465614], [-73.4161302451253, -38.74629644415911], [-73.40789701935802, -38.74574773936483], [-73.40791603399765, -38.74129863001786], [-73.41377246305022, -38.741120659541636], [-73.4136013339886, -38.74224779629811], [-73.4170239215093, -38.7433897465614]]]}, "properties": {"NOM": "L\u00edmite urbano de Nehuent\u00fae", "COM": "Carahue", "REG": "La Araucan\u00eda"}}, {"type": "Feature", "geometry": {"type": "Polygon", "coordinates": [[[-73.02161763922814, -38.00804412304027], [-73.01810334270009, -38.004358080672006], [-73.01072735495391, -38.004325369961], [-73.01075256257911, -37.9989796221173], [-73.02261490663575, -38.00389589294112], [-73.02566704510295, -38.00308471211017], [-73.02161763922814, -38.00804412304027]]]}, "properties": {"NOM": "L\u00edmite urbano de Caupolic\u00e1n", "COM": "Pur\u00e9n", "REG": "La Araucan\u00eda"}}, {"type": "Feature", "geometry": {"type": "Polygon", "coordinates": [[[-72.91624754171501, -38.98891017520555], [-72.91536139141647, -38.98485731616246], [-72.92669263530746, -38.98310790243681], [-72.92756255574376, -38.98735510998466], [-72.92579022909554, -38.98875058793139], [-72.91686544698487, -38.99060217310058], [-72.91624754171501, -38.98891017520555]]]}, "properties": {"NOM": "L\u00edmite urbano de Barros Arana", "COM": "Teodoro Schmidt", "REG": "La Araucan\u00eda"}}, {"type": "Feature", "geometry": {"type": "Polygon", "coordinates": [[[-73.2162868076332, -39.25115146177313], [-73.21994779365727, -39.24946977037346], [-73.21791296221502, -39.24760753900011], [-73.21996062159951, -39.246365628797086], [-73.22151843594777, -39.2495974185938], [-73.2162868076332, -39.25115146177313]]]}, "properties": {"NOM": "L\u00edmite urbano de Villa O\u00b4Higgins", "COM": "Tolt\u00e9n", "REG": "La Araucan\u00eda"}}, {"type": "Feature", "geometry": {"type": "Polygon", "coordinates": [[[-72.97247776838415, -39.02308837570184], [-72.96914335230522, -39.024448991853475], [-72.96244277727847, -39.02464181116965], [-72.97247776838415, -39.02308837570184]]]}, "properties": {"NOM": "L\u00edmite urbano de Cumuy", "COM": "Pitrufqu\u00e9n", "REG": "La Araucan\u00eda"}}, {"type": "Feature", "geometry": {"type": "Polygon", "coordinates": [[[-73.25434700328991, -38.902188240767984], [-73.25310225630973, -38.90011288855281], [-73.25494850711932, -38.898860004360785], [-73.25219370921454, -38.898049083983125], [-73.25276028295244, -38.89553827556726], [-73.26016227333281, -38.8998669487157], [-73.25434700328991, -38.902188240767984]]]}, "properties": {"NOM": "L\u00edmite urbano de Puerto Dom\u00ednguez", "COM": "Saavedra", "REG": "La Araucan\u00eda"}}, {"type": "Feature", "geometry": {"type": "Polygon", "coordinates": [[[-73.08494554748358, -38.995157379632204], [-73.08903609080853, -38.99211441063264], [-73.09141587981145, -38.992475734439445], [-73.09544452651836, -38.99449723459582], [-73.09686105743201, -38.997239471693675], [-73.09190957772194, -39.00103398819989], [-73.08494554748358, -38.995157379632204]]]}, "properties": {"NOM": "L\u00edmite urbano de Teodoro Schmidt", "COM": "Teodoro Schmitdt", "REG": "La Araucan\u00eda"}}, {"type": "Feature", "geometry": {"type": "Polygon", "coordinates": [[[-73.15782740978986, -39.18110293261465], [-73.15800251389662, -39.17578768406875], [-73.16773902088454, -39.17496788310528], [-73.17222142999766, -39.179975586232416], [-73.16939791007533, -39.181457824131805], [-73.15782740978986, -39.18110293261465]]]}, "properties": {"NOM": "L\u00edmite urbano de Nueva Tolt\u00e9n", "COM": "Tolt\u00e9n", "REG": "La Araucan\u00eda"}}, {"type": "Feature", "geometry": {"type": "Polygon", "coordinates": [[[-73.30779732773536, -38.62555620550152], [-73.31055158305772, -38.62488267759748], [-73.31135146903783, -38.6268738619472], [-73.31646613580412, -38.62746652298084], [-73.32075645726171, -38.6240480478878], [-73.32843774554203, -38.63175109411545], [-73.32862188220898, -38.63561410006742], [-73.323097705844, -38.639536074185784], [-73.31954620379182, -38.63423447567326], [-73.308632109671, -38.6317781813169], [-73.30779732773536, -38.62555620550152]]]}, "properties": {"NOM": "L\u00edmite urbano de Trovolhue", "COM": "Carahue", "REG": "La Araucan\u00eda"}}, {"type": "Feature", "geometry": {"type": "Polygon", "coordinates": [[[-73.40133330086817, -38.777466112528266], [-73.40615183261116, -38.78054197499665], [-73.40493519481454, -38.781213428439536], [-73.40464876429125, -38.77968780051456], [-73.39914124808155, -38.78579934821909], [-73.39863571307056, -38.790128471474816], [-73.40101398032739, -38.79425682525179], [-73.3988152889908, -38.79459712139018], [-73.40190950813918, -38.7952631298261], [-73.40188269342796, -38.79958300768532], [-73.39501206372466, -38.79939238408136], [-73.38983354560631, -38.80158900732548], [-73.3889886935563, -38.796575161169976], [-73.39219535572711, -38.7950527388251], [-73.38996260386821, -38.79305659408322], [-73.39315117576584, -38.79336543723243], [-73.39450843673535, -38.78528655133204], [-73.40133330086817, -38.777466112528266]]]}, "properties": {"NOM": "L\u00edmite urbano de Puerto Saavedra", "COM": "Saavedra", "REG": "La Araucan\u00eda"}}, {"type": "Feature", "geometry": {"type": "Polygon", "coordinates": [[[-73.20373423314652, -39.39618181945966], [-73.20045978410438, -39.39591001536397], [-73.1999531270976, -39.39832321996861], [-73.19654334326466, -39.398845625706024], [-73.19625538291044, -39.39728605015129], [-73.18978838243397, -39.397155859725544], [-73.19130054350119, -39.39415647352413], [-73.19407029296558, -39.39325819251187], [-73.19304549848272, -39.391609902673395], [-73.19671097069332, -39.391353336788605], [-73.20128971064592, -39.392979527076015], [-73.20041042886604, -39.393756405804766], [-73.20165553427402, -39.39488220023765], [-73.19997768703747, -39.395306554518314], [-73.204126034256, -39.396043458348714], [-73.20795439168887, -39.39735061005662], [-73.21465849350142, -39.39818964181531], [-73.2167990279065, -39.39577028891579], [-73.21802752795647, -39.39642640038044], [-73.21497761731115, -39.40044875510763], [-73.20958642125265, -39.40224087852861], [-73.20373423314652, -39.39618181945966]]]}, "properties": {"NOM": "L\u00edmite urbano de Queule", "COM": "Tolt\u00e9n", "REG": "La Araucan\u00eda"}}, {"type": "Feature", "geometry": {"type": "Polygon", "coordinates": [[[-73.0720562170548, -38.03973101950777], [-73.064101133954, -38.02902171520092], [-73.066476273277, -38.028059051196585], [-73.06400143353386, -38.02356265912799], [-73.0794366272071, -38.0309508580509], [-73.07558436560453, -38.03264539134749], [-73.07890211524, -38.03681208603374], [-73.0720562170548, -38.03973101950777]]]}, "properties": {"NOM": "L\u00edmite urbano de Pur\u00e9n", "COM": "Pur\u00e9n", "REG": "La Araucan\u00eda"}}, {"type": "Feature", "geometry": {"type": "Polygon", "coordinates": [[[-73.13810008545205, -38.716010689786415], [-73.1392311551246, -38.714097072104195], [-73.13480422776004, -38.70107529964218], [-73.14358687842646, -38.70236670942486], [-73.14688220521413, -38.70222160958596], [-73.14819981544532, -38.700542224816225], [-73.14987703026789, -38.70337922364374], [-73.15428041997535, -38.702712712902446], [-73.15896506680839, -38.70573973378293], [-73.16206809214151, -38.70425126862094], [-73.16594414652268, -38.70902745405225], [-73.17086639325679, -38.70708347194964], [-73.17159062312368, -38.715340584711676], [-73.17462235186765, -38.7185946286591], [-73.16533460097486, -38.71756523846206], [-73.16048486625046, -38.714925016570454], [-73.14887393638735, -38.718717610960944], [-73.13810008545205, -38.716010689786415]]]}, "properties": {"NOM": "L\u00edmite Urbano de Carahue", "COM": "Carahue", "REG": "La Araucan\u00eda"}}, {"type": "Feature", "geometry": {"type": "Polygon", "coordinates": [[[-73.81118916954735, -41.858594335204515], [-73.83043618356737, -41.8599225315822], [-73.83203651158477, -41.86656079638634], [-73.83022961506947, -41.86674120302616], [-73.83094850085875, -41.86877145173555], [-73.82872824726039, -41.8722923571328], [-73.83135481335333, -41.874840701515296], [-73.83779372710411, -41.87674568601332], [-73.83853758156671, -41.87867954081425], [-73.83698156564564, -41.88086535151333], [-73.8316301523778, -41.88334227997647], [-73.81572593212505, -41.8794053990654], [-73.7996586362072, -41.88820553624553], [-73.7943952749052, -41.8880566743462], [-73.79570438258223, -41.88430954257108], [-73.79433760036902, -41.88005503734885], [-73.78895080875033, -41.8806435955991], [-73.78980903491828, -41.87981267507836], [-73.78716379015563, -41.87832717915565], [-73.79028759441958, -41.87923286032837], [-73.79287700349742, -41.87600275187667], [-73.79992538015104, -41.874678601884796], [-73.80327992657718, -41.86875255848407], [-73.80425182645948, -41.86137179103946], [-73.81118916954735, -41.858594335204515]]]}, "properties": {"NOM": "L\u00edmite urbano de Ancud", "COM": "Ancud", "REG": "Los Lagos"}}, {"type": "Feature", "geometry": {"type": "MultiPolygon", "coordinates": [[[[-72.3558798993958, -43.4125345096595], [-72.36154416892764, -43.410700811292266], [-72.3616204960824, -43.40676793757932], [-72.3643453666135, -43.40375761025152], [-72.3702293209447, -43.40166056509202], [-72.37149260466077, -43.40245840245675], [-72.37014760389825, -43.402940879786534], [-72.3685912196679, -43.40700570297417], [-72.37007333208886, -43.4121065429343], [-72.37397102149535, -43.41635230308974], [-72.37399548711213, -43.421886249377444], [-72.36773600824607, -43.42236202133862], [-72.36774001563055, -43.41654971655089], [-72.35987435622302, -43.41861119046027], [-72.35053295704314, -43.412113010482884], [-72.35286921548402, -43.41112773143486], [-72.3558798993958, -43.4125345096595]]], [[[-72.37044089665198, -43.408156138856256], [-72.3690176858659, -43.40613062382487], [-72.37151657979739, -43.40264674935797], [-72.3715178500152, -43.408534740742915], [-72.37572771745764, -43.40837943842969], [-72.3739993893937, -43.41563165190483], [-72.37044089665198, -43.408156138856256]]]]}, "properties": {"NOM": "L\u00edmite urbano de Villa Santa Lucia", "COM": "Chait\u00e9n", "REG": "Los Lagos"}}, {"type": "Feature", "geometry": {"type": "Polygon", "coordinates": [[[-73.46739011398867, -41.4024550461411], [-73.4574956705974, -41.403511298623584], [-73.45363918781132, -41.38996611846705], [-73.46900192517036, -41.3905164503656], [-73.47071981750562, -41.401992302243], [-73.46739011398867, -41.4024550461411]]]}, "properties": {"NOM": "L\u00edmite urbano de Los Muermos", "COM": "Los Muermos", "REG": "Los Lagos"}}, {"type": "Feature", "geometry": {"type": "Polygon", "coordinates": [[[-73.0701538422012, -41.32599710159707], [-73.07025753024287, -41.3241112351983], [-73.08012400458777, -41.32420209059393], [-73.08022172062944, -41.3218458809513], [-73.08557333152665, -41.32188802606995], [-73.08535932677482, -41.325665970538964], [-73.08641086230705, -41.32567622995229], [-73.08517804046228, -41.32996690512514], [-73.07778681279731, -41.32928834969062], [-73.0774671383203, -41.32796548170217], [-73.07507263401472, -41.32796108139981], [-73.07511728118266, -41.326017743095434], [-73.0701538422012, -41.32599710159707]]]}, "properties": {"NOM": "L\u00edmite urbano de Nueva Braunau", "COM": "Puerto Varas", "REG": "Los Lagos"}}, {"type": "Feature", "geometry": {"type": "Polygon", "coordinates": [[[-73.4772454105965, -42.8811949439703], [-73.47825477022616, -42.8799262178528], [-73.47879839919507, -42.8847453562001], [-73.47706974055113, -42.89468456619158], [-73.47787254156435, -42.89839539623197], [-73.47639584778118, -42.89899817042637], [-73.47125011367909, -42.89634172849736], [-73.46818578687012, -42.88769305848981], [-73.46197095696863, -42.883805346984154], [-73.46925825314848, -42.88029753359294], [-73.47229677674923, -42.88240472278942], [-73.47674822991767, -42.88273778522355], [-73.4772454105965, -42.8811949439703]]]}, "properties": {"NOM": "L\u00edmite urbano de Queilen", "COM": "Queilen", "REG": "Los Lagos"}}, {"type": "Feature", "geometry": {"type": "Polygon", "coordinates": [[[-72.47943034237746, -41.965765818983954], [-72.4767820640041, -41.96838972758316], [-72.47818927938825, -41.9716468557703], [-72.47386265701002, -41.97229612851632], [-72.46646676888535, -41.96457648992708], [-72.46475806631545, -41.966034263122076], [-72.45996509074398, -41.95889212203718], [-72.46153515901105, -41.95799267370296], [-72.46380710077254, -41.96075762133072], [-72.4712969113534, -41.962190414145184], [-72.4748153077924, -41.96507961515771], [-72.47603693752707, -41.96293052333105], [-72.47943034237746, -41.965765818983954]]]}, "properties": {"NOM": "L\u00edmite urbano de r\u00edo Negro Hornopir\u00e9n", "COM": "Hualaihu\u00e9", "REG": "Los Lagos"}}, {"type": "Feature", "geometry": {"type": "Polygon", "coordinates": [[[-73.13223095781461, -41.766720646590485], [-73.14020062147078, -41.77064399644256], [-73.14513348988483, -41.77756280037585], [-73.14831003693405, -41.78661419891188], [-73.14324006135314, -41.78965118612193], [-73.14252473019745, -41.787580799838885], [-73.13374302455871, -41.78301310553503], [-73.13209614853824, -41.77664076536549], [-73.12776294510225, -41.77667592257581], [-73.12411113806374, -41.77909008687104], [-73.12455132153612, -41.77374347971346], [-73.12639886322476, -41.771055943205035], [-73.12561817963216, -41.76827049368949], [-73.13223095781461, -41.766720646590485]]]}, "properties": {"NOM": "L\u00edmite urbano de Calbuco", "COM": "Calbuco", "REG": "Los Lagos"}}, {"type": "Feature", "geometry": {"type": "Polygon", "coordinates": [[[-73.180709046077, -41.793647865530616], [-73.18381223310685, -41.793704547514636], [-73.18480011132311, -41.79625359836921], [-73.18687695786952, -41.794432061985134], [-73.1903294026953, -41.795442374211916], [-73.18982052684979, -41.797760277131694], [-73.18589759658046, -41.799860560376004], [-73.18403455985147, -41.80339154529706], [-73.17524326829033, -41.79526857892867], [-73.180709046077, -41.793647865530616]]]}, "properties": {"NOM": "L\u00edmite urbano de Caica\u00e9n", "COM": "Calbuco", "REG": "Los Lagos"}}, {"type": "Feature", "geometry": {"type": "Polygon", "coordinates": [[[-73.45454069031805, -41.78900611180162], [-73.45353889180815, -41.788043429245995], [-73.45583684249206, -41.784724335027924], [-73.45758253588875, -41.78503329433754], [-73.45612722919586, -41.78730894729199], [-73.45821286665561, -41.78886358826036], [-73.45941794223621, -41.78743949485092], [-73.46473401667909, -41.79005120063353], [-73.46617215926183, -41.788638681477174], [-73.46855706506862, -41.78995915587014], [-73.46775556032435, -41.79144460246454], [-73.4757534984541, -41.79121155437511], [-73.47557299098091, -41.79263998634606], [-73.46976800215644, -41.79311364409195], [-73.46762156581994, -41.79535623542311], [-73.47488885921337, -41.79845465425004], [-73.47465656027077, -41.79950428548228], [-73.45651609371268, -41.79224491670531], [-73.45454069031805, -41.78900611180162]]]}, "properties": {"NOM": "L\u00edmite urbano de Pargua", "COM": "Calbuco", "REG": "Los Lagos"}}, {"type": "Feature", "geometry": {"type": "Polygon", "coordinates": [[[-73.15935664783063, -41.753359524198714], [-73.16232802326223, -41.75548700462823], [-73.1612978299045, -41.75851590285075], [-73.15737412977897, -41.759752938453175], [-73.15930686679084, -41.76253368739559], [-73.15377072756125, -41.76451266439759], [-73.14929139248302, -41.76236508838228], [-73.1452875770072, -41.76416329956746], [-73.14638593991857, -41.766658394318135], [-73.13734025984202, -41.76696507483563], [-73.12669052373964, -41.763352088811565], [-73.12936671815875, -41.760632718179195], [-73.14564094459556, -41.75378454609493], [-73.15935664783063, -41.753359524198714]]]}, "properties": {"NOM": "L\u00edmite urbano de San Rafael", "COM": "Calbuco", "REG": "Los Lagos"}}, {"type": "Feature", "geometry": {"type": "Polygon", "coordinates": [[[-73.76181968392684, -42.42766804475289], [-73.76543699386178, -42.42747871520618], [-73.76652926709387, -42.43000431818022], [-73.76665843764519, -42.42833775564862], [-73.7686746532998, -42.42844283163729], [-73.77193694544121, -42.43103337347836], [-73.77771608344673, -42.431577664594265], [-73.77381546643073, -42.4369687575911], [-73.77717514313545, -42.44657749165386], [-73.779814751868, -42.44650435616156], [-73.78066391672967, -42.452071234290266], [-73.78024587583073, -42.4566178969105], [-73.77724688079742, -42.46025541879493], [-73.78239536464258, -42.46110250644752], [-73.78381489592927, -42.45592907757181], [-73.79071043861035, -42.45083736560696], [-73.80216706755208, -42.45471406429944], [-73.80516106705407, -42.45835761379077], [-73.80502250731139, -42.46056738942481], [-73.79402131793051, -42.46944601665226], [-73.78133104249058, -42.47698430212851], [-73.78229461319359, -42.47999683682939], [-73.79051492747527, -42.47520516312034], [-73.79259328408966, -42.47718095365176], [-73.78917804478799, -42.48319120093256], [-73.79090536584049, -42.48334644759559], [-73.79119966021575, -42.48645310911162], [-73.7867567688903, -42.487045931692144], [-73.78291884889124, -42.49138476085161], [-73.77472956870767, -42.49527194366315], [-73.78670111376687, -42.5005842152665], [-73.79309509199052, -42.494613811112025], [-73.79405282903406, -42.495710435427945], [-73.78936007310895, -42.500293047062705], [-73.79630651253738, -42.500085057968796], [-73.79509469150732, -42.50148291857318], [-73.7872093670799, -42.50261017805174], [-73.78855070271605, -42.50552180441396], [-73.79210358458052, -42.507651374198744], [-73.79225734471612, -42.510035754518825], [-73.78952145185649, -42.51053007316964], [-73.78939436359998, -42.50852060791639], [-73.78698883067766, -42.5070130925863], [-73.78543121665368, -42.51028480126771], [-73.78445910476897, -42.505937870240615], [-73.78042221242606, -42.50420798327695], [-73.78178493245755, -42.50169198652297], [-73.77990383959136, -42.49973240387781], [-73.77634245607106, -42.49940373283502], [-73.7740035538883, -42.50177102609811], [-73.77327646917541, -42.49778403269294], [-73.76930492208292, -42.498346669062784], [-73.76934749593917, -42.49387706265831], [-73.76705180451822, -42.49076432331203], [-73.77196282410792, -42.48659002962876], [-73.77164320802139, -42.48120631315745], [-73.7641968013401, -42.4857874244846], [-73.76125598839113, -42.48554122478802], [-73.7588409647678, -42.482637902508344], [-73.75960748731828, -42.47683462831262], [-73.76426325331492, -42.47137000257714], [-73.76651046984654, -42.4643709861564], [-73.75331727708637, -42.474350244442014], [-73.75003454917056, -42.475787037403435], [-73.74768273460391, -42.47484280382397], [-73.74678406897684, -42.47059998725229], [-73.74942670413355, -42.470831391871975], [-73.74952913992372, -42.473769273817894], [-73.75370103288415, -42.4723671872551], [-73.76625327589248, -42.46235000622247], [-73.76627380509167, -42.460648924431496], [-73.77143228628763, -42.45620565392518], [-73.77124663775606, -42.44364640514877], [-73.7685037910378, -42.437826798160486], [-73.76507719253935, -42.439333974136154], [-73.76369311236705, -42.43806570732741], [-73.76429799206528, -42.43470416135499], [-73.76078929653303, -42.431157624600004], [-73.76181968392684, -42.42766804475289]]]}, "properties": {"NOM": "L\u00edmite urbano de Castro", "COM": "Castro", "REG": "Los Lagos"}}, {"type": "Feature", "geometry": {"type": "Polygon", "coordinates": [[[-72.71410830949567, -42.91300823896249], [-72.71245663736987, -42.91394570897457], [-72.71314533707066, -42.92022557514337], [-72.71945478472439, -42.927194716911934], [-72.70494237644361, -42.928237718800524], [-72.70292669438828, -42.92716906870843], [-72.70432239696376, -42.92233549244869], [-72.70051878811697, -42.911657462839244], [-72.70969608485737, -42.91086246832978], [-72.71410830949567, -42.91300823896249]]]}, "properties": {"NOM": "L\u00edmite urbano de Chait\u00e9n", "COM": "Chait\u00e9n", "REG": "Los Lagos"}}, {"type": "Feature", "geometry": {"type": "Polygon", "coordinates": [[[-73.78604256332365, -42.612931554113345], [-73.7890842714521, -42.6141499653023], [-73.79195392435587, -42.612652693980515], [-73.79304424914206, -42.61999958918996], [-73.7814319475515, -42.62619912891513], [-73.78350762718634, -42.62828280393949], [-73.77958128870883, -42.630391312862244], [-73.77637360874681, -42.6286494777674], [-73.7678493315224, -42.6311585008699], [-73.76464872579325, -42.63476574731598], [-73.7600014821137, -42.634013414894945], [-73.75972465368247, -42.63230576136665], [-73.76284280754328, -42.628844213784014], [-73.76067970386498, -42.62500101494604], [-73.77005746594925, -42.62114172552824], [-73.77124728544139, -42.61525208966078], [-73.77564125092321, -42.61356641019415], [-73.78085925089663, -42.61450271248225], [-73.78197398380742, -42.61618223446969], [-73.78604256332365, -42.612931554113345]]]}, "properties": {"NOM": "L\u00edmite urbano de Chonchi", "COM": "Chonchi", "REG": "Los Lagos"}}, {"type": "Feature", "geometry": {"type": "Polygon", "coordinates": [[[-73.41070927350839, -41.156423140958175], [-73.41290103973243, -41.15116024495038], [-73.41013108185892, -41.15053275131798], [-73.41118243593148, -41.14294113383457], [-73.42303585881902, -41.1451004241747], [-73.42400335426149, -41.14734921280014], [-73.43099181328567, -41.14860672466546], [-73.4303822129406, -41.150568786716654], [-73.43680752260472, -41.15252090790824], [-73.43431061215338, -41.15853515189397], [-73.4286120862665, -41.15597692935653], [-73.4269499864969, -41.16120501536212], [-73.41423944506415, -41.15893200987232], [-73.40656760885726, -41.164988935257156], [-73.40290270168697, -41.16258016971298], [-73.41070927350839, -41.156423140958175]]]}, "properties": {"NOM": "L\u00edmite urbano de Fresia", "COM": "Fresia", "REG": "Los Lagos"}}, {"type": "Feature", "geometry": {"type": "Polygon", "coordinates": [[[-73.67907869190142, -42.60186103492671], [-73.68058322806851, -42.603602243488474], [-73.67822417936888, -42.6026909625004], [-73.66998039570205, -42.605796811176795], [-73.66897343187927, -42.605132423075105], [-73.67363725666233, -42.60106776911468], [-73.66605670276304, -42.60147811359083], [-73.67048058843204, -42.595879261898006], [-73.67730833795356, -42.59715447314381], [-73.67822798283579, -42.599092758331096], [-73.67953969832209, -42.598781349199804], [-73.67907869190142, -42.60186103492671]]]}, "properties": {"NOM": "L\u00edmite urbano de Puqueld\u00f3n", "COM": "Puqueld\u00f3n", "REG": "Los Lagos"}}, {"type": "Feature", "geometry": {"type": "Polygon", "coordinates": [[[-73.47255013759197, -42.13884832656246], [-73.47358275729927, -42.13582923074914], [-73.47673437699767, -42.13655396412333], [-73.4758255145938, -42.14064871204369], [-73.47860861481993, -42.142434690938], [-73.48315765018106, -42.14145307693741], [-73.4852196071516, -42.1429419796296], [-73.48507591353707, -42.144705570904506], [-73.49009550441032, -42.14441596683911], [-73.49270120353751, -42.14586996699989], [-73.49217388707584, -42.15019320837648], [-73.49397643933844, -42.151596518903325], [-73.48985907321743, -42.154911352215265], [-73.48986312192443, -42.15738536613547], [-73.48657261280162, -42.15726855284499], [-73.48609191081836, -42.15345246907753], [-73.49058315126905, -42.14868083996411], [-73.48850549444226, -42.147528661244536], [-73.48889832951264, -42.146167039412425], [-73.48090011200684, -42.14666696845712], [-73.47757905657112, -42.14455001483746], [-73.47219122649997, -42.14480305243181], [-73.47075422477764, -42.14283845524393], [-73.47255013759197, -42.13884832656246]]]}, "properties": {"NOM": "L\u00edmite urbano de Quemchi", "COM": "Quemchi", "REG": "Los Lagos"}}, {"type": "Feature", "geometry": {"type": "Polygon", "coordinates": [[[-73.46853540129723, -40.59884093782119], [-73.4742719187341, -40.6001555973217], [-73.4748283298312, -40.601522031964834], [-73.4729485772514, -40.61122831755346], [-73.46427077165674, -40.608884444147144], [-73.46551303838844, -40.601674571477254], [-73.46853540129723, -40.59884093782119]]]}, "properties": {"NOM": "L\u00edmite urbano de Puaucho", "COM": "San Juan de La Costa", "REG": "Los Lagos"}}, {"type": "Feature", "geometry": {"type": "Polygon", "coordinates": [[[-73.00222971367603, -40.40014553829689], [-73.00395045816232, -40.40293039168441], [-73.00856373654098, -40.402937085325874], [-73.0163780850778, -40.40592982886518], [-73.01684696613023, -40.409713329054505], [-73.02072554028578, -40.41211942522211], [-73.01832233759332, -40.41763765173199], [-73.01051077473217, -40.41995847447417], [-73.00857736757709, -40.42219779972975], [-73.00937871691282, -40.4254797679209], [-73.00757546306599, -40.4267718841547], [-73.00618080073963, -40.42691322538488], [-73.00238046176048, -40.42122998324138], [-73.00222971367603, -40.40014553829689]]]}, "properties": {"NOM": "L\u00edmite urbano de San Pablo", "COM": "San Pablo", "REG": "Los Lagos"}}, {"type": "Feature", "geometry": {"type": "Polygon", "coordinates": [[[-73.64953988179218, -42.372409201988525], [-73.65177765613184, -42.36993254260155], [-73.65072729200271, -42.36669755573407], [-73.65983940429116, -42.36931397591149], [-73.66193823800245, -42.36662524431456], [-73.66426785519843, -42.36730865555331], [-73.66179453091318, -42.37040949030383], [-73.667623425704, -42.3761144389203], [-73.66416831647507, -42.38035035472708], [-73.66725603182078, -42.38475881187184], [-73.66565078642552, -42.385908449158606], [-73.66432897567203, -42.3836143072395], [-73.65778581872074, -42.381515546322476], [-73.64778665692016, -42.38101114230467], [-73.63638203953508, -42.37316198332822], [-73.64031624725449, -42.370132032272274], [-73.64953988179218, -42.372409201988525]]]}, "properties": {"NOM": "L\u00edmite urbano de Dalcahue", "COM": "Dalcahue", "REG": "Los Lagos"}}, {"type": "Feature", "geometry": {"type": "Polygon", "coordinates": [[[-73.04001531680828, -41.108712133716814], [-73.0431122012581, -41.10482178345432], [-73.04727860910542, -41.10882585350976], [-73.05370515485139, -41.10505750515107], [-73.06162208021387, -41.112004271614026], [-73.05957884054057, -41.11270726957908], [-73.05892672113647, -41.11385604994452], [-73.0583014218335, -41.11497723536168], [-73.06162237396295, -41.11200902555382], [-73.06694232373798, -41.11431166586723], [-73.06514399715049, -41.1175321441277], [-73.06627218233265, -41.13588091559735], [-73.03911876581537, -41.134632938315264], [-73.03347685355433, -41.14527401557405], [-73.02487890729013, -41.151548836580155], [-73.0205385326032, -41.15155874525], [-73.02051154631374, -41.14779786894787], [-73.01635439380881, -41.15226773175331], [-73.01251450200772, -41.151640536869394], [-73.01373037982961, -41.161093886644736], [-73.01553351689545, -41.16111671134097], [-73.01618796563106, -41.15746042220934], [-73.0160639711724, -41.16816729872328], [-73.02373290671923, -41.16823277238667], [-73.02130576931432, -41.17112673207657], [-73.01603332514648, -41.170965514723065], [-73.01599991230948, -41.17469779810054], [-73.0068130359349, -41.17462515067237], [-73.0084087493067, -41.16553717471321], [-73.00454985723903, -41.16486868806598], [-73.00850688845486, -41.1576402587019], [-73.00858177650852, -41.15023972503908], [-73.01225723888338, -41.148666517548], [-73.01703272874784, -41.149648217239026], [-73.02348384072188, -41.14412632838193], [-73.02645291107645, -41.137619035241215], [-73.0269019806836, -41.1289366733048], [-73.0226484290672, -41.124862286427444], [-73.0253765901272, -41.12288294038003], [-73.02904642186186, -41.124879692695664], [-73.03507838531421, -41.12427787487266], [-73.04074622475099, -41.12596058293012], [-73.05016704937503, -41.125965908321824], [-73.05120936819246, -41.12436402183694], [-73.04486439396588, -41.11814256101867], [-73.03608603185663, -41.1152163349593], [-73.04001531680828, -41.108712133716814]]]}, "properties": {"NOM": "L\u00edmite urbano de Frutillar", "COM": "Frutillar", "REG": "Los Lagos"}}, {"type": "Feature", "geometry": {"type": "MultiPolygon", "coordinates": [[[[-72.88734844886903, -41.390990106022485], [-72.8946089096764, -41.37769354330852], [-72.92456827596737, -41.37918832399783], [-72.92075305819219, -41.38580869337319], [-72.92083915632227, -41.38892215168081], [-72.92318034651406, -41.38898713603391], [-72.92211174927964, -41.39602998315832], [-72.92665395744457, -41.396452598604675], [-72.92553896402235, -41.39790236969401], [-72.92895625597446, -41.401311742920946], [-72.92565622291303, -41.41133114630044], [-72.9190296286415, -41.408936972577294], [-72.91547017560075, -41.422840683283425], [-72.91343598825055, -41.42506763329892], [-72.91016938329749, -41.44004495304256], [-72.91403085353001, -41.4470257108452], [-72.95400947064626, -41.44066651012263], [-72.95406814141411, -41.43678327830901], [-72.9574288502831, -41.4366523814778], [-72.96439901691312, -41.44463984737754], [-72.98577419553676, -41.443681762910124], [-72.99732717058934, -41.45768465521199], [-72.99578580978381, -41.45836316495286], [-73.00199147597108, -41.467537965075095], [-73.00949975142262, -41.472720123902995], [-73.00356531267077, -41.47819342620854], [-73.05531994484654, -41.506437129321654], [-73.09478633719789, -41.524827352321], [-73.09720234267981, -41.531110783627405], [-73.05608498966839, -41.535951347685824], [-73.05460186394778, -41.536760298506685], [-73.05765314811714, -41.53759827781181], [-73.05303581204835, -41.54033207341753], [-73.04778568562543, -41.53983792526509], [-73.0518114029262, -41.53885771595285], [-73.052957805044, -41.536589485705036], [-73.03936197839035, -41.5373115874461], [-73.04137146117189, -41.520116944130315], [-73.03904717188388, -41.518337747351424], [-73.0290183171699, -41.51656964976697], [-73.02394141917142, -41.51201441506555], [-73.01936411023503, -41.51085139310162], [-73.01707401711492, -41.511097872717485], [-73.02080785830516, -41.51288987155899], [-73.01773648151784, -41.51639950201923], [-73.0158108995872, -41.514567137942365], [-73.01638331866265, -41.51139574416492], [-73.01428060243269, -41.51328965363705], [-73.00913639546661, -41.5109726028655], [-73.00545027278426, -41.511254241742854], [-72.99892792440819, -41.51458429178418], [-72.99670265371898, -41.51272256287942], [-72.99839699043088, -41.50866527724684], [-72.99493297620255, -41.50688917303332], [-72.99482149527579, -41.50382510714551], [-72.98840895246848, -41.50156840730955], [-72.98928571177903, -41.49986800296529], [-72.98477052853109, -41.496238314844376], [-72.98435581139869, -41.49121487848427], [-72.9797228302709, -41.487222381506356], [-72.9763071247436, -41.48639022552635], [-72.96722925084391, -41.48969016530939], [-72.96126125911788, -41.48475181995325], [-72.95337140807975, -41.482309691243394], [-72.94337646027616, -41.47491092676777], [-72.93792983906295, -41.47401269308078], [-72.91926352029706, -41.47692201255271], [-72.91250490691645, -41.48077429395312], [-72.9004469789612, -41.49385166866936], [-72.88614733755378, -41.49968047389437], [-72.87505657985086, -41.49687382351862], [-72.87424947770408, -41.49364191294592], [-72.87635501733895, -41.490892765417], [-72.87489887790781, -41.49006518520797], [-72.88109715185861, -41.48541843672279], [-72.87910909389657, -41.4816643607621], [-72.88058179646494, -41.47673019103402], [-72.87411527209558, -41.46808932735283], [-72.87667768500248, -41.45888599721634], [-72.87755212845626, -41.45771542351858], [-72.88506916877, -41.45858312185909], [-72.88843643174731, -41.45379804265304], [-72.8866052914991, -41.45224883000256], [-72.8850765439385, -41.453092891058375], [-72.8854910158308, -41.45495923170306], [-72.8832317214502, -41.45488906656645], [-72.88193828039174, -41.45141947030585], [-72.8801935949048, -41.45247395496078], [-72.88087763324756, -41.45364468788973], [-72.87835166499173, -41.45301189746008], [-72.8740651047802, -41.45566360693949], [-72.870823341838, -41.453673419422685], [-72.87443620690892, -41.453611581370225], [-72.8783662275808, -41.43857134262018], [-72.89143185328241, -41.43818255733117], [-72.89368946332186, -41.43535005791424], [-72.89612419238924, -41.436438373621215], [-72.90052798903353, -41.43067101859421], [-72.89747961001578, -41.427998809371715], [-72.899824146432, -41.42539653706058], [-72.8936960722274, -41.41810690708917], [-72.87575984573398, -41.4124581790441], [-72.88734844886903, -41.390990106022485]]], [[[-72.94835718464032, -41.48199445892072], [-72.95241227864751, -41.483031852221245], [-72.95434898621295, -41.485532705523084], [-72.96245515426646, -41.48745673068402], [-72.96594539930109, -41.49258711872788], [-72.97148160770098, -41.49159114650703], [-72.97452413060138, -41.48914981121707], [-72.97894456584136, -41.491307940399196], [-72.98061002620844, -41.494010903341746], [-72.97880810546148, -41.49722485187725], [-72.98111477609186, -41.50071830995508], [-72.98432422573501, -41.501174963828625], [-72.99522243045507, -41.51060669449825], [-72.9941328943897, -41.51560384415738], [-72.9874673886933, -41.51738180919691], [-72.98447622786759, -41.516709833659796], [-72.98047864130994, -41.51271969463075], [-72.97204670371023, -41.50811511115631], [-72.97037623254049, -41.50476138932705], [-72.97133078415801, -41.50129671782633], [-72.95199837449047, -41.49345475139974], [-72.95223968892525, -41.490020422434036], [-72.94839177157537, -41.4860199185134], [-72.94684736368443, -41.486757282834226], [-72.94847293885289, -41.485556687389646], [-72.94656704170507, -41.48359245448113], [-72.94835718464032, -41.48199445892072]]]]}, "properties": {"NOM": "L\u00edmite urbano de Puerto Montt", "COM": "Puerto Montt", "REG": "Los Lagos"}}, {"type": "Feature", "geometry": {"type": "Polygon", "coordinates": [[[-73.60653047826472, -43.10735802568138], [-73.62673646271516, -43.10850965233973], [-73.63039166897867, -43.111448603402714], [-73.64619181491419, -43.11503724883796], [-73.64892770867215, -43.11818450840857], [-73.64933418735507, -43.12251278861415], [-73.64725079748014, -43.124884360685755], [-73.64372348705855, -43.12571390483657], [-73.64437471533388, -43.13936477158327], [-73.62702437006878, -43.1457745049087], [-73.61531534687155, -43.13935415454483], [-73.62663680631249, -43.131311833580135], [-73.63906418888622, -43.12697373701895], [-73.63946379186395, -43.12133503404069], [-73.63521304838112, -43.11977768993022], [-73.62757476963998, -43.11870352912476], [-73.62224365829758, -43.12160096122912], [-73.60760667524646, -43.12167356840702], [-73.5909099280124, -43.12104862783293], [-73.58603938291614, -43.11908185548984], [-73.58498299558305, -43.116010282236076], [-73.60653047826472, -43.10735802568138]]]}, "properties": {"NOM": "L\u00edmite urbano de Quell\u00f3n", "COM": "Quell\u00f3n", "REG": "Los Lagos"}}, {"type": "Feature", "geometry": {"type": "Polygon", "coordinates": [[[-73.47659885984885, -42.46814146475914], [-73.48608816664026, -42.47037579573446], [-73.48501621419823, -42.469874696385716], [-73.50403623203081, -42.46589234411204], [-73.50137083805635, -42.47546401214797], [-73.47716891096523, -42.47537145407356], [-73.47659885984885, -42.46814146475914]]]}, "properties": {"NOM": "L\u00edmite urbano de Achao", "COM": "Quinchao", "REG": "Los Lagos"}}, {"type": "Feature", "geometry": {"type": "Polygon", "coordinates": [[[-73.33633611799894, -40.81607046840099], [-73.33281614052503, -40.81108154964387], [-73.33761297975053, -40.812390043680224], [-73.34028012184655, -40.8160181793292], [-73.34214489771391, -40.815280777469766], [-73.3435143173808, -40.8181929734325], [-73.34118316945556, -40.823122136090014], [-73.33677980849419, -40.82466038083319], [-73.33354552582335, -40.819924995377164], [-73.33723210125659, -40.818988061504925], [-73.33633611799894, -40.81607046840099]]]}, "properties": {"NOM": "L\u00edmite urbano de Riachuelo", "COM": "R\u00edo Negro", "REG": "Los Lagos"}}, {"type": "Feature", "geometry": {"type": "Polygon", "coordinates": [[[-73.73271567009321, -40.579108784715615], [-73.7368778199261, -40.57745478698582], [-73.73668325112374, -40.57967479684813], [-73.7403339568277, -40.581325760280855], [-73.73449822675589, -40.58059005963923], [-73.73637340691089, -40.586098437448335], [-73.74144793066208, -40.586933250795546], [-73.74192394164294, -40.58538062510962], [-73.74503219067941, -40.5848596086201], [-73.74483465114842, -40.58650441477813], [-73.74819819060887, -40.58674110731467], [-73.73746547083549, -40.59080276694815], [-73.73434776164076, -40.59490821874263], [-73.74123456910401, -40.60318725346835], [-73.73947140976325, -40.60493099548883], [-73.74662447158852, -40.60480632922251], [-73.74871048184912, -40.603309446981186], [-73.74976729678028, -40.604723887080254], [-73.74803049490828, -40.6060176004476], [-73.73819709293888, -40.60816502279217], [-73.73662314754304, -40.60599984993706], [-73.73948692636314, -40.60313764172396], [-73.73829679425731, -40.600895954662185], [-73.72840523715304, -40.59632787666695], [-73.73303954419417, -40.59397565875209], [-73.73033081279546, -40.59279325366071], [-73.73056837856056, -40.589785311093166], [-73.72738643443311, -40.590462624625175], [-73.72669476849526, -40.58942965439668], [-73.72832861804582, -40.58787247165972], [-73.72616746730498, -40.586939084273176], [-73.72494004972494, -40.5830942578317], [-73.72244705592823, -40.58117381020539], [-73.72832030323956, -40.578324332198484], [-73.73271567009321, -40.579108784715615]]]}, "properties": {"NOM": "L\u00edmite urbano de Bah\u00eda Mansa Maicolpue", "COM": "San Juan de La Costa", "REG": "Los Lagos"}}, {"type": "Feature", "geometry": {"type": "MultiPolygon", "coordinates": [[[[-73.00523675402103, -41.24623775288409], [-73.00796113227534, -41.24336455104295], [-73.00914360983666, -41.2467732212924], [-73.01308649618002, -41.24711546307911], [-73.01683820665791, -41.2506893098974], [-73.01876543250552, -41.25621619759481], [-73.0140988903187, -41.258269941860895], [-73.0059844577646, -41.26588431490724], [-73.0063020212007, -41.26364834615015], [-73.00871975324458, -41.262297013556214], [-73.00645547680743, -41.263335118747264], [-73.00866036112956, -41.26175437611791], [-73.00890360873883, -41.259918355604064], [-73.0056770857154, -41.26420694070949], [-73.00385268193354, -41.26303109221047], [-73.00236150640967, -41.25945311386012], [-73.00366575869258, -41.25662790070975], [-73.00133554052368, -41.25537686664427], [-73.00076321307638, -41.25255926546138], [-73.00523675402103, -41.24623775288409]], [[-73.00895946777982, -41.25603140074537], [-73.00980589816977, -41.25430854160293], [-73.00987685429743, -41.253161388409296], [-73.00784496393943, -41.25550187212532], [-73.00895946777982, -41.25603140074537]]], [[[-72.99985807329105, -41.25984665160256], [-73.00203558774312, -41.26004173643572], [-73.00426845189143, -41.26384156877763], [-73.00359724328754, -41.26518330137009], [-73.00555358263522, -41.266547967188956], [-73.00699070742674, -41.274081614013724], [-73.00066518082774, -41.26963245872247], [-72.99909689302157, -41.27025147932295], [-73.00105352252507, -41.272902984147485], [-72.99221543592415, -41.27305240734973], [-72.98845664133195, -41.27955338573329], [-72.98536484493991, -41.27861857729053], [-72.99143657591156, -41.26432684540104], [-72.99985807329105, -41.25984665160256]]], [[[-73.00507447875482, -41.26609146616852], [-73.00426764969588, -41.26530251283231], [-73.00486938888389, -41.26427896944156], [-73.00540787589613, -41.26461545157218], [-73.00507447875482, -41.26609146616852]]]]}, "properties": {"NOM": "L\u00edmite urbano de Llanquihue", "COM": "Llanquihue", "REG": "Los Lagos"}}, {"type": "Feature", "geometry": {"type": "Polygon", "coordinates": [[[-73.06559299219747, -41.19368459272244], [-73.06115738441233, -41.193569739736], [-73.06708016932, -41.18775661947245], [-73.06519455253803, -41.18666895433911], [-73.06835335696208, -41.18354389385199], [-73.07208162141104, -41.18319748728052], [-73.06870890476164, -41.19377927050835], [-73.06559299219747, -41.19368459272244]]]}, "properties": {"NOM": "L\u00edmite urbano de Pillines", "COM": "Llanquihue", "REG": "Los Lagos"}}, {"type": "Feature", "geometry": {"type": "Polygon", "coordinates": [[[-73.37067761267124, -42.3309885580975], [-73.36681403499105, -42.325203092336615], [-73.36860894079393, -42.32527752623825], [-73.37344207824512, -42.331181759590066], [-73.37735401852528, -42.329538540787695], [-73.37718398271335, -42.331388890455266], [-73.3809633163862, -42.331533718488366], [-73.38087968323325, -42.332562707462905], [-73.3755174892837, -42.332562880787336], [-73.36746145081631, -42.33519099043651], [-73.36660425860927, -42.333943171460525], [-73.37067761267124, -42.3309885580975]]]}, "properties": {"NOM": "L\u00edmite urbano de Tena\u00fan", "COM": "Dalcahue", "REG": "Los Lagos"}}, {"type": "Feature", "geometry": {"type": "Polygon", "coordinates": [[[-72.94667848130932, -43.78205523153523], [-72.95285058823421, -43.774129919560075], [-72.95261555571821, -43.76986451553781], [-72.95888319757525, -43.76623237976351], [-72.96055984466257, -43.76769660961508], [-72.95921986368586, -43.76890275622485], [-72.95975545812286, -43.77153826709553], [-72.95413324411938, -43.78128482329356], [-72.95834321935965, -43.78408997170341], [-72.95591500487473, -43.78598652741007], [-72.9521002317656, -43.785887877663754], [-72.94667848130932, -43.78205523153523]]]}, "properties": {"NOM": "L\u00edmite urbano de Ra\u00fal Mar\u00edn Balmaceda", "COM": "Cisnes", "REG": "Ays\u00e9n"}}, {"type": "Feature", "geometry": {"type": "Polygon", "coordinates": [[[-72.6851914192273, -44.73767448333422], [-72.66982533654215, -44.7340387864797], [-72.67272804026182, -44.722793215105355], [-72.67503373801674, -44.72218359771688], [-72.67486693793647, -44.72063099917358], [-72.69047763007686, -44.72341829949947], [-72.69095352158178, -44.7247674539075], [-72.68700809120952, -44.7242415931997], [-72.68498840356634, -44.72661534367961], [-72.68637039425732, -44.730119813718076], [-72.68305247484025, -44.7324155180235], [-72.6851914192273, -44.73767448333422]]]}, "properties": {"NOM": "L\u00edmite urbano de Puerto Cisnes", "COM": "Cisnes", "REG": "Ays\u00e9n"}}, {"type": "Feature", "geometry": {"type": "Polygon", "coordinates": [[[-73.74007536509507, -43.88944275528131], [-73.74306021166267, -43.88738515080672], [-73.74418025002352, -43.89204580534187], [-73.7470763169899, -43.89491158385211], [-73.74913934565058, -43.894501133632204], [-73.74994555307536, -43.89649127911188], [-73.74495703133455, -43.90047885305639], [-73.74029827843955, -43.898570081936164], [-73.7375374932634, -43.90018634209444], [-73.73620642267599, -43.89501683175648], [-73.73761162044401, -43.89525761834483], [-73.7345449409473, -43.89049811413128], [-73.74007536509507, -43.88944275528131]]]}, "properties": {"NOM": "L\u00edmite urbano de Melinka", "COM": "Guaticas", "REG": "Ays\u00e9n"}}, {"type": "Feature", "geometry": {"type": "Polygon", "coordinates": [[[-72.55828253113118, -44.319364150468985], [-72.56500034392992, -44.32000041917995], [-72.5680410971492, -44.3244500113509], [-72.57347151994124, -44.32564526185415], [-72.56748376348233, -44.32708004543646], [-72.56438689520216, -44.32602094678907], [-72.5647783172226, -44.327060771298065], [-72.56335599487032, -44.327499782200604], [-72.56430658851072, -44.326825205123974], [-72.5621383051465, -44.326540859419765], [-72.5630603458356, -44.326421410357035], [-72.5631840779862, -44.326284591411856], [-72.56315909404152, -44.32602166075401], [-72.55771667155393, -44.325803940242224], [-72.55480524698946, -44.327534030438095], [-72.55238860639864, -44.32252526508091], [-72.55348018433466, -44.31999708742994], [-72.55828253113118, -44.319364150468985]]]}, "properties": {"NOM": "L\u00edmite urbano de Puyuhuapi", "COM": "Cisnes", "REG": "Ays\u00e9n"}}, {"type": "Feature", "geometry": {"type": "Polygon", "coordinates": [[[-72.399009462474, -43.97113188227084], [-72.39842220682331, -43.96756142013149], [-72.40013026799612, -43.966789980301876], [-72.40605045407766, -43.97064803933321], [-72.40799172688138, -43.97024171582594], [-72.40863012182456, -43.97195856275648], [-72.41192372294854, -43.97176784387383], [-72.41585266833704, -43.982856618380524], [-72.41110296730776, -43.983906232980225], [-72.40314281860707, -43.980451709925646], [-72.40189676906971, -43.97447301863924], [-72.399009462474, -43.97113188227084]]]}, "properties": {"NOM": "L\u00edmite urbano de La Junta", "COM": "Cisnes", "REG": "Ays\u00e9n"}}, {"type": "Feature", "geometry": {"type": "Polygon", "coordinates": [[[-72.69467466778042, -45.3868268355572], [-72.69602095852369, -45.38531551707318], [-72.70583336147502, -45.38399683927714], [-72.71347108326067, -45.394233723558884], [-72.70954714059, -45.39767489768201], [-72.71799218999959, -45.40433355387264], [-72.71147918410249, -45.40944679446014], [-72.70785941637692, -45.41516023209838], [-72.70490147255546, -45.41633702490587], [-72.7039315390853, -45.42010415765557], [-72.69975412597746, -45.42403549792342], [-72.69664820447588, -45.419399674314704], [-72.6848967197118, -45.422951089917625], [-72.67973443415063, -45.41722611239968], [-72.67590500951923, -45.417492484065896], [-72.67468551328336, -45.40704651978009], [-72.66627082333713, -45.40593890474432], [-72.6696121025448, -45.40144128526827], [-72.65848332813908, -45.40004191162464], [-72.6597461501211, -45.39512792413138], [-72.66975708344515, -45.39676818593626], [-72.67731229587028, -45.38792656125108], [-72.6877236514356, -45.38573571180173], [-72.69467466778042, -45.3868268355572]]]}, "properties": {"NOM": "L\u00edmite urbano de Puerto Ays\u00e9n", "COM": "Ays\u00e9n", "REG": "Ays\u00e9n"}}, {"type": "Feature", "geometry": {"type": "Polygon", "coordinates": [[[-70.33898407100088, -53.28823506961126], [-70.3609771369281, -53.2845847938491], [-70.38115531582557, -53.28630319169392], [-70.38067570080378, -53.287902320425765], [-70.38698351172708, -53.28830963304495], [-70.38651347364456, -53.29095527882348], [-70.42349593799703, -53.29365636263104], [-70.42333695415805, -53.29556109954375], [-70.4257878555955, -53.29572210668081], [-70.42562073212171, -53.297379575060276], [-70.439761033059, -53.29967201021766], [-70.43920808406901, -53.300939316378695], [-70.44301864048617, -53.30208254740738], [-70.44129563583863, -53.30657030010693], [-70.433279725115, -53.30673825342921], [-70.43146681527718, -53.305963212271955], [-70.43465667985048, -53.30487237754547], [-70.43537663732988, -53.301771601673], [-70.42002098857675, -53.29939848296708], [-70.40944440498289, -53.29441007656712], [-70.40103084871053, -53.29388484849762], [-70.39450680072193, -53.2952992437313], [-70.3868401226414, -53.29393179034762], [-70.38087794750685, -53.29831801781923], [-70.3817233439359, -53.29898610924626], [-70.38160638957412, -53.29905287309305], [-70.36850574844104, -53.29878767519029], [-70.36621277622044, -53.30096058720619], [-70.36613559925944, -53.303518390053135], [-70.36967538548367, -53.30866298584653], [-70.37960875916443, -53.30882798206085], [-70.37996326851153, -53.3121240922659], [-70.36820786978775, -53.313377419030125], [-70.36710154600634, -53.308585480597635], [-70.34708033512837, -53.30964575756824], [-70.34083523739172, -53.30298490982009], [-70.33088585393597, -53.304808879533816], [-70.32892460888856, -53.29919365675424], [-70.35671979891278, -53.29928505647214], [-70.35815136672598, -53.29184774985337], [-70.3423262853548, -53.29228856347705], [-70.33898407100088, -53.28823506961126]]]}, "properties": {"NOM": "L\u00edmite urbano de Porvenir", "COM": "Porvenir", "REG": "Magallanes"}}, {"type": "Feature", "geometry": {"type": "Polygon", "coordinates": [[[-71.25733372452066, -28.50683581159851], [-71.2484796595858, -28.486688628912823], [-71.2373426655952, -28.480120529727998], [-71.2349848880117, -28.475985263566496], [-71.23012778620368, -28.476964179102342], [-71.21776392440202, -28.474783572889464], [-71.20977613454002, -28.47552956692114], [-71.20326105533124, -28.475000252399873], [-71.20176211027848, -28.473317187781724], [-71.19314382256297, -28.475961027314035], [-71.1900517719477, -28.473509452654525], [-71.18788494475257, -28.47568031578389], [-71.18500274597753, -28.47593040448966], [-71.18247556948764, -28.479604321218385], [-71.17229533876682, -28.483129458995403], [-71.16640219017869, -28.482992038645886], [-71.16447765388702, -28.479484871715567], [-71.19357822357986, -28.462284155415116], [-71.21685845403665, -28.461500676713325], [-71.22038278025487, -28.4641693707248], [-71.22415682644396, -28.460266798441783], [-71.22653833482232, -28.460408102337674], [-71.23083883509041, -28.4626342238499], [-71.23406380492669, -28.46936190316522], [-71.24050880027197, -28.471440011036478], [-71.24233937997143, -28.470121903311274], [-71.24408414720504, -28.472049814121718], [-71.24712483394902, -28.471572623917368], [-71.24918280958623, -28.46888975087229], [-71.25341245523629, -28.468288985736063], [-71.25437001621002, -28.467211664311414], [-71.25263263941623, -28.465496976347886], [-71.25409718977339, -28.46238788255864], [-71.25791339300045, -28.46166959780036], [-71.25970910459216, -28.466374044354307], [-71.25834769520266, -28.46879637660534], [-71.25549358494996, -28.468864329250227], [-71.25575275340101, -28.474395536664314], [-71.25907687478677, -28.477634654885232], [-71.26400949077421, -28.47864389213074], [-71.26386916404536, -28.48005026683554], [-71.26554453821991, -28.478534854200134], [-71.26640059046487, -28.479644280081757], [-71.26375838739779, -28.48184620438319], [-71.26303943243823, -28.480719771561247], [-71.25390953889706, -28.481056178116393], [-71.25101869922734, -28.485025862401073], [-71.25257839644443, -28.487731590393434], [-71.2594955382182, -28.490518037302127], [-71.25938558981731, -28.49815152488307], [-71.27130833749197, -28.49987258650241], [-71.27459454009129, -28.50243528205657], [-71.27366933014588, -28.50477692167097], [-71.2702376813189, -28.503547492929986], [-71.26636402543954, -28.505111847193476], [-71.26064407832641, -28.50425218796134], [-71.25869686586202, -28.505456547756353], [-71.2591050935648, -28.506940323070612], [-71.25733372452066, -28.50683581159851]]]}, "properties": {"NOM": "Limite urbano de Huasco", "COM": "Huasco", "REG": "Atacama"}}, {"type": "Feature", "geometry": {"type": "Polygon", "coordinates": [[[-70.96534528594289, -29.948433981309368], [-70.96719960272542, -29.95154050601806], [-70.97176362378211, -29.952881592884207], [-70.97442356318615, -29.955990384392848], [-70.97256775160699, -29.961233083293877], [-70.97376213454078, -29.964880532386765], [-70.97825141037593, -29.966654461818695], [-70.97761072562709, -29.967686571311464], [-70.97351990562103, -29.965683895164744], [-70.97141848655836, -29.967928144375268], [-70.96836134447503, -29.9670922988727], [-70.97117708947859, -29.96369023357844], [-70.96955855171205, -29.959988516679044], [-70.9722962968978, -29.957160362174402], [-70.96984387820586, -29.95457409542897], [-70.96729186150172, -29.955230626180086], [-70.96543252942499, -29.953197077198897], [-70.96323624647167, -29.949449730509905], [-70.96534528594289, -29.948433981309368]]]}, "properties": {"NOM": "L\u00edmite urbano de Vicu\u00f1a - localidad de Marquesa", "COM": "Vicuna", "REG": "Coquimbo"}}, {"type": "Feature", "geometry": {"type": "Polygon", "coordinates": [[[-70.95540681432291, -29.970581830400107], [-70.95846467146521, -29.973030614487964], [-70.95602008698087, -29.977011238565268], [-70.95690005327698, -29.98016270526769], [-70.95583656296495, -29.98163435376889], [-70.95678330103614, -29.982716391570168], [-70.95922053011493, -29.981028527311093], [-70.95996997299692, -29.983232991368588], [-70.9551596383809, -29.9852642536419], [-70.9553046399425, -29.986976230534534], [-70.95091829756417, -29.986023083520212], [-70.94963947209538, -29.987529611270237], [-70.94782228358186, -29.98596911244399], [-70.94557651693113, -29.98730440964424], [-70.9433837176445, -29.980930420499664], [-70.95091762023445, -29.977004491278326], [-70.95185005712631, -29.974365433549092], [-70.94998747224992, -29.973240635190106], [-70.94923948643533, -29.971962555515415], [-70.95280232612473, -29.974368712735245], [-70.95540681432291, -29.970581830400107]]]}, "properties": {"NOM": "L\u00edmite urbano de Vicu\u00f1a - localidad de El Molle", "COM": "Vicuna", "REG": "Coquimbo"}}, {"type": "Feature", "geometry": {"type": "Polygon", "coordinates": [[[-70.85255825547294, -53.05501666750626], [-70.85083781102396, -53.05265510284672], [-70.85533996600535, -53.051652024057994], [-70.8588838260894, -53.054918038829676], [-70.86219244165505, -53.05361531936975], [-70.86395075458485, -53.05528059282325], [-70.86994643687952, -53.0539870801013], [-70.87098224201281, -53.05619463720426], [-70.86632696290305, -53.05709979480658], [-70.87249295409748, -53.06389200061105], [-70.86977329289671, -53.064474953981154], [-70.88429051075751, -53.08833739280473], [-70.88883411490443, -53.09215449293895], [-70.89080582532492, -53.09931561619521], [-70.90456829305704, -53.096693583061196], [-70.90297576511124, -53.09930143439951], [-70.90366218578615, -53.10085048247893], [-70.90059601473588, -53.10260281066193], [-70.90253734952336, -53.11258619396076], [-70.92732385798057, -53.12716746648187], [-70.93578893982098, -53.13884547073101], [-70.9406150668197, -53.14070649226729], [-70.94559082978854, -53.14773891564855], [-70.9515306997546, -53.15166749365995], [-70.9513989276822, -53.156115307965614], [-70.95713705400176, -53.16599956701782], [-70.9558130621388, -53.170699172884866], [-70.95692813551108, -53.17262595586357], [-70.96160349376409, -53.17212210379508], [-70.96782599527809, -53.18235049673115], [-70.9702703830314, -53.1877933285657], [-70.9512945964468, -53.19251873113887], [-70.94922948099969, -53.19700963476381], [-70.94075455991197, -53.20216299583332], [-70.94478462326208, -53.22456854282391], [-70.94868249861983, -53.22425581159894], [-70.9488983817489, -53.2256248690343], [-70.94468471982272, -53.225911480187534], [-70.94683436853467, -53.23685319913414], [-70.94299137215594, -53.237510176238374], [-70.93724181746934, -53.23295738940771], [-70.94092034848921, -53.2230687996979], [-70.93812122591169, -53.214786925476645], [-70.93840935784411, -53.20629761454829], [-70.92492109007267, -53.18259322636058], [-70.9174990636682, -53.17619435608657], [-70.91840343988555, -53.17205014636828], [-70.9042914511511, -53.165585868125504], [-70.88943470694382, -53.16373339726276], [-70.88222264197407, -53.1460675554987], [-70.85375246413355, -53.12997902242985], [-70.87294897217336, -53.116070376150496], [-70.87731373791686, -53.11099194114534], [-70.87948268244114, -53.10508701502287], [-70.87914015392498, -53.101873849777704], [-70.87546386240511, -53.09968646582278], [-70.87396830579762, -53.09652843755424], [-70.87135856604826, -53.086275331657895], [-70.86479992842966, -53.08095650920601], [-70.86142670692709, -53.07549214458587], [-70.85896490263706, -53.064098143604106], [-70.85255825547294, -53.05501666750626]]]}, "properties": {"NOM": "L\u00edmite urbano de Punta Arenas", "COM": "Punta Arenas", "REG": "Magallanes"}}, {"type": "Feature", "geometry": {"type": "Polygon", "coordinates": [[[-71.69880107807928, -33.20764719610677], [-71.69713999969416, -33.202149999404675], [-71.68589000033577, -33.195069999445025], [-71.68173029122553, -33.18587023377008], [-71.68305686664327, -33.182396816858784], [-71.68851641820669, -33.18338632909596], [-71.68906397191508, -33.18772350131165], [-71.69184750872242, -33.18939799219523], [-71.69683214435135, -33.18874563604816], [-71.69943375344906, -33.193814382683236], [-71.70323248354552, -33.191910819802416], [-71.70316856751472, -33.19460340905048], [-71.70716637865122, -33.19705330130114], [-71.70786740054275, -33.199549545900524], [-71.70659319690607, -33.20137290984917], [-71.7026174618677, -33.20157595199272], [-71.70154208684447, -33.20332606384993], [-71.70254299692054, -33.20450462673068], [-71.69870864682643, -33.20529033376893], [-71.7009285608616, -33.20875424819731], [-71.69880107807928, -33.20764719610677]]]}, "properties": {"NOM": "L\u00edmite urbano de Casablanca", "COM": "Casablanca", "REG": "Valpara\u00edso"}}, {"type": "Feature", "geometry": {"type": "Polygon", "coordinates": [[[-71.4687511100323, -33.23136154301575], [-71.467769055594, -33.229814892541675], [-71.46568143465412, -33.230109073051274], [-71.4738435731397, -33.216080666869054], [-71.47507759782864, -33.21658669688836], [-71.4682072295351, -33.228943164911165], [-71.46971072006319, -33.23019419081442], [-71.4687511100323, -33.23136154301575]]]}, "properties": {"NOM": "L\u00edmite urbano de Casablanca", "COM": "Casablanca", "REG": "Valpara\u00edso"}}, {"type": "Feature", "geometry": {"type": "Polygon", "coordinates": [[[-71.39738938673128, -33.41724487289827], [-71.39228943886091, -33.42314365808991], [-71.38580852527733, -33.428442637129606], [-71.38469553240326, -33.42571107227298], [-71.38987095043557, -33.42134438060495], [-71.3916197798509, -33.41784225165599], [-71.395328726928, -33.415164774882655], [-71.39738938673128, -33.41724487289827]]]}, "properties": {"NOM": "L\u00edmite urbano de Casablanca", "COM": "Casablanca", "REG": "Valpara\u00edso"}}, {"type": "Feature", "geometry": {"type": "Polygon", "coordinates": [[[-71.42164288161128, -33.27786604020532], [-71.42803513686623, -33.27167728967625], [-71.43666337522014, -33.259565781651546], [-71.43616360200338, -33.2550353473667], [-71.43992103295298, -33.25505113619928], [-71.42967457753109, -33.275320763012886], [-71.42164288161128, -33.27786604020532]]]}, "properties": {"NOM": "L\u00edmite urbano de Casablanca", "COM": "Casablanca", "REG": "Valpara\u00edso"}}, {"type": "Feature", "geometry": {"type": "Polygon", "coordinates": [[[-71.51392364508582, -33.285930891442], [-71.50612778118261, -33.28722925561836], [-71.50375650551364, -33.289738552796024], [-71.50446073798399, -33.29093119947397], [-71.49968536040893, -33.29260356078902], [-71.49572341271355, -33.29297146900847], [-71.49224583033116, -33.29092559853618], [-71.49247372752885, -33.288748425442265], [-71.49568104097823, -33.289469907949744], [-71.4989091360534, -33.2854387715433], [-71.50249872128373, -33.28755429138361], [-71.51304742745938, -33.284212298159424], [-71.51392364508582, -33.285930891442]]]}, "properties": {"NOM": "L\u00edmite urbano de Casablanca", "COM": "Casablanca", "REG": "Valpara\u00edso"}}, {"type": "Feature", "geometry": {"type": "Polygon", "coordinates": [[[-71.44804463281456, -33.43340559644403], [-71.45034796171207, -33.43324822221436], [-71.45275687319818, -33.44462099193982], [-71.45782570073214, -33.44967502078034], [-71.45996793295312, -33.455980498129044], [-71.46567045454638, -33.462206573937685], [-71.46196804900121, -33.460743429142234], [-71.45742941523277, -33.45373885286869], [-71.45018874161619, -33.449908606988835], [-71.44554040917849, -33.43869529536609], [-71.44804463281456, -33.43340559644403]]]}, "properties": {"NOM": "L\u00edmite urbano de Casablanca", "COM": "Casablanca", "REG": "Valpara\u00edso"}}, {"type": "Feature", "geometry": {"type": "Polygon", "coordinates": [[[-71.30616602478777, -33.35600894443396], [-71.30397455590608, -33.359474745923116], [-71.30460157278787, -33.364129696477434], [-71.30160379317515, -33.36582470725512], [-71.29752830381774, -33.360745270604525], [-71.30259558714772, -33.35434752624206], [-71.30616602478777, -33.35600894443396]]]}, "properties": {"NOM": "L\u00edmite urbano de Casablanca", "COM": "Casablanca", "REG": "Valpara\u00edso"}}, {"type": "Feature", "geometry": {"type": "Polygon", "coordinates": [[[-71.44774781237669, -33.25275761499063], [-71.44637238477719, -33.24852856253631], [-71.45168166615989, -33.24217324023873], [-71.45996745235445, -33.23749486472097], [-71.4560212063119, -33.24107215955121], [-71.45675437082262, -33.242620888138646], [-71.45367063321697, -33.2436516408906], [-71.45056745517029, -33.24756138641197], [-71.45256758379479, -33.250237548803504], [-71.44774781237669, -33.25275761499063]]]}, "properties": {"NOM": "L\u00edmite urbano de Casablanca", "COM": "Casablanca", "REG": "Valpara\u00edso"}}, {"type": "Feature", "geometry": {"type": "Polygon", "coordinates": [[[-71.39230467338983, -33.345473602301254], [-71.38756065150976, -33.34251373188624], [-71.38726092502195, -33.33906112703348], [-71.39030111948914, -33.337783913426804], [-71.39299562606533, -33.33365931044565], [-71.38561002005743, -33.332286265228305], [-71.38038952815741, -33.32784905291774], [-71.38101121263968, -33.326446881030876], [-71.38779763426824, -33.32699616314502], [-71.38871334812278, -33.32299083652329], [-71.39297933152439, -33.32286976659648], [-71.39574052543402, -33.3202649168149], [-71.38967267967595, -33.31934191851206], [-71.3885671598867, -33.32056268028362], [-71.38842366659648, -33.318741232708206], [-71.3858319039326, -33.31859004121618], [-71.38590156019805, -33.312661913001705], [-71.39967617494945, -33.307015935952045], [-71.4090922106547, -33.296777767446386], [-71.41843751660775, -33.295482539017776], [-71.42074881086687, -33.297200187275116], [-71.41983504905144, -33.300606041300156], [-71.42259011195927, -33.30261481092134], [-71.42524484472791, -33.30209956361894], [-71.42836698531194, -33.30761032415239], [-71.42231217321034, -33.30957199718376], [-71.42347912608692, -33.31415332658368], [-71.41472527091695, -33.32719347623553], [-71.4091507844045, -33.33012394474755], [-71.3998388409828, -33.33168629535365], [-71.39797303295116, -33.337734921972384], [-71.39230467338983, -33.345473602301254]]]}, "properties": {"NOM": "L\u00edmite urbano de Casablanca", "COM": "Casablanca", "REG": "Valpara\u00edso"}}, {"type": "Feature", "geometry": {"type": "Polygon", "coordinates": [[[-71.28324482849217, -29.61992425362236], [-71.2872049211665, -29.61983586522827], [-71.28872309555622, -29.622694580266838], [-71.29093692889523, -29.62246192035474], [-71.29099589251385, -29.62507634914848], [-71.2797966758168, -29.630557982099692], [-71.27922885431897, -29.62883070952014], [-71.2743879841698, -29.628145588538523], [-71.279236550186, -29.62316052710487], [-71.28256995566026, -29.622093476246484], [-71.28324482849217, -29.61992425362236]]]}, "properties": {"NOM": "L\u00edmite urbano de La Higuera - localidad Chungungo", "COM": "La Higuera", "REG": "Coquimbo"}}, {"type": "Feature", "geometry": {"type": "Polygon", "coordinates": [[[-71.1907061658861, -29.508798930328172], [-71.19069760134816, -29.507233678912446], [-71.20389861753615, -29.502046187490997], [-71.20431409105, -29.509148689783036], [-71.21157986449396, -29.50727165708712], [-71.21358365554987, -29.509692379436864], [-71.20521676495989, -29.51730439243243], [-71.19746794313315, -29.515128006864035], [-71.19572555284176, -29.512043106819725], [-71.19082082145907, -29.51196361891103], [-71.1907061658861, -29.508798930328172]]]}, "properties": {"NOM": "L\u00edmite urbano de La Higuera", "COM": "La Higuera", "REG": "Coquimbo"}}, {"type": "Feature", "geometry": {"type": "Polygon", "coordinates": [[[-71.30031264371895, -29.442650008744334], [-71.30151105020688, -29.441033814949698], [-71.30607438135743, -29.44258638144504], [-71.30622763035166, -29.445201041474974], [-71.30355332958116, -29.448782558674118], [-71.30446364276422, -29.45093193773919], [-71.31204395142342, -29.449616992699188], [-71.31386882682082, -29.45004285792263], [-71.31445184332168, -29.452129545634964], [-71.31468927074623, -29.449376736798953], [-71.31676031327757, -29.448322302695125], [-71.31631988726008, -29.451064808424313], [-71.31287074823452, -29.45399023794475], [-71.29893429479816, -29.453277984279953], [-71.29728523856647, -29.450927666750367], [-71.29301351403188, -29.45009009108027], [-71.29297288772315, -29.447807789682674], [-71.29914876308065, -29.445216404602803], [-71.30031264371895, -29.442650008744334]]]}, "properties": {"NOM": "L\u00edmite urbano de La Higuera - localidad Chungungo", "COM": "La Higuera", "REG": "Coquimbo"}}, {"type": "Feature", "geometry": {"type": "Polygon", "coordinates": [[[-71.11998582622319, -29.36979528996306], [-71.12297237509824, -29.367463693424913], [-71.11694261790822, -29.375730462741053], [-71.10695676914015, -29.37855596563723], [-71.1063371660544, -29.376242537534484], [-71.11998582622319, -29.36979528996306]]]}, "properties": {"NOM": "L\u00edmite urbano de La Higuera - localidad El Trapiche", "COM": "La Higuera", "REG": "Coquimbo"}}, {"type": "Feature", "geometry": {"type": "Polygon", "coordinates": [[[-71.01002767412626, -29.35568231712703], [-71.00862572466632, -29.354225153015843], [-71.01664442286229, -29.349003471779316], [-71.02172393585654, -29.350672709141527], [-71.02057600839939, -29.351787719596473], [-71.02388046207032, -29.355885888748674], [-71.01805295787157, -29.357977921187356], [-71.01663998338813, -29.356308380717802], [-71.01312436274335, -29.358900763605284], [-71.01002767412626, -29.35568231712703]]]}, "properties": {"NOM": "L\u00edmite urbano de La Higuera - localidad Punta Colorada", "COM": "La Higuera", "REG": "Coquimbo"}}, {"type": "Feature", "geometry": {"type": "Polygon", "coordinates": [[[-71.31270370740575, -29.283934984943404], [-71.31795541935514, -29.289965025687632], [-71.30551744205097, -29.293375573311593], [-71.2970858188616, -29.287600827819464], [-71.29986524767317, -29.284699069619535], [-71.30784570189256, -29.286178125430325], [-71.31270370740575, -29.283934984943404]]]}, "properties": {"NOM": "L\u00edmite urbano de La Higuera - localidad Los Choros", "COM": "La Higuera", "REG": "Coquimbo"}}, {"type": "Feature", "geometry": {"type": "Polygon", "coordinates": [[[-71.46380811401174, -29.236264937768965], [-71.4656400043532, -29.241006118389198], [-71.46452670156036, -29.243840673351343], [-71.46851757770283, -29.246634214168182], [-71.46935125111742, -29.24944586478636], [-71.46508105641377, -29.249232257662182], [-71.46127869353028, -29.25102865307915], [-71.46045215094242, -29.255553055666816], [-71.45879728171253, -29.256823345715194], [-71.45480515242022, -29.25572092272083], [-71.4553981671702, -29.247079260838856], [-71.45645770399668, -29.24696005044744], [-71.45442814476684, -29.23969091378767], [-71.46380811401174, -29.236264937768965]]]}, "properties": {"NOM": "L\u00edmite urbano de La Higuera - localidad Punta de Choros", "COM": "La Higuera", "REG": "Coquimbo"}}, {"type": "Feature", "geometry": {"type": "Polygon", "coordinates": [[[-71.70453559406971, -35.51085823957565], [-71.7048273264498, -35.51555706949789], [-71.70038737081869, -35.52539229787256], [-71.70201334124589, -35.541569570633364], [-71.70130116497346, -35.54340753276974], [-71.69457516403092, -35.54391900868709], [-71.68113198719516, -35.515184975170655], [-71.69669522762732, -35.51776632754843], [-71.70004511988195, -35.51060632337599], [-71.70453559406971, -35.51085823957565]]]}, "properties": {"NOM": "L\u00edmite urbano de Maule Sector Norte", "COM": "Maule", "REG": "Maule"}}, {"type": "Feature", "geometry": {"type": "Polygon", "coordinates": [[[-69.8352725798647, -23.332667585447368], [-69.83376784427163, -23.332279233152725], [-69.83403697593751, -23.329552762921708], [-69.84496242566182, -23.329405044934038], [-69.85438551134543, -23.335477372616538], [-69.85703002128616, -23.34089063460944], [-69.85279864997244, -23.347559814852424], [-69.8359025288476, -23.338961988476104], [-69.83613792338464, -23.337095941597056], [-69.83420711954724, -23.336750946881633], [-69.8352725798647, -23.332667585447368]]]}, "properties": {"NOM": "L\u00edmite urbano de Sierra Gorda, localidad Baquedano", "COM": "Sierra Gorda", "REG": "Antofagasta"}}, {"type": "Feature", "geometry": {"type": "Polygon", "coordinates": [[[-72.08751261001, -34.75345892695219], [-72.08524894891882, -34.75484270922579], [-72.08229841619843, -34.763099439310515], [-72.0795620364519, -34.76593099769567], [-72.07335164422793, -34.76821527961357], [-72.0631199616009, -34.77592473344094], [-72.06242991712213, -34.77437808341313], [-72.06653210800306, -34.77218897965382], [-72.06958733577653, -34.76683519203256], [-72.07664005847948, -34.76516481099695], [-72.08175114096778, -34.758982971374444], [-72.08165120339243, -34.760296433932695], [-72.08335013858026, -34.75381478228049], [-72.08751261001, -34.75345892695219]]]}, "properties": {"NOM": "L\u00edmite urbano de Vichuqu\u00e9n - Localidad de Llico", "COM": "Vichuqu\u00e9n", "REG": "Maule"}}, {"type": "Feature", "geometry": {"type": "Polygon", "coordinates": [[[-71.99208228308073, -34.87878740470376], [-71.99577996528416, -34.878773127863134], [-71.99569430463363, -34.884098362536406], [-71.99473776145109, -34.88619704657802], [-71.98892711773192, -34.88699654582951], [-71.99228215823145, -34.882242382487654], [-71.99208228308073, -34.87878740470376]]]}, "properties": {"NOM": "L\u00edmite urbano de Vichuqu\u00e9n - Localidad de Lontu\u00e9", "COM": "Vichuqu\u00e9n", "REG": "Maule"}}, {"type": "Feature", "geometry": {"type": "Polygon", "coordinates": [[[-71.82014709847284, -35.39017413696426], [-71.79426690822518, -35.40410560667196], [-71.79014514754581, -35.400386287550575], [-71.78787595283248, -35.401633448056906], [-71.7851174529704, -35.39687098038331], [-71.79058875719268, -35.394936602538614], [-71.7954076850927, -35.39085184053655], [-71.79332321095124, -35.386143365581326], [-71.79887047581563, -35.38465015092549], [-71.79926042010743, -35.38825526194792], [-71.81268726197806, -35.38621673852697], [-71.81313868427294, -35.38769571213287], [-71.8170851207583, -35.38715208576877], [-71.82014709847284, -35.39017413696426]]]}, "properties": {"NOM": "L\u00edmite urbano de Pencahue", "COM": "Pencahue", "REG": "Maule"}}, {"type": "Feature", "geometry": {"type": "Polygon", "coordinates": [[[-71.86670032615174, -35.4407404100478], [-71.87517660908544, -35.442408511740474], [-71.87917091769063, -35.44494475962423], [-71.87840667686099, -35.44598472539196], [-71.86315788450752, -35.441994300449856], [-71.8572249459422, -35.442886490852864], [-71.85552751363583, -35.44091454479066], [-71.85621746199486, -35.438725203575196], [-71.86327428460876, -35.44029338751529], [-71.86322421431147, -35.43791055039737], [-71.86633390155073, -35.436153796243254], [-71.86766770211828, -35.43843698409403], [-71.86670032615174, -35.4407404100478]]]}, "properties": {"NOM": "L\u00edmite urbano de Corintio", "COM": "Pencahue", "REG": "Maule"}}, {"type": "Feature", "geometry": {"type": "Polygon", "coordinates": [[[-73.6083150615267, -41.61347224845248], [-73.61044081864536, -41.61623168524716], [-73.61498903384462, -41.6171258587828], [-73.6138768153183, -41.62076064297023], [-73.60839974121694, -41.62261315445016], [-73.60762736883734, -41.62064872027498], [-73.60657598871364, -41.62113566467946], [-73.60566342165754, -41.62656961240451], [-73.59855468809829, -41.62969772516863], [-73.59858431902795, -41.63241615292615], [-73.59552599296507, -41.63330620651563], [-73.59449723242022, -41.631826868939214], [-73.5916541660556, -41.637113334469305], [-73.59245138044608, -41.63902738623399], [-73.58859580316181, -41.641306296783874], [-73.58500961176661, -41.635103481270754], [-73.59335069825006, -41.62751248280636], [-73.59432346051503, -41.62245108015288], [-73.59298777707865, -41.61613191316748], [-73.6083150615267, -41.61347224845248]]]}, "properties": {"NOM": "L\u00edmite urbano de Maull\u00edn", "COM": "Maullin", "REG": "Los Lagos"}}, {"type": "Feature", "geometry": {"type": "Polygon", "coordinates": [[[-73.25005914680946, -37.9623544524637], [-73.25353513647886, -37.96996167349851], [-73.25303320730544, -37.97325658274602], [-73.24179525076174, -37.98554097440638], [-73.24450971071703, -37.98708123668196], [-73.24667103932431, -37.98498957710998], [-73.24750722622505, -37.988128818700964], [-73.25058032059121, -37.989462335315814], [-73.24998745047002, -37.992033686736974], [-73.25999002766528, -37.984718555921575], [-73.2626713640411, -37.987019192604976], [-73.26209078826287, -37.98810669167746], [-73.26046160995179, -37.98688194949298], [-73.25591385648659, -37.9907644843957], [-73.2560511478081, -37.992642131783015], [-73.25493872356758, -37.99194370438574], [-73.25452338210607, -37.994236970706645], [-73.25310640562805, -37.99368778170971], [-73.2542080357121, -37.996593339692495], [-73.2496843274521, -37.996271040157346], [-73.248984628779, -38.00146286787756], [-73.2532910085206, -38.00395688787601], [-73.24936152144801, -38.00839826081648], [-73.25215509423373, -38.00993426426826], [-73.25308664897999, -38.01291509479404], [-73.24253991730134, -38.01179543806718], [-73.24128544066832, -38.013439817190054], [-73.23779462879675, -38.01151168827969], [-73.23757092223985, -38.01366037301664], [-73.23489670680932, -38.01445393790672], [-73.23740601311326, -38.021970159968575], [-73.23548512577828, -38.02541035879277], [-73.24213916088681, -38.03201898820685], [-73.23904802295985, -38.03366419069904], [-73.23608763751744, -38.032173232573776], [-73.23706524529507, -38.030318464120136], [-73.23563968990608, -38.02926536547242], [-73.23415033167403, -38.030239928736044], [-73.2255874017396, -38.0266712703106], [-73.22810963210554, -38.02244340141744], [-73.22463262464491, -38.020652603907216], [-73.2243734876349, -38.01384153420225], [-73.22177854403661, -38.014077881470314], [-73.21897500623945, -38.016766720596706], [-73.21421850945504, -38.01450683456672], [-73.21280120688857, -38.015530015063064], [-73.21528142843856, -38.0124525703216], [-73.21427108874693, -38.01048704816166], [-73.2116556303225, -38.00931311059006], [-73.20281732453265, -38.0100302499233], [-73.20027729943926, -38.00753787690031], [-73.20600803442063, -38.004206051339565], [-73.20878448352043, -38.00062244609085], [-73.22039597842387, -38.00364199646691], [-73.22995662672018, -38.00199194915129], [-73.23078834629904, -37.999907756744584], [-73.22544987056791, -37.99620606386603], [-73.23134531704655, -37.99430649511426], [-73.23965000199804, -37.98405989499058], [-73.23958745679639, -37.98151225460829], [-73.24213490107573, -37.97859390672509], [-73.24601172171984, -37.97576089332553], [-73.24914050444708, -37.975514254687575], [-73.25079672564146, -37.97093599408968], [-73.24665147761068, -37.96488521235211], [-73.25005914680946, -37.9623544524637]], [[-73.20947946603829, -38.00515349390072], [-73.2077545371994, -38.0052666967342], [-73.20576112797322, -38.00619481124552], [-73.21143440042084, -38.00543361165006], [-73.20947946603829, -38.00515349390072]]]}, "properties": {"NOM": "L\u00edmite urbano de Contulmo", "COM": "Contulmo", "REG": "Biob\u00edo"}}, {"type": "Feature", "geometry": {"type": "Polygon", "coordinates": [[[-72.89918815807548, -40.14550803035806], [-72.9026804072515, -40.151180525964264], [-72.90084063688839, -40.153756518672786], [-72.90371530598469, -40.156095951907425], [-72.90232287417517, -40.15713184098339], [-72.89942325437185, -40.154763428952656], [-72.89503959885454, -40.15562605165669], [-72.8925879149845, -40.152396459281206], [-72.88956188874596, -40.15514326716476], [-72.887914239276, -40.15402513014953], [-72.89126306792538, -40.14931951885933], [-72.88954260551009, -40.14855532498718], [-72.89244760442533, -40.1468193500253], [-72.8886291652915, -40.143707153851445], [-72.88943227263024, -40.1430903841133], [-72.8938867010189, -40.14619305072988], [-72.89918815807548, -40.14550803035806]]]}, "properties": {"NOM": "L\u00edmite urbano de Pichirropulli", "COM": "Paillaco", "REG": "Los R\u00edos"}}, {"type": "Feature", "geometry": {"type": "Polygon", "coordinates": [[[-72.89293660324854, -40.060181372247925], [-72.87323831964721, -40.08095886383063], [-72.86286058263309, -40.08077214135988], [-72.85847835004719, -40.05889100011963], [-72.87170785360945, -40.055722969518314], [-72.87817134436813, -40.05246591400748], [-72.88019463335728, -40.05320348259243], [-72.87913952163187, -40.059686940733684], [-72.89293660324854, -40.060181372247925]]]}, "properties": {"NOM": "L\u00edmite urbano de Paillaco", "COM": "Paillaco", "REG": "Los R\u00edos"}}, {"type": "Feature", "geometry": {"type": "Polygon", "coordinates": [[[-72.84361072903845, -39.99063485385244], [-72.839773260892, -39.99319280927166], [-72.84250477087136, -39.996045045936285], [-72.83953793013532, -39.99783538268624], [-72.83811239181432, -39.99580357778122], [-72.83329976200275, -39.9961715914417], [-72.82829113506754, -39.99206600124358], [-72.82685215345832, -39.987937523574736], [-72.8292007781074, -39.986864972848245], [-72.8281776616775, -39.98532609096442], [-72.83477321107112, -39.98486349648909], [-72.83932196525956, -39.98947256398059], [-72.84361072903845, -39.99063485385244]]]}, "properties": {"NOM": "L\u00edmite urbano de Reumen", "COM": "Paillaco", "REG": "Los R\u00edos"}}, {"type": "Feature", "geometry": {"type": "Polygon", "coordinates": [[[-71.2538759454987, -30.793168611118443], [-71.24971445772421, -30.789281502104167], [-71.25360552115714, -30.789114602699414], [-71.25593060994578, -30.790927045550625], [-71.25671330486632, -30.800107543836184], [-71.25206287306582, -30.798376573012963], [-71.2538759454987, -30.793168611118443]]]}, "properties": {"NOM": "L\u00edmite urbano de Punitaqui - Localidad de Ramadas", "COM": "Punitaqui", "REG": "Coquimbo"}}, {"type": "Feature", "geometry": {"type": "Polygon", "coordinates": [[[-71.26090893670646, -30.81808477740262], [-71.2668113082976, -30.81922318420541], [-71.26572001243257, -30.82597812397679], [-71.26710693038288, -30.82717624529969], [-71.268646569118, -30.826537521323992], [-71.26961839713509, -30.821347933340004], [-71.27316017043273, -30.820220003388048], [-71.27147741749644, -30.827030598972975], [-71.2680499090046, -30.827477000778384], [-71.2654885013125, -30.83338701376918], [-71.26262689461875, -30.83238166199983], [-71.257913465764, -30.837472813767732], [-71.25497762948167, -30.8457199063226], [-71.25586945713282, -30.849276597124412], [-71.24577328895965, -30.84945653822102], [-71.24270135881011, -30.84801458758646], [-71.24383699282261, -30.846511087832223], [-71.2497094208704, -30.847077460910626], [-71.25463182031811, -30.835714429022364], [-71.25102083811602, -30.83443589717353], [-71.2491629244791, -30.829043357977838], [-71.24648650278623, -30.82887259587993], [-71.24635883242141, -30.82761370210296], [-71.2527688940819, -30.826026331575424], [-71.25280566482142, -30.823377959566336], [-71.2558800231172, -30.819629752534123], [-71.26090893670646, -30.81808477740262]]]}, "properties": {"NOM": "L\u00edmite urbano de Punitaqui", "COM": "Punitaqui", "REG": "Coquimbo"}}, {"type": "Feature", "geometry": {"type": "Polygon", "coordinates": [[[-73.11522823361499, -36.7757945401656], [-73.15253741254138, -36.7624159561736], [-73.16189412260695, -36.76605409981611], [-73.17368499041139, -36.7660293273407], [-73.17555368203507, -36.76350954108132], [-73.17406049608161, -36.760129641380765], [-73.17709988026841, -36.75428259526688], [-73.18495898646596, -36.752580071968445], [-73.18408427980582, -36.749904096697314], [-73.18778190272043, -36.74884217641909], [-73.18934577261201, -36.74631474544663], [-73.19251327093139, -36.74618023025273], [-73.19219961337015, -36.74864748897267], [-73.19337030593324, -36.748555454970756], [-73.19208916999754, -36.749939494002774], [-73.19542895890021, -36.75085273351106], [-73.1899819226653, -36.753539294100044], [-73.19485907487048, -36.75507190164637], [-73.19595024856463, -36.75686285423468], [-73.1982739647275, -36.75564175443822], [-73.19890569686623, -36.757503480650385], [-73.20056233847217, -36.757241567611466], [-73.19614021080618, -36.7612055628413], [-73.20630536150833, -36.76365818213692], [-73.20493587087454, -36.7651304244762], [-73.20779412954724, -36.765940852606846], [-73.20690092388044, -36.76702067419439], [-73.20893721149176, -36.76787775200122], [-73.20859898141424, -36.77069221765074], [-73.21206412212996, -36.77149949066033], [-73.21287173451984, -36.77378856272747], [-73.21752413542744, -36.774385700659266], [-73.21396235664841, -36.77609968203552], [-73.21606076904983, -36.778996776219024], [-73.21508059029388, -36.77957175899926], [-73.21979511509325, -36.78119716800644], [-73.21597103453948, -36.78617269460203], [-73.21216766194961, -36.78681396105754], [-73.2031458698731, -36.78199327417129], [-73.19310248221444, -36.781810833680765], [-73.19316460700455, -36.786841602389835], [-73.18689698041887, -36.78738335710788], [-73.18741468131374, -36.789705122329764], [-73.18530246360304, -36.78980462545408], [-73.18363201668781, -36.79366301728861], [-73.17890368657915, -36.79683581877099], [-73.1811056388002, -36.79979845603103], [-73.17873802286769, -36.80239619617858], [-73.18082953171617, -36.803822151569534], [-73.17733678038189, -36.80583392042081], [-73.17770262197628, -36.807270865812676], [-73.17496503938558, -36.80767156252079], [-73.17387383604704, -36.811489414871794], [-73.17618446555286, -36.812537593258334], [-73.17344030549765, -36.8140114799809], [-73.16966360299027, -36.820105256523576], [-73.15283922132402, -36.814308367431124], [-73.13288222651413, -36.811558207165206], [-73.10728846589146, -36.81572066488948], [-73.09023196404738, -36.822097462221485], [-73.08230769675406, -36.813742312902065], [-73.08022483778348, -36.80707809821041], [-73.0662806956666, -36.79551770873008], [-73.0742214138077, -36.78515401102726], [-73.11522823361499, -36.7757945401656]]]}, "properties": {"NOM": "L\u00edmite urbano de Hualp\u00e9n", "COM": "Hualp\u00e9n", "REG": "Biob\u00edo"}}, {"type": "Feature", "geometry": {"type": "Polygon", "coordinates": [[[-72.7138003445584, -39.41461657578905], [-72.7090501791001, -39.41051489582197], [-72.70396589425505, -39.406384343153526], [-72.7093898707366, -39.402830185075345], [-72.71041397441499, -39.405065919058394], [-72.71273560109654, -39.40549714479091], [-72.71221040106568, -39.40790662089532], [-72.71662868304391, -39.41273118791763], [-72.7138003445584, -39.41461657578905]]]}, "properties": {"NOM": "Loncoche", "COM": "Loncoche", "REG": "La Araucan\u00eda"}}, {"type": "Feature", "geometry": {"type": "Polygon", "coordinates": [[[-70.1803810898501, -20.696782115055047], [-70.19072166715421, -20.696710948197182], [-70.18970592229951, -20.6978233744343], [-70.19168651526152, -20.698469020650208], [-70.19022069648318, -20.698395948709756], [-70.19108143254402, -20.699537289138945], [-70.18899997314867, -20.704144084206977], [-70.19073292394303, -20.704224532894184], [-70.19113256015842, -20.702641185507577], [-70.1939252373238, -20.704220770869924], [-70.1932041812048, -20.706628306998024], [-70.19767234573247, -20.710279536610354], [-70.19663421845415, -20.710806368623377], [-70.19845043678717, -20.714658278672026], [-70.19613339420852, -20.726866641628227], [-70.18655044523528, -20.73149602913839], [-70.18359283019721, -20.73714919876722], [-70.18607433903301, -20.743733738574374], [-70.1902404163003, -20.74707931681552], [-70.1970297260125, -20.749205541995657], [-70.19623945470086, -20.75028117264338], [-70.19938051829637, -20.752804593754256], [-70.19843996332928, -20.75575926272831], [-70.19612272401957, -20.756611285947212], [-70.19682667980884, -20.761632977698905], [-70.19560306300076, -20.76136414470364], [-70.19555983876424, -20.763158491691364], [-70.19349294105963, -20.762723852846424], [-70.19385909796269, -20.769914044705732], [-70.19257925829594, -20.770910437683195], [-70.19386322033154, -20.773985646445844], [-70.18975194388983, -20.778160779177075], [-70.18896104824907, -20.78181850753263], [-70.18764010886143, -20.78187054079107], [-70.18915228879327, -20.786199423524657], [-70.18699555237372, -20.788649150057367], [-70.18835433508933, -20.79162009064325], [-70.18600068616287, -20.79254478105604], [-70.18671263605982, -20.794877408351873], [-70.18505292221563, -20.797479676571164], [-70.19293561278262, -20.800889314264673], [-70.1959978698732, -20.80517835578893], [-70.20723300930015, -20.80992773427622], [-70.2045778713913, -20.812581932567277], [-70.16019828732388, -20.81261278475253], [-70.15712119186146, -20.803104375931298], [-70.15722216160108, -20.792503346519705], [-70.14995374800851, -20.784627035681886], [-70.14318868113087, -20.784312961966023], [-70.13241258261074, -20.774967323424576], [-70.13667222390646, -20.77135063681792], [-70.14017842481717, -20.77069124182082], [-70.1448132070671, -20.76380021132612], [-70.15427262690899, -20.757153681642418], [-70.14947423269975, -20.7455181719397], [-70.15487667207233, -20.732286345991504], [-70.15199138488939, -20.726516579080904], [-70.15804777982251, -20.726475922088337], [-70.16605010981569, -20.719522089130606], [-70.16762136475725, -20.715028505829075], [-70.18043268548676, -20.714941127529013], [-70.1803810898501, -20.696782115055047]]]}, "properties": {"NOM": "L\u00edmite urbano de Iquique", "COM": "Iquique", "REG": "Tarapac\u00e1"}}, {"type": "Feature", "geometry": {"type": "Polygon", "coordinates": [[[-70.16314988364954, -20.490227686465992], [-70.1675863619022, -20.496884580704915], [-70.16646397354856, -20.500936487494325], [-70.17084628069462, -20.50453172708224], [-70.17511226140128, -20.505001662032292], [-70.18098266644304, -20.51411410071452], [-70.18291475846456, -20.513952858537074], [-70.18472777250695, -20.516037412571425], [-70.18492090041157, -20.520858448077107], [-70.18746276615299, -20.523499748156446], [-70.18733692565642, -20.52627807120244], [-70.18907528520712, -20.52593996104697], [-70.18991435659825, -20.52761321110126], [-70.19127710986743, -20.52654663444257], [-70.19259093908957, -20.5281781894701], [-70.19485876746538, -20.526303273502265], [-70.19749719940489, -20.528865102600633], [-70.19623484185189, -20.529668079352174], [-70.19760982658195, -20.533134921541784], [-70.19877424171786, -20.53299661577555], [-70.19727189115186, -20.533784704427465], [-70.20000691084904, -20.53763595701344], [-70.1981614981676, -20.54004909227412], [-70.19975286908331, -20.541665964867203], [-70.1954867922569, -20.54509364823981], [-70.19364609123915, -20.55194865909238], [-70.19614342569531, -20.554010391167488], [-70.1943874097577, -20.55522282984943], [-70.19698281868331, -20.567022760898087], [-70.19367802275424, -20.56571171853994], [-70.1939310260675, -20.568475788280434], [-70.19266430090556, -20.56884898878255], [-70.19367225826507, -20.571335061912045], [-70.19097855657937, -20.57609990865255], [-70.17918018335074, -20.576200369590673], [-70.17664838772366, -20.553898744575623], [-70.17423228252875, -20.548270541704362], [-70.17298767748238, -20.5242949063178], [-70.16177896289784, -20.498428334144013], [-70.15995613476096, -20.490249044083292], [-70.16314988364954, -20.490227686465992]]]}, "properties": {"NOM": "L\u00edmite urbano de Iquique", "COM": "Iquique", "REG": "Tarapac\u00e1"}}, {"type": "Feature", "geometry": {"type": "Polygon", "coordinates": [[[-70.13164497040384, -20.14110319229536], [-70.13804714036456, -20.14106194927053], [-70.14307315598872, -20.150484533602345], [-70.14767187087998, -20.15173099875455], [-70.14869460462758, -20.15500953764084], [-70.15204290955913, -20.156276093686074], [-70.15099223730788, -20.15663313936707], [-70.15305873166892, -20.158714812123147], [-70.15142144067252, -20.159698108232462], [-70.1525650427416, -20.160662209416092], [-70.15098177373146, -20.162834095615427], [-70.15207751176557, -20.164556499350958], [-70.1460420511718, -20.17000686294741], [-70.14301525417876, -20.174266919401457], [-70.14330383526882, -20.17622121464384], [-70.13982766503807, -20.17795776501742], [-70.13750901806833, -20.189702769605642], [-70.14034000568563, -20.200429482022447], [-70.14394861364042, -20.204888344723138], [-70.14762594451108, -20.20498881942618], [-70.15120010566798, -20.207626930341572], [-70.15374986760077, -20.21133478397941], [-70.15536208841422, -20.20721290515614], [-70.15723409212637, -20.207091830063845], [-70.15708591861352, -20.205885038735268], [-70.15515399367864, -20.206464524356807], [-70.15713930369422, -20.205745232137016], [-70.15532836835341, -20.203090035360013], [-70.15824561849249, -20.205695116434256], [-70.15950597909062, -20.205056120630864], [-70.15745019803764, -20.20023854307919], [-70.16113779395705, -20.20647498211412], [-70.16338774226541, -20.20752618757417], [-70.16158383444508, -20.210454626650836], [-70.15760553202163, -20.20966588125], [-70.15452934385763, -20.211672017832452], [-70.15918857465634, -20.21551990180415], [-70.15565623726243, -20.21762745872619], [-70.15652758602003, -20.21856334417905], [-70.15006225641, -20.225614318588033], [-70.14772181002326, -20.23169400731723], [-70.14927319423073, -20.234947073670902], [-70.15367076734672, -20.234490882170853], [-70.15306508185967, -20.23646782370705], [-70.14135493936163, -20.24638725134373], [-70.13449864407532, -20.257041110332313], [-70.13364046102652, -20.262140893987258], [-70.13105134030789, -20.26459221035302], [-70.13253284187446, -20.270984889055445], [-70.13129232326432, -20.273189326637674], [-70.13335537887447, -20.274433492285524], [-70.13012644477283, -20.278885833494737], [-70.1291915941078, -20.287223141506665], [-70.1332126464573, -20.289011381515184], [-70.13379267516152, -20.29102759089635], [-70.12940432594684, -20.295516283984796], [-70.13149661363465, -20.297501412760745], [-70.13411954963554, -20.297323525179024], [-70.13696357450254, -20.300790153658184], [-70.13565897726657, -20.30170050011337], [-70.13837005236985, -20.30896058849655], [-70.13915688133731, -20.322279201430355], [-70.14252877153663, -20.32574506722287], [-70.14529441570018, -20.332685257107315], [-70.1521763785491, -20.333402849151142], [-70.15133120849549, -20.335117819853004], [-70.15459690076025, -20.33808676361554], [-70.15450379397433, -20.340965260128883], [-70.15828305039206, -20.342626633864494], [-70.15954225216346, -20.344898349243387], [-70.17078266470115, -20.3510724193444], [-70.17675292287664, -20.350631639037005], [-70.18182704777583, -20.358146978304323], [-70.18159609900113, -20.361737371104173], [-70.18363978064554, -20.36293347360024], [-70.18036064958413, -20.37388576282997], [-70.18267096378129, -20.377121396454594], [-70.18204256708722, -20.378811192463566], [-70.17843990957287, -20.379040835418564], [-70.17722425812643, -20.384208208322086], [-70.1727770423112, -20.38820238708991], [-70.17268299139589, -20.39031112004986], [-70.17101508222134, -20.391953029064815], [-70.16817286296805, -20.391717490992225], [-70.1693949975559, -20.393715125010086], [-70.16832125297488, -20.395958721018552], [-70.1623852430696, -20.401888946273516], [-70.16470254346471, -20.405137497833724], [-70.15883973817027, -20.408440244870107], [-70.16747580264692, -20.422657000978262], [-70.16560199960925, -20.42256556163758], [-70.16678348004059, -20.42404695022181], [-70.1643291488354, -20.423582859862417], [-70.16563148770678, -20.427587372165853], [-70.16444931647098, -20.429353096861885], [-70.16246584351015, -20.429065222229482], [-70.16366605561181, -20.431631864309537], [-70.16129154151623, -20.434489981093265], [-70.16281992975075, -20.43595498580087], [-70.1588110935908, -20.4403497890706], [-70.15969770113182, -20.443400907487728], [-70.16261128794117, -20.445429206602157], [-70.16041413811362, -20.453905538604374], [-70.12253104262021, -20.435679015346178], [-70.13035440215764, -20.426927633383393], [-70.12219146417145, -20.42176161170437], [-70.12156849689495, -20.418924577990595], [-70.1238360288267, -20.412231374063772], [-70.12274737850018, -20.407814883451667], [-70.13228773475255, -20.39832396876426], [-70.13535914926912, -20.380443391801272], [-70.1380671844735, -20.377237779642353], [-70.14609889476634, -20.374375775831254], [-70.15106456785792, -20.368705074239934], [-70.15517661415582, -20.367417002895532], [-70.15398947074492, -20.35851663349837], [-70.14352074876555, -20.35362530228039], [-70.13249639003686, -20.346017305645105], [-70.12580569827486, -20.33853833095641], [-70.11852060656072, -20.336866586441097], [-70.11471759599193, -20.338581907023404], [-70.12417273176824, -20.315511158112553], [-70.1099100003392, -20.27452999861428], [-70.1114524049871, -20.273688914523387], [-70.10998907903368, -20.26320561612619], [-70.11202287112513, -20.257595469158552], [-70.1106129122861, -20.255732707410047], [-70.11130992769147, -20.25027787879347], [-70.11518699806723, -20.248657708336722], [-70.11960483088784, -20.242308546066486], [-70.11816760279005, -20.23624542265335], [-70.11938601026779, -20.228794347031837], [-70.12428485678706, -20.21817386991971], [-70.11845745230131, -20.211841301296722], [-70.11902578314391, -20.202780801602895], [-70.12289216177115, -20.196317726544468], [-70.12582036327187, -20.195110873634295], [-70.12877817773594, -20.189766102957705], [-70.1332770403918, -20.186222073402558], [-70.13288819114635, -20.17143403899285], [-70.13400936497771, -20.17149457944434], [-70.13268950267012, -20.170296887347995], [-70.13474745405283, -20.170640515650053], [-70.13344798080722, -20.167504656504992], [-70.12913561738749, -20.164184848046354], [-70.1307751954946, -20.153865187532254], [-70.13503653819944, -20.149997820739827], [-70.13164497040384, -20.14110319229536]]]}, "properties": {"NOM": "L\u00edmite urbano de Iquique", "COM": "Iquique", "REG": "Tarapac\u00e1"}}, {"type": "Feature", "geometry": {"type": "Polygon", "coordinates": [[[-72.96093048954879, -39.66008408342727], [-72.9589918685718, -39.666682467917155], [-72.95554760739824, -39.66680670007064], [-72.95888706033098, -39.67188198347932], [-72.95373836717836, -39.671810799881904], [-72.9537248511266, -39.67027836724405], [-72.95024104162265, -39.66917923084752], [-72.9515330831059, -39.67188864555058], [-72.94784604144702, -39.671912701603524], [-72.94600838931133, -39.67091224594778], [-72.94736801734163, -39.667578438837836], [-72.94494631294755, -39.667831089409894], [-72.94359412566276, -39.6653215871611], [-72.93999783720378, -39.66710456742197], [-72.93476758600652, -39.66513571924629], [-72.942436124498, -39.6527338270795], [-72.94528041526634, -39.653226833511184], [-72.94974074828134, -39.64723039600592], [-72.95245380237321, -39.65252017608051], [-72.96093048954879, -39.66008408342727]]]}, "properties": {"NOM": "L\u00edmite urbano de M\u00e1fil", "COM": "M\u00e1fil", "REG": "Los R\u00edos"}}, {"type": "Feature", "geometry": {"type": "MultiPolygon", "coordinates": [[[[-70.99612842801066, -30.701929766786105], [-71.00193819138086, -30.69795497405805], [-71.00570087747487, -30.700030700341312], [-71.006736773338, -30.703199435240208], [-71.0031705056775, -30.70470760540928], [-71.00019449404074, -30.702378146452546], [-70.99578622737957, -30.70431534718473], [-70.99115504917059, -30.701111759973173], [-70.98402523304993, -30.701585631288943], [-70.9864481016606, -30.69894026292221], [-70.99612842801066, -30.701929766786105]]], [[[-70.98582315449724, -30.6974859953051], [-70.99112883453394, -30.697505930397387], [-70.99331485064188, -30.700845621265284], [-70.98651943867395, -30.698603831018197], [-70.98390066277116, -30.701177726042413], [-70.98247928903982, -30.700259987774643], [-70.98450756188217, -30.698846550497848], [-70.98386049639986, -30.69767639658781], [-70.98582315449724, -30.6974859953051]]]]}, "properties": {"NOM": "L\u00edmite urbano de Monte Patria - Localidad de Las Paceras", "COM": "Monte Patria", "REG": "Coquimbo"}}, {"type": "Feature", "geometry": {"type": "Polygon", "coordinates": [[[-72.94154583206769, -38.78109129394487], [-72.95180284179584, -38.780073065110166], [-72.95989054228373, -38.77565082122368], [-72.96123807629534, -38.778561668132724], [-72.94368578795772, -38.78496210267012], [-72.94081044422664, -38.78405166512367], [-72.94232725317714, -38.782939918447624], [-72.94154583206769, -38.78109129394487]]]}, "properties": {"NOM": "L\u00edmite Urbano de Almagro", "COM": "Nueva Imperial", "REG": "La Araucan\u00eda"}}, {"type": "Feature", "geometry": {"type": "Polygon", "coordinates": [[[-72.93303612641552, -38.74991961337978], [-72.93077058694705, -38.737677280986006], [-72.94042747175976, -38.737547370519664], [-72.94048943215816, -38.73098932960574], [-72.95271439734891, -38.73146682267518], [-72.95364814937439, -38.734001171980324], [-72.95897325098754, -38.73715687953653], [-72.96489681024298, -38.737161789398506], [-72.96679589816095, -38.738909831565884], [-72.96535818407459, -38.740245188228464], [-72.96530758377126, -38.74811479293325], [-72.95905778604903, -38.74874127219112], [-72.95704966511346, -38.7514159251598], [-72.94849936100033, -38.75024430831364], [-72.94233475410977, -38.75566169928734], [-72.93808798297712, -38.756929705592924], [-72.93321172459568, -38.75227150512763], [-72.93303612641552, -38.74991961337978]]]}, "properties": {"NOM": "L\u00edmite Urbano de Nueva Imperial", "COM": "Nueva Imperial", "REG": "La Araucan\u00eda"}}, {"type": "Feature", "geometry": {"type": "MultiPolygon", "coordinates": [[[[-71.70007294968947, -33.42072077397798], [-71.70088037882303, -33.41769532621904], [-71.70405531698957, -33.41684338892318], [-71.69968912292475, -33.41115615324566], [-71.69886172064916, -33.40212131633514], [-71.70468851607717, -33.393532566392366], [-71.70197704032526, -33.391294448046146], [-71.69794212158102, -33.39443021335916], [-71.69466342350759, -33.39242489225706], [-71.69266204802148, -33.38805553771946], [-71.69284433595557, -33.3875214440907], [-71.69348981860632, -33.38725765433501], [-71.69289148223662, -33.38677330651005], [-71.69436538585252, -33.38331739418835], [-71.69503602222956, -33.38327870399351], [-71.69451134052663, -33.38270542925442], [-71.69485113367273, -33.382051590301636], [-71.69443105000482, -33.38175311293559], [-71.69492830614216, -33.38187577449763], [-71.69441516240072, -33.38159763965964], [-71.69609236824014, -33.38015137291927], [-71.69508426086199, -33.37926827816298], [-71.69598020369544, -33.3768839908755], [-71.69417332873971, -33.37562377435469], [-71.69620929834741, -33.37522257591268], [-71.69565903082855, -33.37396638254619], [-71.69669907241672, -33.37405923242471], [-71.69655606960664, -33.37362675759631], [-71.69664084002676, -33.3733520187264], [-71.6913464068974, -33.371876440365426], [-71.68752782313481, -33.373751503376425], [-71.6779939410407, -33.387564052231546], [-71.66862654461653, -33.386455338944266], [-71.66592321838087, -33.38790101328941], [-71.66450250041969, -33.39278144296897], [-71.66046154679339, -33.396705385725085], [-71.6662700237761, -33.40674285384143], [-71.66828045697521, -33.41399751039364], [-71.65476528735596, -33.41731567271408], [-71.66158535538348, -33.42805699167067], [-71.66684080971436, -33.428389394885635], [-71.66929214324144, -33.43455637590809], [-71.66877696122263, -33.43587781011686], [-71.66294230823087, -33.43664669469098], [-71.66220882032665, -33.43869400301698], [-71.65954684983173, -33.43769836523644], [-71.65790757355856, -33.44120402506497], [-71.67204774963, -33.44390501950973], [-71.67646647447768, -33.443249080549535], [-71.68169867052752, -33.445951823757966], [-71.68446118675725, -33.443326302567186], [-71.68717146864813, -33.44311794463323], [-71.68832877092362, -33.44169347476413], [-71.68806892424453, -33.43996263156619], [-71.68897164756174, -33.438964351689435], [-71.6963806897171, -33.43715082922855], [-71.69602431097589, -33.436194093020305], [-71.69854014713366, -33.43413982432429], [-71.69796042385663, -33.434032715577395], [-71.69765696037723, -33.433519930507714], [-71.69772152229669, -33.43279740428351], [-71.69826923051532, -33.432853856921696], [-71.69816603475041, -33.43253817208006], [-71.69842661714974, -33.43174445310885], [-71.69987647735705, -33.43229043241318], [-71.70103179615238, -33.430809644223054], [-71.70198503802624, -33.43068353643046], [-71.70324884007022, -33.430998925143854], [-71.70315122643649, -33.43051466297052], [-71.70229278018132, -33.43021855692157], [-71.70218775724312, -33.42975936035404], [-71.7027318120135, -33.42947366659076], [-71.7036260121153, -33.42791523556507], [-71.70991669306443, -33.42521139370705], [-71.70787149147056, -33.42357090519408], [-71.70268053078718, -33.425856833305104], [-71.70159692180604, -33.42502881409192], [-71.70063653473242, -33.42382209760998], [-71.70007294968947, -33.42072077397798]], [[-71.69186944648, -33.43800913473407], [-71.69186925693546, -33.43800923893242], [-71.69186888772789, -33.43800877941021], [-71.69186944648, -33.43800913473407]], [[-71.70007294968947, -33.42072077397798], [-71.70007309252159, -33.42072176443434], [-71.70007259665157, -33.42072205459833], [-71.70007294968947, -33.42072077397798]]], [[[-71.68230374605851, -33.44558690507017], [-71.68231235102061, -33.445672237518444], [-71.68242979945582, -33.44566074972788], [-71.68240993680655, -33.4455978456897], [-71.68230374605851, -33.44558690507017]]], [[[-71.68258773945243, -33.44533984503564], [-71.68246823836682, -33.445367838287254], [-71.68249189819477, -33.445484689364704], [-71.68267789437435, -33.44539836430847], [-71.68258773945243, -33.44533984503564]]], [[[-71.68360989827825, -33.44425711855675], [-71.68350642403561, -33.44425113020666], [-71.68384396151204, -33.44433184209733], [-71.68373422241864, -33.444191808864254], [-71.68360989827825, -33.44425711855675]]], [[[-71.68583222069671, -33.44347457434515], [-71.68568507665316, -33.44366716701757], [-71.68607830159237, -33.443500728727116], [-71.68601215145148, -33.443477830525666], [-71.68583222069671, -33.44347457434515]]], [[[-71.68770757871813, -33.44320623511796], [-71.68756468550251, -33.443305944655215], [-71.68795441150368, -33.44318299053113], [-71.68785246978692, -33.443060681625255], [-71.68770757871813, -33.44320623511796]]], [[[-71.68763936245207, -33.44307122003643], [-71.68760672755613, -33.44317545571567], [-71.68777618395468, -33.44311596048373], [-71.6877219409829, -33.443017903563295], [-71.68763936245207, -33.44307122003643]]], [[[-71.68795406026241, -33.44332373824561], [-71.68779801032116, -33.44330136095739], [-71.68775272534936, -33.44335530015914], [-71.68807101821746, -33.44340707678403], [-71.68795406026241, -33.44332373824561]]], [[[-71.68796843330696, -33.442873783713296], [-71.68785697483807, -33.443005491932226], [-71.68813702013632, -33.44304426346917], [-71.68797696460722, -33.44298428316554], [-71.68796843330696, -33.442873783713296]]], [[[-71.68853013727771, -33.440705985878715], [-71.6885966108121, -33.44079698039206], [-71.6887493127323, -33.44081245297298], [-71.68872708481891, -33.440714535124286], [-71.68853013727771, -33.440705985878715]]], [[[-71.68860594071462, -33.4397614326063], [-71.68859405330849, -33.43980033527612], [-71.6887415369152, -33.43982194361509], [-71.68873917254938, -33.43976379013992], [-71.68860594071462, -33.4397614326063]]], [[[-71.68869074437241, -33.44058579486601], [-71.68861575750405, -33.44060841347818], [-71.68875444840077, -33.440676967161906], [-71.6887556422618, -33.440568165627475], [-71.68869074437241, -33.44058579486601]]], [[[-71.68866465280497, -33.43957198339388], [-71.68871903950722, -33.439564125180716], [-71.68872655840615, -33.439494306765916], [-71.68864037852937, -33.43948615769486], [-71.68866465280497, -33.43957198339388]]], [[[-71.68900912437708, -33.43962339496565], [-71.6888646806693, -33.43962652910354], [-71.68882736555071, -33.43972657258497], [-71.68902434273632, -33.43971084868985], [-71.68900912437708, -33.43962339496565]]], [[[-71.6890367897929, -33.439555779717104], [-71.68908904748791, -33.43953425002142], [-71.68910488119312, -33.43949424005014], [-71.68902238710393, -33.43951780571107], [-71.6890367897929, -33.439555779717104]]], [[[-71.69311494804501, -33.43763620805486], [-71.69316873107937, -33.437627286688695], [-71.693201581571, -33.43756246526328], [-71.69310616701311, -33.43759375940522], [-71.69311494804501, -33.43763620805486]]], [[[-71.69332032717347, -33.3864727308962], [-71.69319055115764, -33.38651061484137], [-71.69318532835257, -33.3865901637968], [-71.69325042656627, -33.38659876937599], [-71.69332032717347, -33.3864727308962]]], [[[-71.69323796513665, -33.38700108319103], [-71.69325776041225, -33.38698604206078], [-71.69325979958793, -33.38694842684754], [-71.69323615952293, -33.38696563868425], [-71.69323796513665, -33.38700108319103]]], [[[-71.69328237964092, -33.38695449640746], [-71.69330576458438, -33.38694057137224], [-71.69328542133647, -33.38689181310446], [-71.6932703718605, -33.38691092487856], [-71.69328237964092, -33.38695449640746]]], [[[-71.69331746064941, -33.38743594422172], [-71.69337541096839, -33.38741560245616], [-71.69335093008026, -33.387322624325456], [-71.69330773548812, -33.38741564070948], [-71.69331746064941, -33.38743594422172]]], [[[-71.6933280284304, -33.38689029196309], [-71.6933620179858, -33.386885975311735], [-71.69334514133656, -33.38685741790107], [-71.69330925094602, -33.386869230002745], [-71.6933280284304, -33.38689029196309]]], [[[-71.69346673280184, -33.38729720908565], [-71.69347937030125, -33.38735657080554], [-71.693562532737, -33.38734236080966], [-71.69352955827787, -33.38730586334919], [-71.69346673280184, -33.38729720908565]]], [[[-71.69360808720337, -33.38719681266527], [-71.69360805486403, -33.38723259460786], [-71.6937007169839, -33.38721293010513], [-71.69364640484181, -33.3871668782331], [-71.69360808720337, -33.38719681266527]]], [[[-71.69361083694646, -33.38680331908507], [-71.69366626749107, -33.38678887497676], [-71.6936725404267, -33.386715743812836], [-71.69363037440557, -33.38671773375176], [-71.69361083694646, -33.38680331908507]]], [[[-71.69366135909637, -33.385834152125625], [-71.6936923536686, -33.385829542891045], [-71.69364948606324, -33.3857120362053], [-71.69361567527258, -33.38576358092984], [-71.69366135909637, -33.385834152125625]]], [[[-71.69374306356639, -33.3860261473426], [-71.69385395789328, -33.38603984075049], [-71.69388723598297, -33.38599868476254], [-71.69368851786234, -33.385958631369476], [-71.69374306356639, -33.3860261473426]]], [[[-71.69385966848354, -33.43747841120812], [-71.69373213556095, -33.43757743616747], [-71.6941317627932, -33.43754119669472], [-71.69392827641504, -33.437433624374876], [-71.69385966848354, -33.43747841120812]]], [[[-71.6938005979654, -33.38606604693886], [-71.69377674410134, -33.38612238369142], [-71.69386044642458, -33.38613953043503], [-71.69385683699375, -33.386091662058945], [-71.6938005979654, -33.38606604693886]]], [[[-71.69418575064347, -33.38475015168858], [-71.69420740633002, -33.384802280551654], [-71.69424088564233, -33.38480906734521], [-71.69422408445158, -33.384693141967354], [-71.69418575064347, -33.38475015168858]]], [[[-71.69425532965379, -33.39038213017264], [-71.69438607585013, -33.390403144029406], [-71.69437958372558, -33.39026194674513], [-71.69425385372179, -33.390265275425364], [-71.69425532965379, -33.39038213017264]]], [[[-71.6942561354426, -33.384923118101895], [-71.69428793670198, -33.38491706040154], [-71.69429042054374, -33.38484782811735], [-71.69425927415621, -33.38485208336273], [-71.6942561354426, -33.384923118101895]]], [[[-71.69436002291026, -33.37568791435223], [-71.69435077655106, -33.375719961453214], [-71.69440509857458, -33.37575277371151], [-71.69439535724366, -33.375699670958646], [-71.69436002291026, -33.37568791435223]]], [[[-71.69446428048383, -33.39026201574886], [-71.69454897005555, -33.390172867373856], [-71.69451495714395, -33.3901074104862], [-71.69443870095611, -33.39011049915896], [-71.69446428048383, -33.39026201574886]]], [[[-71.6946280478517, -33.39052670093426], [-71.6946882268909, -33.39049557583735], [-71.6946683974793, -33.39040595517709], [-71.69464961999493, -33.39041948288643], [-71.6946280478517, -33.39052670093426]]], [[[-71.6948097788303, -33.382780585325094], [-71.69488278491345, -33.38278293465448], [-71.69488422491284, -33.382774315195675], [-71.69483354555777, -33.3827353412193], [-71.6948097788303, -33.382780585325094]]], [[[-71.6948827525741, -33.382643744279925], [-71.6949958396886, -33.38272859401946], [-71.69505544021273, -33.382711197568035], [-71.69505973146485, -33.38262916371129], [-71.6948827525741, -33.382643744279925]]], [[[-71.69503830125542, -33.38244985432187], [-71.69496589973848, -33.382517742822735], [-71.69507913687163, -33.38246471171036], [-71.69498682599301, -33.382329791197414], [-71.69503830125542, -33.38244985432187]]], [[[-71.69499880053576, -33.38297763098113], [-71.69494150419031, -33.38298221561349], [-71.69502948788418, -33.38306904229345], [-71.69503202742148, -33.38298549656584], [-71.69499880053576, -33.38297763098113]]], [[[-71.69499959284984, -33.3828559551106], [-71.69516199208353, -33.382884869385045], [-71.69518780786817, -33.38281846937884], [-71.6950286129251, -33.382782807886734], [-71.69499959284984, -33.3828559551106]]], [[[-71.69504712630477, -33.38299566496708], [-71.69510548625553, -33.382988671753544], [-71.69512158137047, -33.38292057509146], [-71.69504109411766, -33.382947609584456], [-71.69504712630477, -33.38299566496708]]], [[[-71.69511515122966, -33.383099146159466], [-71.69519859843136, -33.38307586372703], [-71.69520787084173, -33.38304465120087], [-71.69507792414598, -33.383016940895125], [-71.69511515122966, -33.383099146159466]]], [[[-71.69511797014304, -33.38311673755988], [-71.69507284417305, -33.38312869118894], [-71.69512539561717, -33.38319147846886], [-71.69514857574477, -33.383131816114556], [-71.69511797014304, -33.38311673755988]]], [[[-71.6951718169578, -33.38242739233398], [-71.6952243154013, -33.3824148010164], [-71.69511426818576, -33.38236852982141], [-71.69511869418515, -33.382401353073135], [-71.6951718169578, -33.38242739233398]]], [[[-71.69531587618665, -33.38991907774499], [-71.69542807037574, -33.39002994761766], [-71.69552540643004, -33.38995895155318], [-71.69548169351, -33.389924716572544], [-71.69531587618665, -33.38991907774499]]], [[[-71.69548730798053, -33.37625479746908], [-71.69545459493115, -33.376219725912975], [-71.69539907724996, -33.376240314100386], [-71.69542787633964, -33.3762522124126], [-71.69548730798053, -33.37625479746908]]], [[[-71.6954380237091, -33.37614345318131], [-71.69548913335717, -33.37611818995749], [-71.6954729897332, -33.376067253898746], [-71.6954323768992, -33.37611018047052], [-71.6954380237091, -33.37614345318131]]], [[[-71.69562638155953, -33.4373573903773], [-71.6955500723711, -33.43736606589132], [-71.69553495552151, -33.43739312017596], [-71.6956398203562, -33.437417897815294], [-71.69562638155953, -33.4373573903773]]], [[[-71.69565092173649, -33.376387816749364], [-71.6955799880667, -33.37642478239169], [-71.69568802036109, -33.37648433757402], [-71.69573142246402, -33.376398233474966], [-71.69565092173649, -33.376387816749364]]], [[[-71.69569489606627, -33.37527657240922], [-71.69571075133103, -33.375237583819874], [-71.69567191536467, -33.375209086347986], [-71.69566520405118, -33.375240362450405], [-71.69569489606627, -33.37527657240922]]], [[[-71.69574781132808, -33.37657451945066], [-71.69577338366926, -33.37657396433321], [-71.6958095372662, -33.376455694979654], [-71.69575138841954, -33.37648319883189], [-71.69574781132808, -33.37657451945066]]], [[[-71.69588467505152, -33.37648352290079], [-71.69581985082397, -33.376478967182074], [-71.69579236507123, -33.37664773941111], [-71.6959489315438, -33.37665387795447], [-71.69588467505152, -33.37648352290079]]], [[[-71.69611123286111, -33.37774799230887], [-71.69612624550614, -33.3775896290459], [-71.69598226443071, -33.37764583551353], [-71.69605350532431, -33.37772002451447], [-71.69611123286111, -33.37774799230887]]], [[[-71.69613025917883, -33.37974670575256], [-71.69624897244194, -33.379954044810944], [-71.69638579394453, -33.37971192815597], [-71.69623073753999, -33.3796628192734], [-71.69613025917883, -33.37974670575256]]], [[[-71.6960911671926, -33.374582834267216], [-71.69616205055674, -33.37453048322692], [-71.69600978970934, -33.37448870739673], [-71.69600686659139, -33.374504515868956], [-71.6960911671926, -33.374582834267216]]], [[[-71.6960674867034, -33.374064512944436], [-71.69603686403369, -33.3741224290996], [-71.69610023388876, -33.37415826518418], [-71.69616289407479, -33.37408820213666], [-71.6960674867034, -33.374064512944436]]], [[[-71.69605156137006, -33.37429457795334], [-71.69621972868619, -33.374464822517425], [-71.6963123288223, -33.37431467297921], [-71.6960508238532, -33.374243068440215], [-71.69605156137006, -33.37429457795334]]], [[[-71.69605029923707, -33.3797400948447], [-71.69609217510235, -33.37973345918205], [-71.6961161870699, -33.37968236546263], [-71.69604192783694, -33.3796715748145], [-71.69605029923707, -33.3797400948447]]], [[[-71.69619620001225, -33.37268231865263], [-71.69606701508788, -33.372807739458906], [-71.69633976337107, -33.37287528289742], [-71.69634890822067, -33.37276630713922], [-71.69619620001225, -33.37268231865263]]], [[[-71.6962498222482, -33.374665977721804], [-71.69626468846783, -33.374677820736444], [-71.69641804975144, -33.37467233995721], [-71.69636926135006, -33.37458394602786], [-71.6962498222482, -33.374665977721804]]], [[[-71.69626289273558, -33.37422832067351], [-71.69637167691985, -33.37421790593853], [-71.69626983042451, -33.37410770456802], [-71.69625263846662, -33.37417248558663], [-71.69626289273558, -33.37422832067351]]], [[[-71.69627157225786, -33.380408816419376], [-71.69640410969487, -33.38052974033877], [-71.69646931750303, -33.38034869757929], [-71.69630494826393, -33.380274267779804], [-71.69627157225786, -33.380408816419376]]], [[[-71.6963137984661, -33.436180076924096], [-71.69633552871282, -33.4361694896986], [-71.69634617644388, -33.43609984172021], [-71.69630877149378, -33.43611297849607], [-71.6963137984661, -33.436180076924096]]], [[[-71.69651526722814, -33.37740369592885], [-71.6967148405449, -33.377541053071916], [-71.69669634063995, -33.37710777938871], [-71.69659150095808, -33.37719307261965], [-71.69651526722814, -33.37740369592885]]], [[[-71.6964392931113, -33.436025246025636], [-71.69639019029955, -33.4360749767457], [-71.69641295630379, -33.43617880777647], [-71.69653550357653, -33.436054210824516], [-71.6964392931113, -33.436025246025636]]], [[[-71.69647262959148, -33.37489299993761], [-71.69650388377684, -33.37482791413489], [-71.69644403172443, -33.37479558013876], [-71.69642526681646, -33.37482318203859], [-71.69647262959148, -33.37489299993761]]], [[[-71.69645107900782, -33.374555365822445], [-71.69651741959154, -33.37460449559337], [-71.69654572281121, -33.37458193405612], [-71.69651298460899, -33.37449772301988], [-71.69645107900782, -33.374555365822445]]], [[[-71.69650167212463, -33.37760723131285], [-71.69651676921129, -33.37754368835016], [-71.69647138183156, -33.377547060275916], [-71.69649449548382, -33.3776050018676], [-71.69650167212463, -33.37760723131285]]], [[[-71.69651470218783, -33.374719055599826], [-71.69656115227453, -33.37471327550346], [-71.69656323636599, -33.374670291228945], [-71.69648698736468, -33.37466860933623], [-71.69651470218783, -33.374719055599826]]], [[[-71.69669609989145, -33.38042087693853], [-71.69657105709885, -33.38043218358], [-71.6965344309881, -33.38051670917336], [-71.69674487212318, -33.38064667268252], [-71.69669609989145, -33.38042087693853]]], [[[-71.69655746109704, -33.377664461722915], [-71.69664837599368, -33.377639227446565], [-71.6966445338992, -33.37758384989046], [-71.69654810514334, -33.37756865109986], [-71.69655746109704, -33.377664461722915]]], [[[-71.69664957254962, -33.37304927743419], [-71.696736138702, -33.37301686250656], [-71.69655960807057, -33.372934823255825], [-71.69655573992495, -33.372956853335616], [-71.69664957254962, -33.37304927743419]]], [[[-71.69662175082696, -33.374315635457826], [-71.6966755374546, -33.37428965753324], [-71.69660619380286, -33.37423534459871], [-71.69658166799898, -33.37426975154659], [-71.69662175082696, -33.374315635457826]]], [[[-71.69664748306829, -33.374506334296925], [-71.69673646568874, -33.37446003113736], [-71.69668232871815, -33.374391791264344], [-71.696623457626, -33.374418833660044], [-71.69664748306829, -33.374506334296925]]], [[[-71.6968888531986, -33.38099992916576], [-71.69695615857296, -33.38088682591731], [-71.69686879651324, -33.38062680340673], [-71.69664753247562, -33.38075398829707], [-71.6968888531986, -33.38099992916576]]], [[[-71.69667035507373, -33.37378672521417], [-71.6967507632748, -33.373812649275855], [-71.6968212513802, -33.37375672840127], [-71.69667940560021, -33.37365628408874], [-71.69667035507373, -33.37378672521417]]], [[[-71.6967098198608, -33.4372708293449], [-71.69667720472776, -33.437303184324826], [-71.69682442692474, -33.4372827875178], [-71.69672770711473, -33.43721437508226], [-71.6967098198608, -33.4372708293449]]], [[[-71.69672536341015, -33.37417228303816], [-71.69678809186813, -33.374178075923545], [-71.6967948786401, -33.374098612386064], [-71.69672308168933, -33.374098383581135], [-71.69672536341015, -33.37417228303816]]], [[[-71.6967684124752, -33.373555590598876], [-71.69677140117015, -33.37365237488045], [-71.69693182590684, -33.37361787616586], [-71.69684804273524, -33.37351950895545], [-71.6967684124752, -33.373555590598876]]], [[[-71.69675154391079, -33.372889278452455], [-71.6967825833988, -33.37284715599603], [-71.6967209993945, -33.37279780392606], [-71.69675123219538, -33.37285618754335], [-71.69675154391079, -33.372889278452455]]], [[[-71.69678551280494, -33.37770661710336], [-71.69681872531763, -33.37767726902115], [-71.6967647985528, -33.37763431021629], [-71.69674440859248, -33.377664571994856], [-71.69678551280494, -33.37770661710336]]], [[[-71.69679065296499, -33.373889070336965], [-71.6968174191672, -33.373890396658496], [-71.69684634402104, -33.37385112312873], [-71.696780965533, -33.37385159124244], [-71.69679065296499, -33.373889070336965]]], [[[-71.69686774638268, -33.43615034303203], [-71.69690291362943, -33.436128535872484], [-71.6969091937516, -33.43607172403558], [-71.69686642855416, -33.43608612171858], [-71.69686774638268, -33.43615034303203]]], [[[-71.69690590771427, -33.37297965610529], [-71.6969511190242, -33.37283256403238], [-71.69688853519497, -33.372762361131514], [-71.69685560116005, -33.372915745169166], [-71.69690590771427, -33.37297965610529]]], [[[-71.69699104734197, -33.374029342981615], [-71.6968864555951, -33.37404891219223], [-71.69687987902893, -33.374158189416065], [-71.69700117674509, -33.37415018499985], [-71.69699104734197, -33.374029342981615]]], [[[-71.6969912377848, -33.37297625024387], [-71.69709528245762, -33.37294822540099], [-71.69709986476389, -33.37279283240829], [-71.69701545995811, -33.37279395169375], [-71.6969912377848, -33.37297625024387]]], [[[-71.69700327970118, -33.373278702218045], [-71.6970276545881, -33.37323940890722], [-71.696988241005, -33.373183015045704], [-71.6969792066482, -33.373235690978], [-71.69700327970118, -33.373278702218045]]], [[[-71.69702422032877, -33.374007988336224], [-71.69717243516412, -33.373973993884405], [-71.69711340866343, -33.3738579122774], [-71.6970194682409, -33.37390933349721], [-71.69702422032877, -33.374007988336224]]], [[[-71.6971088811544, -33.373029511449076], [-71.69713893429224, -33.37303601483976], [-71.69720410616777, -33.37296446476216], [-71.69711530590531, -33.372961386733145], [-71.6971088811544, -33.373029511449076]]], [[[-71.69738985620897, -33.435895087224885], [-71.69726344797714, -33.435893844310705], [-71.69725769965763, -33.436054737825124], [-71.697355563023, -33.43605810073373], [-71.69738985620897, -33.435895087224885]]], [[[-71.69774448413368, -33.43344233167507], [-71.69780158734135, -33.433483433703756], [-71.69784089222829, -33.43346069628611], [-71.69782382603451, -33.43344246586562], [-71.69774448413368, -33.43344233167507]]], [[[-71.69776377365778, -33.43325315428992], [-71.697787619437, -33.43327106988907], [-71.69780444937383, -33.433251273369194], [-71.69778763291173, -33.4332368354834], [-71.69776377365778, -33.43325315428992]]], [[[-71.69788660839141, -33.433707727177044], [-71.69790845811406, -33.43369530521812], [-71.69790470135955, -33.43367265706623], [-71.69788761989443, -33.4336886609312], [-71.69788660839141, -33.433707727177044]]], [[[-71.69790724898169, -33.433073576780025], [-71.69799188734943, -33.43301641059747], [-71.69800963536451, -33.43290718263938], [-71.69794397750039, -33.432908317643474], [-71.69790724898169, -33.433073576780025]]], [[[-71.69797541494208, -33.43388619986934], [-71.69804473523762, -33.433837348750636], [-71.69803396443736, -33.433776987249594], [-71.69794644157923, -33.43382477762701], [-71.69797541494208, -33.43388619986934]]], [[[-71.6979588185672, -33.4333582466409], [-71.69798204271225, -33.433346012049114], [-71.69797568892824, -33.43332699295294], [-71.69794602386261, -33.43333601596653], [-71.6979588185672, -33.4333582466409]]], [[[-71.6979503663187, -33.43374661981671], [-71.69798689720804, -33.43375063577314], [-71.69798840817435, -33.43373915539995], [-71.69796016873507, -33.433723344208225], [-71.6979503663187, -33.43374661981671]]], [[[-71.69797874679347, -33.433144316458396], [-71.6980096344662, -33.43313147610267], [-71.69803614375023, -33.433086507854505], [-71.69798818898543, -33.433081116970826], [-71.69797874679347, -33.433144316458396]]], [[[-71.69813177390381, -33.433161963698055], [-71.69816591976607, -33.43316418796969], [-71.69815977888278, -33.433139748716464], [-71.69810956485503, -33.43313446278997], [-71.69813177390381, -33.433161963698055]]], [[[-71.69813953624617, -33.43298676033435], [-71.698155853245, -33.43299361308375], [-71.69818021286056, -33.43298487940785], [-71.69814633020466, -33.4329522124536], [-71.69813953624617, -33.43298676033435]]], [[[-71.69826647178908, -33.43317665498485], [-71.69826796928066, -33.43319940821998], [-71.6983067270936, -33.43317038174495], [-71.69829271607011, -33.43316212862551], [-71.69826647178908, -33.43317665498485]]], [[[-71.69830711157253, -33.43278008907513], [-71.69836518765565, -33.432736092972], [-71.69834930544144, -33.43269174899766], [-71.69827746087995, -33.43269919401299], [-71.69830711157253, -33.43278008907513]]], [[[-71.69831846717605, -33.43387057911915], [-71.69835462436625, -33.433868907368115], [-71.69838878460155, -33.43383689820229], [-71.69831849592214, -33.433802110767246], [-71.69831846717605, -33.43387057911915]]], [[[-71.69837109946855, -33.432237622844816], [-71.69839793663766, -33.43233493927255], [-71.69848372484897, -33.43224452363278], [-71.69841810651073, -33.43219294875722], [-71.69837109946855, -33.432237622844816]]], [[[-71.69842902732962, -33.43264622576235], [-71.69846232248733, -33.432625966550546], [-71.69845173045181, -33.43258061570605], [-71.69842267354564, -33.432600783468075], [-71.69842902732962, -33.43264622576235]]], [[[-71.69848965013658, -33.43243583229795], [-71.69851408521063, -33.43243155989131], [-71.69850427111615, -33.432403088669965], [-71.69846730454388, -33.432411376346764], [-71.69848965013658, -33.43243583229795]]], [[[-71.69853011564688, -33.43239628985068], [-71.698574056739, -33.432372884935596], [-71.6985709009574, -33.43229500694689], [-71.69848359549157, -33.43236051226431], [-71.69853011564688, -33.43239628985068]]], [[[-71.69865262878363, -33.432313805114354], [-71.6987000993565, -33.43223607101086], [-71.69867253545033, -33.432187408632], [-71.69859288183409, -33.432259607156496], [-71.69865262878363, -33.432313805114354]]], [[[-71.69865043060614, -33.43470617023371], [-71.69867536604178, -33.43469284133268], [-71.6986579450135, -33.434667194812114], [-71.69863775268254, -33.434684072593896], [-71.69865043060614, -33.43470617023371]]], [[[-71.69868187433603, -33.43217559519458], [-71.6987600187826, -33.432150821306145], [-71.69877885196253, -33.432061863601724], [-71.69868140182218, -33.43213632026423], [-71.69868187433603, -33.43217559519458]]], [[[-71.6987240619167, -33.434176134186465], [-71.69876955080606, -33.43414936826829], [-71.69874726450219, -33.43411610652069], [-71.69871378608818, -33.43413118447149], [-71.6987240619167, -33.434176134186465]]], [[[-71.69880045824173, -33.43431495714103], [-71.69883802848186, -33.43426593833966], [-71.69874381766644, -33.434274052666915], [-71.69874765437102, -33.434292764944395], [-71.69880045824173, -33.43431495714103]]], [[[-71.69882205284286, -33.43217176358629], [-71.69885623823099, -33.43215683298178], [-71.69883960233024, -33.4321004496104], [-71.69880756391565, -33.43212359595962], [-71.69882205284286, -33.43217176358629]]], [[[-71.6988599006624, -33.432299937577305], [-71.6989163058791, -33.43229434498145], [-71.69892683772748, -33.43224984184964], [-71.69885858732546, -33.43225756278442], [-71.6988599006624, -33.432299937577305]]], [[[-71.69921294845054, -33.43225638504016], [-71.69927945073101, -33.43233699188924], [-71.69934878360296, -33.4322539066044], [-71.69932431349461, -33.43222651036354], [-71.69921294845054, -33.43225638504016]]], [[[-71.69935463792366, -33.432294050358074], [-71.69939129278052, -33.43229996306632], [-71.69938122536112, -33.43225021593903], [-71.69936783597181, -33.432253501778234], [-71.69935463792366, -33.432294050358074]]], [[[-71.69948979215312, -33.40710955263247], [-71.69946330442865, -33.40702335963208], [-71.6993549280795, -33.406990832138284], [-71.69943597408444, -33.407047808487064], [-71.69948979215312, -33.40710955263247]]], [[[-71.69938826725465, -33.43263293028032], [-71.69942556081367, -33.432614088700824], [-71.69939935875345, -33.432525911883666], [-71.69936845580936, -33.43257298701008], [-71.69938826725465, -33.43263293028032]]], [[[-71.69943099562113, -33.43252444926629], [-71.69955897051483, -33.43240251591687], [-71.69947089698941, -33.43226965434116], [-71.69939263666018, -33.43238928936777], [-71.69943099562113, -33.43252444926629]]], [[[-71.69940511425948, -33.432268893418055], [-71.69943146903329, -33.43229049763516], [-71.69943906249237, -33.43223832604301], [-71.69941667737382, -33.43223792871354], [-71.69940511425948, -33.432268893418055]]], [[[-71.6994967684696, -33.40212775455507], [-71.69952145058035, -33.40212578521729], [-71.69953185396965, -33.402089777674774], [-71.69947126170541, -33.402089308213256], [-71.6994967684696, -33.40212775455507]]], [[[-71.69955121805391, -33.4026106699373], [-71.6995736391051, -33.40254482195201], [-71.69953142098169, -33.402522362906765], [-71.69951375381498, -33.402558052297756], [-71.69955121805391, -33.4026106699373]]], [[[-71.69963148611782, -33.40682111545231], [-71.6995762028969, -33.406930260747046], [-71.69977660715533, -33.40691516232403], [-71.69972038339833, -33.40672972611916], [-71.69963148611782, -33.40682111545231]]], [[[-71.69964539203842, -33.402243313960106], [-71.69966714025144, -33.40220169168376], [-71.69959070170559, -33.4021854645326], [-71.69960605391381, -33.40222663760425], [-71.69964539203842, -33.402243313960106]]], [[[-71.69970446165824, -33.40792230477682], [-71.6996402671497, -33.40800778824159], [-71.69983714552063, -33.40793611246738], [-71.69979919888642, -33.407904736393995], [-71.69970446165824, -33.40792230477682]]], [[[-71.69974453460473, -33.40192265895584], [-71.69969626093801, -33.4019204893794], [-71.6996876793321, -33.40194643880005], [-71.69973352125938, -33.40196655218307], [-71.69974453460473, -33.40192265895584]]], [[[-71.69974346650788, -33.43251950515449], [-71.69977271924678, -33.43251625006206], [-71.69979860240507, -33.432461800339375], [-71.69971849873286, -33.432484523774924], [-71.69974346650788, -33.43251950515449]]], [[[-71.69975015177022, -33.40169985524554], [-71.69973506187007, -33.401763636282894], [-71.69976944758251, -33.40180868899924], [-71.69982805546827, -33.40173584945071], [-71.69975015177022, -33.40169985524554]]], [[[-71.6997845455675, -33.403979968251726], [-71.69982128127273, -33.40396771827102], [-71.69983518988828, -33.403948451263865], [-71.69978676530455, -33.40395523056316], [-71.6997845455675, -33.403979968251726]]], [[[-71.69983514227756, -33.40416595926798], [-71.69985859998457, -33.40422090968536], [-71.69983507041235, -33.404094755024126], [-71.69981548713913, -33.40410985243748], [-71.69983514227756, -33.40416595926798]]], [[[-71.69983203141173, -33.40184131892537], [-71.69987025472707, -33.40183583460883], [-71.69992087209837, -33.40176209665324], [-71.69983436792978, -33.40177900707994], [-71.69983203141173, -33.40184131892537]]], [[[-71.69982757756455, -33.40153456038882], [-71.69984971205317, -33.40161566072482], [-71.69994242268204, -33.40153742667228], [-71.69984447667169, -33.401474079686366], [-71.69982757756455, -33.40153456038882]]], [[[-71.69992540050573, -33.40389961254631], [-71.6999504302645, -33.403977787477814], [-71.69985660482634, -33.40400630851663], [-71.69997194671218, -33.40398375910856], [-71.69992540050573, -33.40389961254631]]], [[[-71.69999487890476, -33.40600227802676], [-71.69989007156222, -33.406075766415114], [-71.69988624384082, -33.40618641470241], [-71.70005594997103, -33.40607322723964], [-71.69999487890476, -33.40600227802676]]], [[[-71.69997255487162, -33.40214721320019], [-71.69999176714062, -33.40207880982269], [-71.69988959006525, -33.40201662788706], [-71.69990796151113, -33.402081826825814], [-71.69997255487162, -33.40214721320019]]], [[[-71.70003990426343, -33.40128137464502], [-71.69993730138661, -33.40134324362985], [-71.70016031264747, -33.401427245678896], [-71.70021709246164, -33.40126320346282], [-71.70003990426343, -33.40128137464502]]], [[[-71.69997284053588, -33.403840374613466], [-71.70010008150598, -33.403871476933], [-71.70012779004092, -33.40375589569592], [-71.69999447286625, -33.40373065024473], [-71.69997284053588, -33.403840374613466]]], [[[-71.69998862393544, -33.43241694569508], [-71.6999978020227, -33.43238418856579], [-71.69995260688242, -33.43238627941486], [-71.69996000989869, -33.43239544571455], [-71.69998862393544, -33.43241694569508]]], [[[-71.70007884533267, -33.40481976011787], [-71.70000463460873, -33.40481123733355], [-71.69995777219532, -33.40499712908146], [-71.70016938922511, -33.40489650713446], [-71.70007884533267, -33.40481976011787]]], [[[-71.69999587872967, -33.40551892630143], [-71.69998884851427, -33.40547554555711], [-71.69996219280482, -33.405475827523006], [-71.69996145438965, -33.405497909350395], [-71.69999587872967, -33.40551892630143]]], [[[-71.70001244276519, -33.4321933243462], [-71.70003404185788, -33.4321771095457], [-71.70002375524956, -33.432158567738846], [-71.69999952139814, -33.43216919743566], [-71.70001244276519, -33.4321933243462]]], [[[-71.70003567319843, -33.3925240436046], [-71.70007509037478, -33.39250207398342], [-71.70003991594153, -33.392440579715135], [-71.70000256309369, -33.392487909079954], [-71.70003567319843, -33.3925240436046]]], [[[-71.70003901133802, -33.40187366686164], [-71.70006773317262, -33.40182533243794], [-71.70000504064726, -33.4018213307535], [-71.70000507208829, -33.401833853265344], [-71.70003901133802, -33.40187366686164]]], [[[-71.70005718335791, -33.40537464369782], [-71.70006597337299, -33.405362287426485], [-71.70001454661958, -33.40527896260206], [-71.70002483771948, -33.40533581033906], [-71.70005718335791, -33.40537464369782]]], [[[-71.70004388649508, -33.40197374860339], [-71.7000686674205, -33.4019818561996], [-71.70007134889163, -33.40191918073404], [-71.70002980180973, -33.40192068211399], [-71.70004388649508, -33.40197374860339]]], [[[-71.70004656077968, -33.43226401676267], [-71.70007491250836, -33.4322702016061], [-71.70008523325266, -33.43225355275634], [-71.70004970757812, -33.43224295080793], [-71.70004656077968, -33.43226401676267]]], [[[-71.70014444031473, -33.3921700599196], [-71.70020574314634, -33.39214773319734], [-71.70018856825644, -33.392088947768215], [-71.70011190513176, -33.39211113275094], [-71.70014444031473, -33.3921700599196]]], [[[-71.70013388151688, -33.406057575238286], [-71.70026116380947, -33.40603476539588], [-71.70015843067695, -33.405839966233295], [-71.70012038163478, -33.405897090318405], [-71.70013388151688, -33.406057575238286]]], [[[-71.7001717401162, -33.400543956069846], [-71.7002140345964, -33.40049079346324], [-71.70014157379066, -33.400437625574426], [-71.70013046702047, -33.400492255120376], [-71.7001717401162, -33.400543956069846]]], [[[-71.70016931466493, -33.405666326781656], [-71.7002666067018, -33.40561649990099], [-71.70018653986051, -33.40554518960905], [-71.70016140230392, -33.4055600490493], [-71.70016931466493, -33.405666326781656]]], [[[-71.70033849528072, -33.40411551884126], [-71.7002515967517, -33.40413351319557], [-71.70029837202856, -33.40424341778623], [-71.70036130620072, -33.4041633270465], [-71.70033849528072, -33.40411551884126]]], [[[-71.70027111265125, -33.40104400305963], [-71.70040393395591, -33.401035028436425], [-71.7003448778108, -33.4008774440411], [-71.70026097067169, -33.40093687973063], [-71.70027111265125, -33.40104400305963]]], [[[-71.70041403371464, -33.4316638607031], [-71.7003482105605, -33.43176580256454], [-71.70049456678154, -33.43181989212688], [-71.7005012762984, -33.431680745066444], [-71.70041403371464, -33.4316638607031]]], [[[-71.70055368670702, -33.39976177671543], [-71.70045248520206, -33.399965312255254], [-71.70070043100026, -33.40000046422769], [-71.70073168069403, -33.39981562822966], [-71.70055368670702, -33.39976177671543]]], [[[-71.70053023888147, -33.392125638226965], [-71.70056926708732, -33.39209115434136], [-71.70052394528459, -33.39204634034516], [-71.70054096296934, -33.39207244871964], [-71.70053023888147, -33.392125638226965]]], [[[-71.70054020479124, -33.431652317080434], [-71.70056453027082, -33.43166252476762], [-71.70058251544113, -33.43164085067365], [-71.70053845756802, -33.43162577229015], [-71.70054020479124, -33.431652317080434]]], [[[-71.70066769728963, -33.40397376564464], [-71.7008089358085, -33.40397927682341], [-71.70082893500165, -33.40372503031115], [-71.70056777857889, -33.403814685981956], [-71.70066769728963, -33.40397376564464]]], [[[-71.7005659990163, -33.404058039621745], [-71.70061323692553, -33.40404508397575], [-71.7005990767817, -33.403989632499155], [-71.7005515523099, -33.40399335136305], [-71.7005659990163, -33.404058039621745]]], [[[-71.70085566437294, -33.431382872238366], [-71.7008933307328, -33.43136971825339], [-71.70083218330973, -33.43133158622959], [-71.70082688235124, -33.43135211712981], [-71.70085566437294, -33.431382872238366]]], [[[-71.70097490764206, -33.422457873091446], [-71.70102597776427, -33.42240815331287], [-71.70091196179179, -33.4223906283475], [-71.70090489205049, -33.422410247401295], [-71.70097490764206, -33.422457873091446]]], [[[-71.70102285971193, -33.42239251325239], [-71.7010544615453, -33.422396310803286], [-71.70099081141585, -33.42235014786825], [-71.70098859886531, -33.42238006568164], [-71.70102285971193, -33.42239251325239]]], [[[-71.70103195156092, -33.42171622564468], [-71.7010662106109, -33.421728670311566], [-71.70106819319274, -33.42169525460001], [-71.70103276812952, -33.42169689359569], [-71.70103195156092, -33.42171622564468]]], [[[-71.7011110077975, -33.43090635875176], [-71.70113810188478, -33.43089294230311], [-71.70107961257663, -33.43086521876776], [-71.70107872593945, -33.43088618010033], [-71.7011110077975, -33.43090635875176]]], [[[-71.70118499573925, -33.422506031086684], [-71.7011208587229, -33.42251601492083], [-71.70114549322294, -33.42257275615639], [-71.7012135801316, -33.422527511773765], [-71.70118499573925, -33.422506031086684]]], [[[-71.70120496977958, -33.39169115391941], [-71.70123779332175, -33.39177774539343], [-71.70133177955837, -33.39170890633739], [-71.70122963751729, -33.39167964323434], [-71.70120496977958, -33.39169115391941]]], [[[-71.70119208524346, -33.43088664040995], [-71.70128053516297, -33.43102518899257], [-71.7013944352528, -33.43093053099474], [-71.70130608235135, -33.430862347454635], [-71.70119208524346, -33.43088664040995]]], [[[-71.70147538423967, -33.430796145293485], [-71.70149860479145, -33.43080458006308], [-71.7015007535616, -33.43076834525874], [-71.70146723292677, -33.430775601517], [-71.70147538423967, -33.430796145293485]]], [[[-71.70148980219999, -33.43084302493929], [-71.7015171684768, -33.43084556189118], [-71.70151542125356, -33.43081901685415], [-71.70148842957423, -33.430822167803264], [-71.70148980219999, -33.43084302493929]]], [[[-71.7015213483378, -33.431224229618806], [-71.70154826006709, -33.43122784311004], [-71.70155417726987, -33.43121143545957], [-71.7015149640111, -33.43119522422409], [-71.7015213483378, -33.431224229618806]]], [[[-71.70171571681584, -33.43090353167171], [-71.70174201140253, -33.4308907382149], [-71.70173470181106, -33.43085813794449], [-71.70170509603425, -33.43086789291228], [-71.70171571681584, -33.43090353167171]]], [[[-71.70177050596334, -33.430837643662215], [-71.70186186642437, -33.43080395182236], [-71.70184698762831, -33.43075993147699], [-71.70180003358672, -33.43076971119561], [-71.70177050596334, -33.430837643662215]]], [[[-71.70181883352899, -33.430848721085916], [-71.70177739604156, -33.43087346011059], [-71.70178780841402, -33.43089389890735], [-71.70183488821976, -33.43088601516855], [-71.70181883352899, -33.430848721085916]]], [[[-71.70191462807425, -33.430823367308015], [-71.70193985905564, -33.43082790443453], [-71.70195473695337, -33.43080766354056], [-71.70191514011397, -33.430796717307516], [-71.70191462807425, -33.430823367308015]]], [[[-71.70208441505285, -33.430867684498445], [-71.70211103572798, -33.43086872731734], [-71.70211685231945, -33.430865358959814], [-71.7020740440029, -33.43083988673568], [-71.70208441505285, -33.430867684498445]]], [[[-71.70224982633769, -33.41345712907135], [-71.70239148436978, -33.41353991666421], [-71.70230032243644, -33.413269248850014], [-71.70221484953379, -33.41331977469249], [-71.70224982633769, -33.41345712907135]]], [[[-71.70237513054005, -33.430012028260144], [-71.70241083857259, -33.43002135299675], [-71.70242684565262, -33.43000657046243], [-71.70239931678077, -33.42998936940096], [-71.70237513054005, -33.430012028260144]]], [[[-71.70245711079286, -33.39795402832977], [-71.70249224480195, -33.398014091497046], [-71.70256234573347, -33.39796354250265], [-71.7024681501894, -33.39789725301036], [-71.70245711079286, -33.39795402832977]]], [[[-71.70248203185548, -33.43087462887734], [-71.70247272980072, -33.430905489861345], [-71.70256261882129, -33.43089372273024], [-71.70253790526952, -33.4308528481306], [-71.70248203185548, -33.43087462887734]]], [[[-71.70248054604201, -33.43009916855173], [-71.70248417882901, -33.43011992165368], [-71.70249773620327, -33.43011929415766], [-71.70249889323337, -33.430098212688414], [-71.70248054604201, -33.43009916855173]]], [[[-71.7024863518537, -33.43103137992175], [-71.70250414747946, -33.43102817575236], [-71.70250544195179, -33.431015725671415], [-71.70248321044514, -33.43101298031098], [-71.7024863518537, -33.43103137992175]]], [[[-71.70252882240368, -33.43096565544159], [-71.70256246880265, -33.43096029441376], [-71.70248728610157, -33.43092003084248], [-71.70248351677064, -33.43093161654518], [-71.70252882240368, -33.43096565544159]]], [[[-71.70248830479112, -33.42565862757113], [-71.70250752873821, -33.42568556029979], [-71.70255729540493, -33.4256505214352], [-71.70253484920093, -33.425634663036135], [-71.70248830479112, -33.42565862757113]]], [[[-71.70252861848613, -33.39831382023325], [-71.70260470938395, -33.39830977638871], [-71.70260136405783, -33.39818342115193], [-71.70250656754084, -33.39828138247506], [-71.70252861848613, -33.39831382023325]]], [[[-71.70254843981286, -33.42966495062594], [-71.70265303605127, -33.429758358755315], [-71.70271152266449, -33.42955639393081], [-71.70267095833951, -33.42955154111348], [-71.70254843981286, -33.42966495062594]]], [[[-71.70255313171359, -33.43003114629315], [-71.70257095967871, -33.43002651766187], [-71.70256042244043, -33.430004182675816], [-71.70254937406075, -33.430008497185035], [-71.70255313171359, -33.43003114629315]]], [[[-71.70257257844287, -33.43111387787195], [-71.7025867619429, -33.43112273168616], [-71.70261551342186, -33.43111189194855], [-71.70260259205482, -33.431087764737384], [-71.70257257844287, -33.43111387787195]]], [[[-71.70259311123532, -33.42997146811833], [-71.7026168034026, -33.4299654375489], [-71.70262047032561, -33.42993426360651], [-71.7025957495873, -33.4299448470945], [-71.70259311123532, -33.42997146811833]]], [[[-71.70270077791538, -33.39824138723958], [-71.70278126157494, -33.398213870020875], [-71.70264526562408, -33.398175327450765], [-71.70264869179857, -33.398212465323304], [-71.70270077791538, -33.39824138723958]]], [[[-71.70267470251763, -33.42553319755354], [-71.7027069152054, -33.42552359268317], [-71.70268736157661, -33.42548509596824], [-71.70264998806753, -33.42550035085681], [-71.70267470251763, -33.42553319755354]]], [[[-71.70274547898222, -33.43102029202575], [-71.70277674125244, -33.431013139245], [-71.70276976583425, -33.43096523636532], [-71.70271649034801, -33.430993106058075], [-71.70274547898222, -33.43102029202575]]], [[[-71.70273577717715, -33.42903661839485], [-71.7027627697548, -33.42903346738096], [-71.70276931128673, -33.428995127411774], [-71.7027262523402, -33.42899521812623], [-71.70273577717715, -33.42903661839485]]], [[[-71.7028125094721, -33.431040012586266], [-71.7028442703073, -33.43104044440689], [-71.7028469167441, -33.431011793553566], [-71.70280385689928, -33.431011884265914], [-71.7028125094721, -33.431040012586266]]], [[[-71.70281503463637, -33.43009604156667], [-71.70283443824651, -33.43008849062076], [-71.70282099046668, -33.43005588555084], [-71.70279910660805, -33.43006787695494], [-71.70281503463637, -33.43009604156667]]], [[[-71.70288897317076, -33.42928645377511], [-71.7028484088458, -33.42928856044261], [-71.70284501860392, -33.42930473529875], [-71.70289500356127, -33.42932402441992], [-71.70288897317076, -33.42928645377511]]], [[[-71.70287223396376, -33.431120930186175], [-71.70288892645837, -33.431133470964255], [-71.70289997573636, -33.43112915576132], [-71.70288466934224, -33.43110323829992], [-71.70287223396376, -33.431120930186175]]], [[[-71.70287073826881, -33.43018255352864], [-71.7028853314006, -33.43019334015394], [-71.70291250004806, -33.43017835373162], [-71.70289030267737, -33.43015909928633], [-71.70287073826881, -33.43018255352864]]], [[[-71.70288784398845, -33.43030995077474], [-71.70290767519667, -33.43028670573177], [-71.70289402888918, -33.43026381228965], [-71.70288324641083, -33.43027030390093], [-71.70288784398845, -33.43030995077474]]], [[[-71.70292067381881, -33.42918994960776], [-71.70293895004328, -33.429185117761705], [-71.7029442986125, -33.42916792403451], [-71.70291257460822, -33.42916270384011], [-71.70292067381881, -33.42918994960776]]], [[[-71.70293110954748, -33.42935074834351], [-71.70296155614741, -33.42933622659172], [-71.70294977833571, -33.42928594247716], [-71.70291387896202, -33.42932075871179], [-71.70293110954748, -33.42935074834351]]], [[[-71.70300050080992, -33.430377684182496], [-71.70302013888033, -33.43037226239309], [-71.70302062037733, -33.43034438575375], [-71.70299251927861, -33.43035595204117], [-71.70300050080992, -33.430377684182496]]], [[[-71.70303792013308, -33.429251878931446], [-71.70305765342492, -33.42924898282474], [-71.70306307565599, -33.429219540441984], [-71.7030337016445, -33.429226466959854], [-71.70303792013308, -33.429251878931446]]], [[[-71.70304443381721, -33.430328380522305], [-71.70304957667221, -33.4303376519966], [-71.70307832994781, -33.43032681216092], [-71.70305850412949, -33.43030110287514], [-71.70304443381721, -33.430328380522305]]], [[[-71.70311169068253, -33.39715120943224], [-71.703186190664, -33.39712334462695], [-71.7031809849269, -33.397047123981594], [-71.7031122530279, -33.397100505439695], [-71.70311169068253, -33.39715120943224]]], [[[-71.7032889642207, -33.43095362667709], [-71.70326019926698, -33.430998700986855], [-71.70311679940156, -33.43109282438272], [-71.70322858575551, -33.431275935515515], [-71.7032889642207, -33.43095362667709]]], [[[-71.70318294145761, -33.42990658174805], [-71.70320624824764, -33.429903818359776], [-71.70319690217542, -33.42988065867368], [-71.70317565612065, -33.429884214494095], [-71.70318294145761, -33.42990658174805]]], [[[-71.70319313284449, -33.4305651735301], [-71.70320330806172, -33.430547585737855], [-71.70318807083787, -33.43054191281195], [-71.70318169998589, -33.430552981277046], [-71.70319313284449, -33.4305651735301]]], [[[-71.70323746560207, -33.428731012245464], [-71.70325569062257, -33.42870418242211], [-71.70321575062673, -33.42866553417706], [-71.7032062266881, -33.428690866094065], [-71.70323746560207, -33.428731012245464]]], [[[-71.70323800638789, -33.43024848926625], [-71.70326524779888, -33.430249130255824], [-71.7032607409511, -33.43021510532258], [-71.70323638313216, -33.430223840026905], [-71.70323800638789, -33.43024848926625]]], [[[-71.70325735340415, -33.42869734057967], [-71.70327788619662, -33.42867438599192], [-71.70326419317674, -33.42864589629478], [-71.70323790936983, -33.42866478971592], [-71.70325735340415, -33.42869734057967]]], [[[-71.70328290508411, -33.42951962181896], [-71.7033672748556, -33.42949289494853], [-71.70337821094586, -33.42945244926857], [-71.70327300475135, -33.42947253304117], [-71.70328290508411, -33.42951962181896]]], [[[-71.70335518443018, -33.428628209901674], [-71.70330125766536, -33.428662361408115], [-71.70329361479892, -33.4287282165823], [-71.70338559599581, -33.428681982043386], [-71.70335518443018, -33.428628209901674]]], [[[-71.70341221038274, -33.42605607471567], [-71.7034241274333, -33.42603684934522], [-71.70338807714263, -33.42603315241762], [-71.70339627337128, -33.426050907565084], [-71.70341221038274, -33.42605607471567]]], [[[-71.7034224475837, -33.43119088803296], [-71.7035580689371, -33.431081909672514], [-71.70351153890033, -33.43096044210253], [-71.70345260492611, -33.43097954343345], [-71.7034224475837, -33.43119088803296]]], [[[-71.7034233054748, -33.42937999276016], [-71.70345494054585, -33.42937852784065], [-71.70345269296101, -33.42934439910705], [-71.70342118275579, -33.42934775852717], [-71.7034233054748, -33.42937999276016]]], [[[-71.70347258525464, -33.428706858132664], [-71.70348307667886, -33.42869759997891], [-71.7034568593473, -33.42864512484391], [-71.70344820497785, -33.428691870703936], [-71.70347258525464, -33.428706858132664]]], [[[-71.70346565295561, -33.396845074074456], [-71.70357850650814, -33.39696283945459], [-71.70364204704312, -33.396884166222485], [-71.703564610469, -33.39677135363324], [-71.70346565295561, -33.396845074074456]]], [[[-71.70347253674564, -33.430850036042585], [-71.70349902985998, -33.43083930122755], [-71.70356951796539, -33.430670575010254], [-71.703483136866, -33.43070119916433], [-71.70347253674564, -33.430850036042585]]], [[[-71.70347999635575, -33.429518107421465], [-71.70352054451104, -33.429514328174946], [-71.70351352956699, -33.42947661591884], [-71.70348201846346, -33.429479976083535], [-71.70347999635575, -33.429518107421465]]], [[[-71.70353855483418, -33.42872686260865], [-71.70355814349728, -33.42871768842441], [-71.70355790274877, -33.42869907090762], [-71.70353799428544, -33.42870881637186], [-71.70353855483418, -33.42872686260865]]], [[[-71.70359105507434, -33.428938618284796], [-71.70361682504488, -33.42890813370407], [-71.70356935447201, -33.42889709951574], [-71.7035651099323, -33.428915045252644], [-71.70359105507434, -33.428938618284796]]], [[[-71.70366760860453, -33.39715841150122], [-71.70383322201029, -33.3970698784349], [-71.70367060089275, -33.39692457382334], [-71.70357682576022, -33.39705543153269], [-71.70366760860453, -33.39715841150122]]], [[[-71.70360249961105, -33.39639426587857], [-71.70367047333198, -33.39636974502682], [-71.70368083539879, -33.39632875742703], [-71.70361323178373, -33.396331117640095], [-71.70360249961105, -33.39639426587857]]], [[[-71.70361832253646, -33.42955354506544], [-71.70366264271765, -33.429538180683025], [-71.70364005817308, -33.429504992888035], [-71.70360942113031, -33.42952162577161], [-71.70361832253646, -33.42955354506544]]], [[[-71.70365100144987, -33.428659795153756], [-71.70367589735964, -33.428647964742616], [-71.70365932434098, -33.42862406025994], [-71.70363788155515, -33.42863863610993], [-71.70365100144987, -33.428659795153756]]], [[[-71.70390320346588, -33.39689928438829], [-71.70398776817179, -33.396599737519765], [-71.70378439498135, -33.396451742668035], [-71.70364873859367, -33.39658923996591], [-71.70390320346588, -33.39689928438829]]], [[[-71.70380360725035, -33.428243203272714], [-71.70383900626243, -33.42821331297018], [-71.70381015776539, -33.42815150885735], [-71.70378042802106, -33.42817235613916], [-71.70380360725035, -33.428243203272714]]], [[[-71.7037991722678, -33.42953642563165], [-71.70383319236589, -33.429536752501555], [-71.70384738754403, -33.42951137135111], [-71.70380106950965, -33.42949639905537], [-71.7037991722678, -33.42953642563165]]], [[[-71.70385099787315, -33.417264889013204], [-71.70379726334781, -33.4173647318299], [-71.70388971795684, -33.417446525204014], [-71.70411459591685, -33.41727312040011], [-71.70385099787315, -33.417264889013204]]], [[[-71.70384070317999, -33.42608109925453], [-71.70386161236655, -33.426066111372464], [-71.70385695190686, -33.426045713423854], [-71.70383109749466, -33.42606106867795], [-71.70384070317999, -33.42608109925453]]], [[[-71.7039225001765, -33.42595605595959], [-71.70393966608327, -33.425951385875734], [-71.70393424295389, -33.42593169564784], [-71.7039045446506, -33.42593940514896], [-71.7039225001765, -33.42595605595959]]], [[[-71.70406179923266, -33.39637824538955], [-71.70415167837179, -33.39631903532839], [-71.70396134153276, -33.396288835541725], [-71.7040076928048, -33.396352947545594], [-71.70406179923266, -33.39637824538955]]], [[[-71.7039795746381, -33.42609175668601], [-71.70400628244978, -33.42607648315808], [-71.70398975075362, -33.426059398275925], [-71.70396503540522, -33.42607536305928], [-71.7039795746381, -33.42609175668601]]], [[[-71.70422894157106, -33.39301178621552], [-71.70431050949718, -33.392868074607826], [-71.70409509349204, -33.39282208123304], [-71.7040968766479, -33.39290255068496], [-71.70422894157106, -33.39301178621552]]], [[[-71.7043266746807, -33.392839096902], [-71.70436636494492, -33.39274341025269], [-71.7042153141282, -33.39270972913311], [-71.70422368463002, -33.39277335776493], [-71.7043266746807, -33.392839096902]]], [[[-71.70427080485993, -33.425992683383356], [-71.70431084277214, -33.425953248211336], [-71.70424285737313, -33.425931812606144], [-71.7042462179706, -33.425984124440326], [-71.70427080485993, -33.425992683383356]]], [[[-71.70430661350379, -33.42590095510187], [-71.70432779398156, -33.4258997915163], [-71.70433181484076, -33.42585929692889], [-71.70430174912653, -33.42587013882196], [-71.70430661350379, -33.42590095510187]]], [[[-71.70435296387748, -33.429235869750066], [-71.70438208097079, -33.429212509714674], [-71.70432489242317, -33.42918364609155], [-71.70432244541236, -33.429214094589724], [-71.70435296387748, -33.429235869750066]]], [[[-71.70440553149129, -33.42922016419598], [-71.70444181085236, -33.42922038685817], [-71.70444520558583, -33.42920311216985], [-71.70441056205688, -33.42919330528536], [-71.70440553149129, -33.42922016419598]]], [[[-71.70461598250785, -33.39409695114808], [-71.70467494343154, -33.39401742331225], [-71.70451926449448, -33.393875783393455], [-71.70451368505823, -33.39391598089051], [-71.70461598250785, -33.39409695114808]]], [[[-71.70484160337462, -33.39407294640346], [-71.70472278321198, -33.39383603963372], [-71.70464169049465, -33.39382540449424], [-71.70465808115533, -33.39391378561386], [-71.70484160337462, -33.39407294640346]]], [[[-71.70490948456906, -33.3949710152892], [-71.70481824268565, -33.395018328276095], [-71.70504372880512, -33.39508163346827], [-71.70498673249698, -33.39498602803781], [-71.70490948456906, -33.3949710152892]]]]}, "properties": {"NOM": "L\u00edmite Urbano de El Quisco", "COM": "El Quisco", "REG": "Valpara\u00edso"}}, {"type": "Feature", "geometry": {"type": "Polygon", "coordinates": [[[-72.98258660819272, -41.29158709455269], [-72.99069959535754, -41.29174916418102], [-72.99143927804396, -41.29705406051316], [-72.9900215604558, -41.2995429523456], [-73.00904670856696, -41.2999289955702], [-73.00922875575255, -41.30199156518417], [-73.00969381177852, -41.31741520156046], [-72.99009727765447, -41.33604404633018], [-72.98667051117107, -41.34186999024642], [-72.96788884333284, -41.34169187885977], [-72.95877726105041, -41.34471469060136], [-72.9581953162397, -41.346566464321675], [-72.95119240511923, -41.34499174942849], [-72.93754761668933, -41.34998051987552], [-72.92525019428606, -41.350263617369144], [-72.92534809987227, -41.34573998473069], [-72.93079831524493, -41.34583957375943], [-72.93170165750139, -41.33744050519875], [-72.9368461546233, -41.33711613468743], [-72.9383872369511, -41.31103489760957], [-72.94262118912461, -41.30917705156906], [-72.94726505064713, -41.30961795617129], [-72.95062933031936, -41.31403832272481], [-72.9539805377076, -41.32464028887576], [-72.95780080940459, -41.327909678182706], [-72.97112413301512, -41.325466141698506], [-72.98238081134765, -41.316375885187874], [-72.97648193510126, -41.30982250571696], [-72.97779108320248, -41.295278526375064], [-72.97950621860814, -41.29195857748556], [-72.98258660819272, -41.29158709455269]], [[-72.9909855084512, -41.33360048509058], [-72.99099950599998, -41.33358315183873], [-72.9909718774151, -41.33357705211412], [-72.9909662117406, -41.33359163330831], [-72.9909855084512, -41.33360048509058]], [[-72.9869727888743, -41.34044753984904], [-72.98690764304989, -41.34035446319835], [-72.98681867570079, -41.340340227489826], [-72.98687295640181, -41.34044030633658], [-72.9869727888743, -41.34044753984904]], [[-72.93819225941532, -41.321037163670354], [-72.9382339133967, -41.32095042195761], [-72.93809378160229, -41.32090868237536], [-72.93809521531348, -41.321020950375754], [-72.93819225941532, -41.321037163670354]]]}, "properties": {"NOM": "L\u00edmite Urbano de Puerto Varas", "COM": "Puerto Varas", "REG": "Los Lagos"}}, {"type": "Feature", "geometry": {"type": "Polygon", "coordinates": [[[-71.28227194854789, -32.975013509315154], [-71.28115893950412, -32.97765388758703], [-71.28828964046532, -32.992777078424055], [-71.28385162878848, -32.99392405812876], [-71.2820418935969, -32.99810619761779], [-71.28536714147003, -33.00626242820437], [-71.28143679740467, -33.00834803240048], [-71.27851021376976, -33.00448232362062], [-71.27081537889497, -33.008985182286736], [-71.2742112837568, -33.01726588532033], [-71.27273647014752, -33.017897582113655], [-71.2786465834198, -33.02626335888744], [-71.27461734112984, -33.02684413928078], [-71.2725215365377, -33.02547921293459], [-71.27177724279892, -33.01837956631632], [-71.25525249778894, -33.02532769399049], [-71.25182310822491, -33.023541777010564], [-71.25057332439094, -33.01561043724676], [-71.24537607550057, -33.00808828526464], [-71.24997647293638, -33.006097967026754], [-71.25279939637738, -33.00174129377829], [-71.24683350760743, -32.98980898868149], [-71.2473430221551, -32.98762640155918], [-71.2495819041175, -32.98975053462339], [-71.25408886598397, -32.98850678970117], [-71.25593775873881, -32.98706902959465], [-71.25560061023292, -32.985389987370475], [-71.26117049557446, -32.98583234798122], [-71.26678128390586, -32.98214251848067], [-71.26655923923225, -32.97978448729896], [-71.26967693495226, -32.97996520587893], [-71.26890227007206, -32.97713588705917], [-71.27398655132384, -32.97661533861863], [-71.27606958636423, -32.97920232090943], [-71.2785963783752, -32.97776427211409], [-71.2800725511355, -32.974352254099394], [-71.28227194854789, -32.975013509315154]]]}, "properties": {"NOM": "Limiteurbano de Limache", "COM": "Limache", "REG": "Valpara\u00edso"}}]}